0.83455,0.00043186,0.010616,0.55084,0.047796,-0.060911,0.015191
0.83455,0.00043186,0.010616,0.55084,0.047796,-0.060911,0.015191
0.83455,0.00043186,0.010616,0.55084,0.047796,-0.060911,0.015191
0.83237,-0.0023616,0.0048834,0.5542,0.047918,-0.064544,0.01193
0.83024,-0.0056653,0.0021553,0.55738,0.046898,-0.066611,0.011974
0.83082,-0.0054437,0.0055309,0.55649,0.046837,-0.064993,0.013839
0.83322,-6.2048e-05,0.019367,0.5526,0.04665,-0.061443,0.018486
0.83257,0.00021353,0.016672,0.55366,0.047191,-0.061931,0.017316
0.81207,-0.001111,0.031374,0.58272,0.040674,-0.07334,0.022221
0.81456,-0.0013451,0.028138,0.5794,0.04401,-0.073221,0.020959
0.81309,0.021061,0.011532,0.58164,0.043026,-0.073366,0.013617
0.80067,0.027139,0.027271,0.59787,0.04307,-0.086466,0.020067
0.80321,0.029975,0.032055,0.59408,0.045147,-0.083827,0.021986
0.8058,0.028564,0.030402,0.59071,0.04506,-0.081844,0.021519
0.80405,0.036478,0.010529,0.59335,0.04491,-0.082554,0.012544
0.79902,0.054792,0.0028395,0.5988,0.030355,-0.091337,0.010964
0.78923,0.05335,0.0081173,0.61172,0.024854,-0.093906,0.013448
0.79084,0.050315,0.0094532,0.60988,0.027235,-0.093331,0.01219
0.79276,0.047061,0.0098232,0.60763,0.02798,-0.091705,0.012622
0.79537,0.044878,0.010237,0.60437,0.02885,-0.089853,0.012966
0.79686,0.042295,0.010358,0.60259,0.029279,-0.088504,0.013332
0.79863,0.040168,0.010726,0.60039,0.030026,-0.08711,0.013563
0.80002,0.038173,0.010856,0.59866,0.030612,-0.085894,0.013791
0.80154,0.036313,0.010481,0.59675,0.031187,-0.084827,0.013911
0.80091,0.038738,-0.0022352,0.59753,0.031627,-0.084755,0.01007
0.79964,0.040552,-0.014606,0.59893,0.022767,-0.080117,0.0061857
0.79893,0.042227,-0.026648,0.59934,0.014726,-0.075618,0.0030214
0.79965,0.03958,-0.025296,0.59863,0.01771,-0.07452,0.0028358
0.79878,0.041563,-0.035476,0.59913,0.019011,-0.075035,0.00093322
0.80005,0.039485,-0.034321,0.59765,0.021717,-0.074033,0.00086939
0.80112,0.037889,-0.033115,0.59639,0.022114,-0.073623,0.0014827
0.80205,0.0368,-0.032042,0.59526,0.022527,-0.073252,0.0020223
0.80303,0.035651,-0.030801,0.59407,0.022903,-0.072891,0.0025006
0.80402,0.034664,-0.029806,0.59285,0.023318,-0.072571,0.0029485
0.80485,0.033483,-0.028979,0.59182,0.023675,-0.072267,0.0033678
0.8057,0.032805,-0.027991,0.59075,0.024082,-0.071948,0.0037543
0.80638,0.031816,-0.027008,0.58992,0.024404,-0.071694,0.0041183
0.80718,0.030992,-0.026321,0.58891,0.024797,-0.071431,0.0043974
0.80782,0.030196,-0.025763,0.5881,0.025171,-0.071206,0.0046657
0.80849,0.029615,-0.025322,0.58722,0.025562,-0.070992,0.0049081
0.80925,0.029663,-0.023121,0.58625,0.025834,-0.07064,0.00532
0.80969,0.02907,-0.022577,0.5857,0.026026,-0.070495,0.0055367
0.81022,0.028451,-0.021904,0.58502,0.026366,-0.070304,0.0057302
0.81068,0.027917,-0.021096,0.58445,0.026662,-0.07013,0.0059599
0.81113,0.027462,-0.02075,0.58386,0.026995,-0.069984,0.0061352
0.8115,0.027145,-0.020301,0.58337,0.027335,-0.069798,0.0063237
0.81197,0.026565,-0.01988,0.58276,0.027614,-0.069663,0.0064686
0.81228,0.026071,-0.019454,0.58236,0.027913,-0.069518,0.0065977
0.8128,0.025653,-0.019222,0.58166,0.028224,-0.069385,0.0067145
0.81332,0.025377,-0.018814,0.58095,0.028508,-0.06923,0.0068505
0.81367,0.024944,-0.018433,0.5805,0.028745,-0.069111,0.0069976
0.81415,0.025193,-0.016781,0.57987,0.028951,-0.068893,0.0072941
0.81438,0.024553,-0.01625,0.57958,0.029064,-0.068815,0.0073693
0.81473,0.024117,-0.016072,0.57911,0.02933,-0.068727,0.0074421
0.81497,0.023678,-0.015877,0.57881,0.029586,-0.068638,0.0075302
0.81524,0.023418,-0.015674,0.57843,0.029819,-0.06856,0.0076233
0.81546,0.022924,-0.015462,0.57815,0.030037,-0.068501,0.0077119
0.81578,0.022602,-0.015163,0.57772,0.030288,-0.068396,0.0077836
0.81595,0.022177,-0.014902,0.57751,0.0305,-0.068317,0.0078819
0.81617,0.021794,-0.014761,0.57721,0.030724,-0.06824,0.0079425
0.8164,0.02166,-0.014515,0.5769,0.030936,-0.068169,0.0080147
0.81662,0.021318,-0.014254,0.57661,0.031125,-0.068098,0.0080878
0.8169,0.020904,-0.01406,0.57622,0.031327,-0.068024,0.0081377
0.81724,0.020636,-0.013973,0.57576,0.031517,-0.067951,0.0081759
0.81754,0.020381,-0.013881,0.57535,0.031713,-0.067872,0.0082233
0.81775,0.020135,-0.013739,0.57505,0.031895,-0.067807,0.0082785
0.818,0.019883,-0.01345,0.57471,0.032061,-0.06774,0.0083419
0.8182,0.019654,-0.013237,0.57444,0.032241,-0.067642,0.0083875
0.81835,0.019486,-0.01305,0.57423,0.032395,-0.067584,0.008422
0.81857,0.019258,-0.013002,0.57393,0.03256,-0.067541,0.0084491
0.81869,0.018954,-0.012813,0.57378,0.032714,-0.067504,0.0084916
0.81884,0.018869,-0.01269,0.57357,0.03287,-0.067456,0.0085095
0.81904,0.018611,-0.01263,0.5733,0.033033,-0.067391,0.0085364
0.8193,0.018545,-0.012445,0.57293,0.033187,-0.067343,0.0085859
0.81952,0.018339,-0.012316,0.57263,0.033317,-0.0673,0.0086407
0.8197,0.018128,-0.012252,0.57237,0.033451,-0.067267,0.008672
0.81997,0.017873,-0.012067,0.572,0.033601,-0.067199,0.0087145
0.82003,0.017663,-0.01199,0.57193,0.033736,-0.067163,0.0087401
0.82015,0.017458,-0.011811,0.57176,0.033861,-0.067137,0.0087662
0.82027,0.017296,-0.011696,0.5716,0.033981,-0.067106,0.0087919
0.82038,0.017116,-0.011446,0.57145,0.034098,-0.067067,0.0088255
0.82055,0.017094,-0.011304,0.57121,0.034232,-0.067017,0.008852
0.82061,0.016816,-0.011227,0.57114,0.034351,-0.066971,0.008869
0.82071,0.016921,-0.010161,0.57101,0.034437,-0.066919,0.0090299
0.82075,0.016804,-0.010053,0.57095,0.034518,-0.06691,0.009039
0.82089,0.016807,-0.0098965,0.57075,0.03464,-0.066879,0.0090675
0.82103,0.016734,-0.0097148,0.57056,0.034745,-0.066837,0.0090888
0.82099,0.016577,-0.0096298,0.57062,0.03485,-0.066806,0.0090988
0.82109,0.01646,-0.0095816,0.57048,0.034955,-0.066781,0.0091132
0.82118,0.016288,-0.0095339,0.57036,0.03505,-0.066759,0.0091304
0.82131,0.016172,-0.0094515,0.57018,0.035153,-0.066738,0.0091577
0.82142,0.015991,-0.0093516,0.57002,0.035254,-0.0667,0.0091874
0.82147,0.015782,-0.0092633,0.56996,0.035365,-0.06666,0.0092027
0.82159,0.015788,-0.0091455,0.56978,0.035471,-0.066632,0.0092221
0.82158,0.01575,-0.0091539,0.56981,0.035562,-0.066607,0.0092412
0.82165,0.015623,-0.0090191,0.56971,0.035655,-0.066583,0.009271
0.82178,0.015483,-0.0088714,0.56953,0.035739,-0.066552,0.0093045
0.82181,0.015289,-0.0087043,0.56949,0.03584,-0.066507,0.0093192
0.82183,0.015177,-0.0086879,0.56946,0.035917,-0.066501,0.0093195
0.8219,0.015083,-0.0084894,0.56937,0.036,-0.06648,0.0093473
0.82199,0.01501,-0.0083482,0.56924,0.036073,-0.066456,0.0093655
0.82206,0.014878,-0.0083091,0.56914,0.036152,-0.066436,0.0093803
0.82215,0.014722,-0.0082557,0.56902,0.036259,-0.066383,0.00939
0.82228,0.01476,-0.0082425,0.56883,0.036352,-0.06635,0.0093967
0.82238,0.014876,-0.0081133,0.56869,0.036436,-0.066319,0.0094065
0.82254,0.014862,-0.0080552,0.56846,0.036513,-0.066284,0.0094359
0.82264,0.014928,-0.0074643,0.56832,0.036572,-0.066256,0.0095181
0.82275,0.014992,-0.006831,0.56817,0.036602,-0.066145,0.0095683
0.82286,0.014971,-0.0068097,0.568,0.036662,-0.066127,0.0095933
0.82297,0.014917,-0.006762,0.56784,0.036737,-0.066101,0.0096152
0.82298,0.014795,-0.0067267,0.56784,0.0368,-0.066098,0.0096321
0.82296,0.014665,-0.0066764,0.56788,0.036854,-0.066101,0.0096431
0.82298,0.014478,-0.0066576,0.56784,0.036935,-0.066064,0.0096481
0.82302,0.014348,-0.0066719,0.5678,0.037,-0.066053,0.0096588
0.8231,0.014412,-0.0060825,0.56768,0.03707,-0.066016,0.0097466
0.82309,0.014283,-0.006103,0.5677,0.037121,-0.066026,0.0097663
0.82314,0.014216,-0.006022,0.56763,0.037193,-0.066018,0.0097873
0.82322,0.014061,-0.0059942,0.56751,0.037279,-0.06597,0.0097944
0.8232,0.013955,-0.0059792,0.56755,0.037343,-0.06596,0.0098176
0.8233,0.013874,-0.0059393,0.56741,0.037411,-0.065938,0.0098334
0.82335,0.013784,-0.0058878,0.56733,0.037468,-0.065919,0.0098514
0.82337,0.013648,-0.0058571,0.5673,0.037523,-0.065907,0.0098614
0.82342,0.013472,-0.0058652,0.56724,0.037602,-0.065862,0.0098596
0.82353,0.013444,-0.0058582,0.56708,0.037669,-0.065842,0.0098693
0.82358,0.013461,-0.0058291,0.56702,0.037718,-0.065836,0.009867
0.82368,0.013471,-0.0057887,0.56686,0.037781,-0.065823,0.009879
0.82378,0.013431,-0.0057724,0.56672,0.037835,-0.065808,0.0098979
0.82381,0.013231,-0.0057391,0.56668,0.037904,-0.065769,0.0099066
0.82382,0.013122,-0.0056979,0.56668,0.03795,-0.065768,0.0099147
0.82388,0.01321,-0.0051431,0.56659,0.037997,-0.065741,0.010001
0.82392,0.013226,-0.0051879,0.56653,0.038044,-0.065737,0.010017
0.82401,0.013279,-0.0046943,0.5664,0.038102,-0.065715,0.010094
0.82406,0.013193,-0.0046688,0.56634,0.038169,-0.065676,0.0101
0.8241,0.013138,-0.0046226,0.56627,0.038222,-0.065662,0.010114
0.82417,0.013051,-0.0046078,0.56617,0.038276,-0.065647,0.010126
0.82418,0.012956,-0.0045876,0.56616,0.038313,-0.065645,0.01013
0.82425,0.012923,-0.004543,0.56607,0.038366,-0.065635,0.010143
0.82425,0.012801,-0.0045532,0.56606,0.038429,-0.065602,0.010133
0.82432,0.012757,-0.0045051,0.56596,0.038489,-0.065584,0.010138
0.82436,0.01274,-0.0044627,0.5659,0.038534,-0.065576,0.010144
0.82442,0.012801,-0.0039344,0.56583,0.038578,-0.065557,0.010206
0.82447,0.012811,-0.0038813,0.56575,0.038613,-0.065548,0.010212
0.82448,0.012683,-0.0037548,0.56574,0.038679,-0.065512,0.010224
0.82451,0.012652,-0.0037512,0.56569,0.038723,-0.065507,0.01023
0.82456,0.012609,-0.0037196,0.56562,0.038767,-0.065501,0.010235
0.82462,0.012693,-0.0032364,0.56553,0.038815,-0.065481,0.010296
0.82465,0.012639,-0.0031671,0.56549,0.038839,-0.065475,0.010302
0.82472,0.012578,-0.0031815,0.56539,0.038908,-0.065435,0.010299
0.82474,0.012585,-0.0031512,0.56536,0.038947,-0.065433,0.010307
0.82477,0.012567,-0.0031344,0.56532,0.03899,-0.065427,0.010311
0.82483,0.01255,-0.0031047,0.56524,0.039034,-0.065415,0.010318
0.8249,0.01257,-0.0030362,0.56513,0.039078,-0.065398,0.010328
0.82496,0.012519,-0.003034,0.56505,0.03914,-0.065356,0.010323
0.82495,0.012422,-0.003001,0.56505,0.039175,-0.065352,0.010326
0.82501,0.012394,-0.0029883,0.56497,0.039218,-0.065341,0.010329
0.82506,0.012361,-0.0029802,0.5649,0.039261,-0.065327,0.010331
0.82508,0.012291,-0.0029994,0.56487,0.0393,-0.065318,0.010335
0.82513,0.012185,-0.0030035,0.5648,0.039364,-0.065273,0.010328
0.8251,0.01208,-0.0030066,0.56485,0.039398,-0.065271,0.010322
0.8251,0.011996,-0.0030237,0.56485,0.039432,-0.065266,0.010316
0.82515,0.011932,-0.003021,0.56478,0.039475,-0.065254,0.010315
0.82518,0.01189,-0.0030144,0.56474,0.039513,-0.065244,0.010315
0.82522,0.011756,-0.0030269,0.56469,0.039574,-0.065201,0.010305
0.82526,0.011731,-0.0029973,0.56462,0.039616,-0.06519,0.010312
0.82529,0.011715,-0.0029966,0.56457,0.039652,-0.065179,0.010313
0.8253,0.011673,-0.002874,0.56456,0.039682,-0.065171,0.010327
0.82536,0.011644,-0.0028496,0.56448,0.03972,-0.065156,0.010336
0.82541,0.011588,-0.0028559,0.5644,0.03978,-0.065113,0.010332
0.82545,0.011602,-0.0028303,0.56435,0.039814,-0.065101,0.010336
0.82546,0.011587,-0.0028312,0.56433,0.039848,-0.065097,0.010333
0.82551,0.011619,-0.002811,0.56426,0.039882,-0.065086,0.010336
0.82551,0.011607,-0.0028448,0.56426,0.039909,-0.065086,0.010331
0.82553,0.011514,-0.0028713,0.56423,0.039964,-0.065049,0.010314
0.82554,0.011485,-0.0029248,0.56423,0.039996,-0.065044,0.010311
0.82556,0.011466,-0.00293,0.56419,0.040027,-0.065037,0.010315
0.82559,0.011446,-0.0029292,0.56414,0.040058,-0.065026,0.010323
0.82564,0.011503,-0.0025332,0.56407,0.040088,-0.065006,0.010377
0.82568,0.01145,-0.0024901,0.56402,0.040135,-0.06496,0.010376
0.82572,0.011419,-0.0024938,0.56396,0.040167,-0.064946,0.010384
0.82573,0.011372,-0.0025118,0.56395,0.040195,-0.064942,0.010386
0.82575,0.011339,-0.0025555,0.56392,0.040224,-0.064934,0.010379
0.82575,0.01132,-0.0025748,0.56392,0.04025,-0.064932,0.010378
0.82578,0.011235,-0.0026253,0.56387,0.040303,-0.064894,0.010367
0.82577,0.011166,-0.002625,0.56389,0.040324,-0.064894,0.010367
0.82581,0.011181,-0.0026155,0.56383,0.040357,-0.064888,0.010371
0.82583,0.01116,-0.0025644,0.56381,0.040382,-0.064882,0.010378
0.82585,0.011195,-0.002492,0.56377,0.04041,-0.064874,0.010379
0.82585,0.011103,-0.0025457,0.56377,0.040455,-0.064845,0.01037
0.82586,0.011069,-0.0025494,0.56376,0.04048,-0.064843,0.01037
0.82587,0.011008,-0.0025699,0.56375,0.040506,-0.064837,0.010366
0.82586,0.010923,-0.0025552,0.56376,0.040526,-0.064834,0.010367
0.82591,0.010908,-0.002525,0.56369,0.040562,-0.064823,0.010373
0.82596,0.010851,-0.002526,0.56362,0.040613,-0.064777,0.01037
0.82599,0.01085,-0.0025233,0.56358,0.040639,-0.06477,0.01037
0.82597,0.010779,-0.0024875,0.56361,0.040661,-0.064769,0.010373
0.82601,0.010783,-0.002444,0.56354,0.040693,-0.064759,0.010385
0.82606,0.010758,-0.0023993,0.56347,0.040719,-0.064747,0.010388
0.82607,0.010641,-0.0024242,0.56346,0.040769,-0.06471,0.010383
0.82605,0.010666,-0.0021152,0.56349,0.040788,-0.064708,0.010423
0.82605,0.010667,-0.0021383,0.56349,0.040814,-0.064707,0.010426
0.82606,0.010639,-0.0021444,0.56347,0.040841,-0.064702,0.010425
0.82608,0.010592,-0.002071,0.56346,0.040865,-0.064699,0.010432
0.82606,0.010462,-0.0019764,0.56349,0.04091,-0.064662,0.010435
0.82605,0.01043,-0.0019838,0.56349,0.040934,-0.064662,0.010434
0.82608,0.010439,-0.0019715,0.56345,0.040962,-0.064652,0.010438
0.8261,0.010402,-0.0019743,0.56342,0.040986,-0.064645,0.010439
0.8261,0.010384,-0.0019563,0.56342,0.041011,-0.064642,0.010436
0.82609,0.010294,-0.0018524,0.56343,0.041057,-0.064605,0.010445
0.82612,0.010336,-0.0018246,0.56339,0.041082,-0.064598,0.010448
0.82613,0.010343,-0.001847,0.56337,0.041105,-0.064595,0.010445
0.8261,0.010354,-0.0017653,0.56342,0.041123,-0.064601,0.010455
0.82608,0.010293,-0.0017514,0.56345,0.041138,-0.064603,0.01046
0.8261,0.010214,-0.0017682,0.56342,0.041185,-0.064565,0.010454
0.82612,0.0102,-0.0017673,0.56339,0.041206,-0.064561,0.010454
0.82612,0.010217,-0.001736,0.5634,0.041227,-0.064557,0.010462
0.82614,0.010273,-0.0016263,0.56337,0.041247,-0.06455,0.010477
0.82614,0.010288,-0.0013114,0.56337,0.041253,-0.064537,0.010504
0.82613,0.010173,-0.0013059,0.56338,0.041292,-0.0645,0.010502
0.82613,0.010171,-0.001337,0.56338,0.041312,-0.064496,0.010499
0.82612,0.010176,-0.001365,0.5634,0.041328,-0.064498,0.010497
0.82611,0.010126,-0.0013832,0.56341,0.041345,-0.064496,0.010496
0.82611,0.010121,-0.0014198,0.56342,0.041361,-0.064496,0.010495
0.82612,0.01009,-0.0011504,0.56341,0.041405,-0.064458,0.010531
0.8261,0.010072,-0.0012062,0.56343,0.041427,-0.064465,0.010534
0.82608,0.010036,-0.0012419,0.56347,0.041442,-0.064465,0.010534
0.82609,0.010028,-0.0012469,0.56345,0.041462,-0.06446,0.010538
0.82607,0.0099906,-0.0012838,0.56347,0.041481,-0.064459,0.010537
0.82606,0.0098893,-0.0012863,0.5635,0.041521,-0.064425,0.010532
0.82605,0.0098826,-0.0012805,0.56351,0.04154,-0.064423,0.010535
0.82607,0.0098409,-0.0012751,0.56349,0.041561,-0.064418,0.010536
0.82605,0.0097687,-0.0012738,0.56351,0.041577,-0.064417,0.010534
0.82606,0.0097532,-0.0012781,0.56349,0.041599,-0.064411,0.010535
0.82607,0.0096552,-0.0012733,0.56348,0.041643,-0.064373,0.01053
0.82609,0.0096777,-0.0012599,0.56345,0.041665,-0.064369,0.010532
0.82611,0.0096661,-0.0012832,0.56343,0.041685,-0.064364,0.010533
0.82613,0.0096545,-0.0012562,0.5634,0.041706,-0.064357,0.010536
0.82612,0.0096574,-0.0011733,0.56341,0.041724,-0.064355,0.010543
0.82612,0.0095623,-0.0011889,0.56341,0.041767,-0.064322,0.010536
0.82611,0.0095686,-0.0011109,0.56343,0.041785,-0.064321,0.01054
0.82612,0.0095257,-0.0010264,0.56342,0.041801,-0.064316,0.010542
0.82611,0.0094969,-0.0010374,0.56343,0.041817,-0.064316,0.01054
0.8261,0.0094961,-0.00077793,0.56344,0.041836,-0.064314,0.010571
0.82611,0.0094287,-0.00073871,0.56343,0.041874,-0.064272,0.010569
0.82609,0.0094624,-0.00050409,0.56345,0.041883,-0.064265,0.010594
0.82612,0.0094663,-0.00047929,0.56341,0.041901,-0.064261,0.010596
0.82611,0.0094299,-0.00047429,0.56343,0.041915,-0.06426,0.010596
0.82607,0.0093811,-0.00043885,0.56349,0.041927,-0.064261,0.010599
0.82607,0.0093056,-0.00037548,0.56348,0.041971,-0.064222,0.010599
0.82604,0.0092741,-0.00037646,0.56354,0.041986,-0.064221,0.010599
0.82606,0.009264,-0.00038625,0.56351,0.042007,-0.064216,0.010604
0.82607,0.0092588,-0.0003961,0.56348,0.042025,-0.06421,0.010605
0.82605,0.0092194,-0.00036676,0.56353,0.042041,-0.06421,0.010611
0.82606,0.0091428,-0.0003937,0.56351,0.042085,-0.064172,0.010606
0.82606,0.0091377,-0.0003573,0.56351,0.042104,-0.064168,0.010614
0.82602,0.0091279,-0.00036012,0.56356,0.04212,-0.064169,0.010617
0.82604,0.0091542,-0.00038077,0.56353,0.042138,-0.064166,0.010619
0.82606,0.0091529,-0.00032177,0.56351,0.042155,-0.064162,0.010628
0.82605,0.0090748,-0.0002963,0.56352,0.042197,-0.064124,0.010631
0.82604,0.0090431,-0.00032112,0.56353,0.042213,-0.064124,0.010632
0.82604,0.009043,-0.00026984,0.56354,0.042229,-0.064125,0.010639
0.82603,0.0090311,-0.00026839,0.56355,0.042243,-0.064125,0.010639
0.826,0.0090064,-0.00024653,0.5636,0.042254,-0.064127,0.010643
0.82603,0.0089598,-7.0966e-05,0.56356,0.042299,-0.064082,0.010663
0.82601,0.0089385,1.1372e-05,0.56359,0.042308,-0.064077,0.010666
0.82599,0.0089112,8.3762e-06,0.56361,0.042322,-0.06408,0.010666
0.82599,0.0089137,3.6452e-05,0.56361,0.042338,-0.064077,0.010674
0.82601,0.0088976,1.1126e-05,0.56359,0.042354,-0.064077,0.010673
0.826,0.0088141,3.4606e-05,0.5636,0.042399,-0.06404,0.010675
0.826,0.0087994,2.6459e-05,0.5636,0.042415,-0.064038,0.010676
0.826,0.0087773,2.487e-05,0.56361,0.042429,-0.064037,0.010676
0.82598,0.0087355,6.5452e-05,0.56363,0.042442,-0.064036,0.010678
0.82598,0.0087201,0.00012106,0.56363,0.042456,-0.064035,0.010684
0.82599,0.0086294,0.00018788,0.56362,0.0425,-0.063994,0.010689
0.82599,0.0086132,0.00027269,0.56362,0.042512,-0.063992,0.010699
0.82599,0.0086205,0.0002696,0.56361,0.042526,-0.063991,0.0107
0.826,0.0086001,0.00033462,0.5636,0.042543,-0.063988,0.010711
0.82601,0.0085989,0.00034354,0.56359,0.042557,-0.063987,0.010709
0.82603,0.0085145,0.0003446,0.56357,0.0426,-0.063949,0.010703
0.82604,0.0085057,0.00036138,0.56354,0.042613,-0.063948,0.010704
0.82604,0.0084838,0.00042847,0.56355,0.042627,-0.063946,0.010709
0.82603,0.0084577,0.00048271,0.56356,0.042638,-0.063946,0.010712
0.82603,0.008456,0.00049237,0.56356,0.042651,-0.063949,0.01071
0.82603,0.0083291,0.00049454,0.56356,0.042697,-0.063908,0.010706
0.82602,0.0082931,0.00050657,0.56359,0.04271,-0.063909,0.010708
0.826,0.00828,0.00053733,0.56361,0.042724,-0.06391,0.010711
0.826,0.0082579,0.00063646,0.56361,0.042738,-0.063909,0.01072
0.82598,0.0082229,0.00064951,0.56364,0.042749,-0.063912,0.010722
0.82597,0.0081556,0.00068066,0.56365,0.042792,-0.063875,0.010723
0.82598,0.0081377,0.00068473,0.56363,0.042808,-0.063873,0.010726
0.82597,0.0080973,0.00069349,0.56365,0.042824,-0.06387,0.010732
0.82597,0.0080824,0.00072494,0.56365,0.042838,-0.063867,0.010738
0.82597,0.0080543,0.00073709,0.56365,0.042853,-0.063865,0.010741
0.82599,0.0079695,0.00080977,0.56363,0.0429,-0.063822,0.010747
0.826,0.0079707,0.00080618,0.56361,0.042914,-0.06382,0.010748
0.82597,0.0079347,0.00081359,0.56366,0.042929,-0.063821,0.010748
0.82596,0.0079165,0.00081931,0.56367,0.042942,-0.06382,0.010752
0.82597,0.0079038,0.000881,0.56365,0.042957,-0.063817,0.010756
0.82598,0.0078108,0.00089286,0.56364,0.043001,-0.063777,0.010752
0.82598,0.0077963,0.00092573,0.56365,0.043014,-0.063778,0.010754
0.82597,0.0077794,0.00093189,0.56365,0.043028,-0.063777,0.010756
0.82597,0.0077489,0.00099074,0.56366,0.043042,-0.063776,0.010759
0.82595,0.0077141,0.0010414,0.56369,0.043054,-0.063774,0.010764
0.82595,0.0076043,0.001117,0.56369,0.043098,-0.063733,0.010766
0.82595,0.0075947,0.0011391,0.56369,0.043112,-0.063729,0.010768
0.82595,0.007567,0.0011997,0.56369,0.043126,-0.063728,0.010772
0.82595,0.0075513,0.001241,0.5637,0.04314,-0.063725,0.010775
0.82596,0.0075717,0.0012694,0.56367,0.043153,-0.063724,0.010773
0.82598,0.007494,0.0012326,0.56365,0.043195,-0.063681,0.01077
0.82597,0.0074657,0.0012749,0.56366,0.043207,-0.06368,0.010774
0.82595,0.0074668,0.0012923,0.5637,0.043222,-0.063679,0.010776
0.82593,0.0074532,0.0012858,0.56372,0.043233,-0.06368,0.010776
0.82592,0.0074349,0.0013317,0.56374,0.043247,-0.063679,0.010784
0.82591,0.0073537,0.0014063,0.56376,0.043287,-0.063638,0.01078
0.82592,0.0073475,0.0014065,0.56374,0.043299,-0.063637,0.01078
0.82594,0.007376,0.0014772,0.56371,0.043315,-0.063633,0.010789
0.82594,0.0073788,0.0014811,0.56371,0.043328,-0.063631,0.010788
0.82592,0.007328,0.0014862,0.56374,0.043342,-0.06363,0.010791
0.82593,0.0072507,0.0015369,0.56373,0.043387,-0.063588,0.010793
0.82593,0.0072512,0.0016195,0.56372,0.043401,-0.063584,0.010802
0.82592,0.0072167,0.0016947,0.56373,0.043411,-0.063581,0.010808
0.82591,0.007188,0.0017659,0.56375,0.043422,-0.063577,0.010814
0.8259,0.0071447,0.0017697,0.56378,0.043434,-0.063578,0.010814
0.82589,0.0070782,0.0017792,0.56378,0.043479,-0.063537,0.010811
0.82589,0.0070669,0.0018366,0.56379,0.043491,-0.063535,0.010817
0.82588,0.0070402,0.0018959,0.5638,0.043504,-0.063532,0.010823
0.82586,0.007009,0.0019505,0.56383,0.043514,-0.06353,0.01083
0.82585,0.0070088,0.0019572,0.56384,0.043525,-0.06353,0.010833
0.82585,0.0069232,0.0019849,0.56385,0.043569,-0.063489,0.010832
0.82586,0.0069389,0.0020795,0.56383,0.043581,-0.063486,0.01084
0.82587,0.0069422,0.0021873,0.56382,0.043591,-0.063482,0.010846
0.82588,0.0069276,0.0022065,0.56379,0.043602,-0.063478,0.01085
0.82587,0.006907,0.0022697,0.56381,0.043615,-0.063476,0.010855
0.82589,0.0068384,0.0022827,0.56378,0.04366,-0.063433,0.010851
0.82588,0.00682,0.0023212,0.5638,0.043672,-0.063432,0.010854
0.82588,0.0068184,0.0023648,0.56379,0.043684,-0.06343,0.010859
0.82588,0.0068164,0.002358,0.5638,0.043698,-0.063428,0.010859
0.82587,0.006827,0.0023446,0.56381,0.043708,-0.06343,0.010857
0.82587,0.0067324,0.002359,0.56381,0.043753,-0.063388,0.010855
0.82588,0.006721,0.0023905,0.5638,0.043765,-0.063384,0.01086
0.8259,0.0067173,0.002418,0.56378,0.043776,-0.06338,0.010861
0.8259,0.0067089,0.0024276,0.56377,0.043789,-0.063378,0.010862
0.82588,0.0066881,0.0024111,0.5638,0.043801,-0.063379,0.01086
0.8259,0.0065963,0.0024034,0.56378,0.043845,-0.063336,0.010853
0.82589,0.0065636,0.0024028,0.56379,0.043855,-0.063335,0.010853
0.82589,0.0065556,0.0024255,0.56379,0.043866,-0.063334,0.010854
0.82588,0.0065405,0.0024446,0.56381,0.043877,-0.063333,0.010855
0.82587,0.0065288,0.0024263,0.56382,0.043889,-0.063333,0.010854
0.82588,0.0064447,0.0024612,0.56381,0.043935,-0.063289,0.010855
0.82586,0.0064364,0.0024596,0.56383,0.043946,-0.063289,0.010855
0.82585,0.0064322,0.0025171,0.56385,0.043958,-0.063289,0.010862
0.82585,0.0064349,0.0025544,0.56385,0.043969,-0.063287,0.010867
0.82585,0.0064196,0.0026123,0.56385,0.04398,-0.063283,0.010874
0.82587,0.0063431,0.0026235,0.56382,0.044024,-0.063238,0.010872
0.82585,0.0063182,0.0026834,0.56385,0.044037,-0.063238,0.01088
0.82583,0.0063109,0.0027273,0.56388,0.044048,-0.063235,0.010885
0.82581,0.0063104,0.0027583,0.5639,0.044059,-0.063234,0.010892
0.82579,0.0063111,0.0027618,0.56393,0.044069,-0.063235,0.010891
0.82578,0.00623,0.0027618,0.56395,0.044112,-0.063194,0.01089
0.8258,0.0062202,0.0028006,0.56393,0.044123,-0.063192,0.010894
0.82579,0.0062167,0.0028286,0.56393,0.044135,-0.063189,0.010897
0.82577,0.0062157,0.0028447,0.56397,0.044146,-0.063192,0.010897
0.82577,0.0062122,0.0028501,0.56396,0.044158,-0.06319,0.010899
0.82579,0.0061281,0.0028358,0.56394,0.0442,-0.063148,0.010894
0.82578,0.006114,0.0028723,0.56395,0.04421,-0.063148,0.0109
0.82578,0.0060923,0.0029249,0.56395,0.044216,-0.063149,0.010906
0.82577,0.0060756,0.0029352,0.56397,0.044225,-0.063148,0.010907
0.82577,0.006081,0.0029321,0.56397,0.044236,-0.063147,0.010908
0.82575,0.0059846,0.0029338,0.564,0.044279,-0.063107,0.010905
0.82575,0.0060027,0.0029946,0.564,0.04429,-0.063106,0.010912
0.82575,0.0060229,0.0030291,0.56399,0.0443,-0.063103,0.010913
0.82575,0.0060137,0.003056,0.564,0.044309,-0.063103,0.010916
0.82575,0.006023,0.0031044,0.56399,0.044318,-0.063103,0.010922
0.82575,0.0059148,0.0031196,0.564,0.044361,-0.063062,0.01092
0.82574,0.0058905,0.0031618,0.56401,0.044368,-0.063063,0.010922
0.82573,0.005867,0.0031832,0.56403,0.044378,-0.063063,0.010925
0.82572,0.005849,0.0031833,0.56404,0.044389,-0.063062,0.010926
0.82571,0.0058323,0.0031833,0.56406,0.044399,-0.063062,0.010928
0.82571,0.0057421,0.0031625,0.56406,0.044443,-0.06302,0.010925
0.8257,0.005733,0.0031985,0.56407,0.044454,-0.063018,0.010931
0.8257,0.0057218,0.0032575,0.56407,0.044463,-0.063015,0.010936
0.8257,0.0057125,0.0032595,0.56408,0.044474,-0.063016,0.010937
0.8257,0.0057034,0.0032885,0.56407,0.044485,-0.063013,0.010942
0.8257,0.0056113,0.0032705,0.56408,0.044531,-0.062969,0.01094
0.82568,0.0055909,0.0032757,0.5641,0.04454,-0.062971,0.010942
0.82568,0.0055895,0.0033031,0.5641,0.04455,-0.062969,0.010945
0.82566,0.0055647,0.0033115,0.56413,0.04456,-0.06297,0.010948
0.82565,0.0055864,0.0033604,0.56415,0.044569,-0.062972,0.010953
0.82565,0.00549,0.0033612,0.56415,0.044613,-0.06293,0.010952
0.82564,0.005491,0.0033823,0.56416,0.044621,-0.06293,0.010954
0.82564,0.005477,0.0033717,0.56416,0.044632,-0.062929,0.010955
0.82563,0.0054702,0.0033619,0.56417,0.044643,-0.062928,0.010955
0.82563,0.0054702,0.0033619,0.56417,0.044653,-0.062926,0.010957
0.82563,0.0053925,0.0033567,0.56418,0.044698,-0.062883,0.010955
0.82564,0.0053862,0.0033754,0.56416,0.044708,-0.06288,0.010958
0.82562,0.0053651,0.003383,0.56419,0.044718,-0.06288,0.010962
0.82561,0.0053595,0.0033779,0.5642,0.044726,-0.062881,0.010962
0.82561,0.0053844,0.0033909,0.56421,0.044736,-0.062882,0.010962
0.82562,0.0053089,0.0033831,0.56419,0.04478,-0.062837,0.010961
0.82563,0.0053229,0.0034154,0.56417,0.044788,-0.062836,0.010963
0.82565,0.0053181,0.0034307,0.56415,0.044796,-0.062834,0.010966
0.82565,0.005316,0.0034571,0.56414,0.044803,-0.062834,0.010969
0.82565,0.0053247,0.0034605,0.56415,0.044811,-0.062834,0.01097
0.82566,0.0052483,0.0035112,0.56413,0.044855,-0.062789,0.010973
0.82567,0.0052617,0.0034922,0.56412,0.044866,-0.062788,0.010974
0.82568,0.0052691,0.0035469,0.56411,0.044875,-0.062787,0.010979
0.82567,0.0052848,0.0035304,0.56412,0.044885,-0.062786,0.010981
0.82567,0.0052902,0.0035437,0.56412,0.044894,-0.062785,0.010984
0.82567,0.005224,0.0035403,0.56411,0.044939,-0.062742,0.010984
0.82567,0.005245,0.0035181,0.56411,0.044947,-0.06274,0.010985
0.82566,0.005259,0.003505,0.56413,0.044957,-0.062741,0.010985
0.82564,0.0052669,0.0034974,0.56417,0.044966,-0.062743,0.010987
0.82563,0.0052689,0.0034761,0.56418,0.044974,-0.062744,0.010987
0.82562,0.0051862,0.0034552,0.56419,0.045016,-0.062702,0.010986
0.82561,0.0052004,0.0034855,0.56421,0.045025,-0.062701,0.010991
0.82561,0.0052189,0.0034803,0.56421,0.045033,-0.0627,0.010992
0.82561,0.0052512,0.0035153,0.56421,0.045041,-0.062698,0.010995
0.82558,0.0052422,0.0035546,0.56424,0.045048,-0.062699,0.010998
0.82558,0.0051788,0.0035559,0.56425,0.045092,-0.062655,0.010999
0.82558,0.0051761,0.0035684,0.56425,0.0451,-0.062653,0.011002
0.82559,0.0051909,0.0035783,0.56424,0.045108,-0.062651,0.011004
0.82558,0.0052103,0.0035613,0.56425,0.045116,-0.062651,0.011003
0.82558,0.0052223,0.0035501,0.56425,0.045123,-0.062651,0.011003
0.82559,0.0051405,0.0035242,0.56423,0.045168,-0.062605,0.011002
0.82558,0.0051403,0.0035689,0.56424,0.045177,-0.062603,0.011006
0.82559,0.0051315,0.0035549,0.56424,0.045184,-0.062601,0.011008
0.82558,0.0051334,0.0035713,0.56426,0.045191,-0.062602,0.01101
0.82558,0.0051371,0.0035768,0.56425,0.045198,-0.062601,0.011013
0.8256,0.0050747,0.0035598,0.56422,0.045241,-0.062557,0.011012
0.82559,0.0050989,0.0036083,0.56423,0.04525,-0.062558,0.011015
0.8256,0.0051292,0.0036409,0.56422,0.045257,-0.062553,0.01102
0.8256,0.0051522,0.0036319,0.56423,0.045267,-0.062551,0.011022
0.82559,0.005175,0.0036108,0.56424,0.045276,-0.062551,0.011021
0.82559,0.0051159,0.0036393,0.56424,0.045319,-0.06251,0.011022
0.82559,0.005135,0.0036396,0.56424,0.045328,-0.062507,0.011024
0.82557,0.0051494,0.0036788,0.56427,0.045337,-0.062508,0.011028
0.82557,0.0051714,0.0036868,0.56426,0.045345,-0.062506,0.011032
0.82556,0.0051895,0.0036676,0.56427,0.045353,-0.062506,0.011031
0.82557,0.0051201,0.0036914,0.56427,0.045395,-0.062463,0.011033
0.82556,0.0051291,0.003662,0.56428,0.045404,-0.062463,0.011033
0.82555,0.0051372,0.0036711,0.5643,0.045413,-0.062463,0.011037
0.82555,0.0051687,0.0037256,0.56429,0.04542,-0.062461,0.011043
0.82553,0.0051584,0.0037472,0.56432,0.045427,-0.06246,0.011047
0.82552,0.0050954,0.0037717,0.56434,0.045467,-0.06242,0.011047
0.82551,0.0051161,0.0037436,0.56435,0.045476,-0.062419,0.011047
0.82552,0.0051369,0.0037806,0.56434,0.045482,-0.062419,0.01105
0.82552,0.0051478,0.003789,0.56434,0.045488,-0.062419,0.011051
0.82552,0.0051529,0.0037937,0.56434,0.045495,-0.062417,0.011054
0.82551,0.0050782,0.003759,0.56436,0.045537,-0.062377,0.011052
0.8255,0.0050883,0.0037681,0.56436,0.045545,-0.062379,0.011053
0.82552,0.0051307,0.0038303,0.56434,0.045552,-0.062378,0.011058
0.82551,0.0051347,0.0038609,0.56435,0.045559,-0.062376,0.01106
0.82551,0.0051301,0.0038755,0.56434,0.045565,-0.062374,0.011062
0.82553,0.0050664,0.0038473,0.56432,0.045604,-0.062332,0.01106
0.82553,0.0050822,0.0038607,0.56433,0.045611,-0.062332,0.011061
0.82553,0.0050846,0.003892,0.56433,0.045616,-0.062332,0.011064
0.82552,0.0050986,0.0038996,0.56434,0.045622,-0.062331,0.011063
0.82551,0.0050975,0.0038852,0.56435,0.045629,-0.062331,0.011062
0.82552,0.0050584,0.0039409,0.56434,0.045671,-0.06229,0.011065
0.82552,0.0050532,0.0039653,0.56434,0.045679,-0.062286,0.011067
0.82551,0.0050577,0.0039428,0.56435,0.045687,-0.062286,0.011067
0.82551,0.0050605,0.0039258,0.56436,0.045694,-0.062285,0.011067
0.82551,0.0050635,0.0039695,0.56436,0.045701,-0.062285,0.011071
0.82551,0.0050109,0.0040034,0.56436,0.04574,-0.062243,0.01107
0.82551,0.005017,0.0039927,0.56436,0.045747,-0.062243,0.011071
0.8255,0.0050192,0.0039725,0.56436,0.045755,-0.062243,0.011071
0.8255,0.0050192,0.0039725,0.56436,0.04576,-0.062242,0.011074
0.8255,0.0050244,0.0039653,0.56436,0.045768,-0.06224,0.011077
0.82551,0.0049566,0.0039554,0.56435,0.04581,-0.062197,0.011076
0.8255,0.0049633,0.0039965,0.56436,0.045817,-0.062196,0.011081
0.82549,0.0049499,0.0039874,0.56438,0.045824,-0.062196,0.011082
0.82548,0.0049527,0.0040318,0.56439,0.045833,-0.062196,0.011088
0.82548,0.0049566,0.0040319,0.5644,0.045841,-0.062195,0.011089
0.82548,0.0048901,0.0040607,0.5644,0.045883,-0.062154,0.011094
0.82548,0.0048925,0.004054,0.5644,0.045891,-0.062153,0.011096
0.82548,0.0048954,0.0040808,0.5644,0.045898,-0.062151,0.0111
0.82547,0.0049081,0.0040658,0.56441,0.045905,-0.062152,0.0111
0.82546,0.0049019,0.0040321,0.56443,0.045913,-0.062152,0.011102
0.82546,0.0048419,0.0040111,0.56442,0.045953,-0.062112,0.0111
0.82545,0.0048449,0.0040399,0.56445,0.04596,-0.062113,0.011103
0.82544,0.0048488,0.0040172,0.56446,0.045967,-0.062114,0.011104
0.82543,0.0048626,0.0040605,0.56446,0.045973,-0.062115,0.011108
0.82544,0.0048762,0.0040529,0.56446,0.045979,-0.062115,0.011109
0.82546,0.0048164,0.0040539,0.56443,0.046015,-0.062074,0.011109
0.82547,0.0048215,0.0040514,0.56441,0.046018,-0.062074,0.011112
0.82547,0.0048345,0.004149,0.5644,0.046023,-0.062071,0.011121
0.82547,0.0048475,0.0041599,0.5644,0.046028,-0.062069,0.011122
0.82547,0.0048406,0.0041439,0.56441,0.046033,-0.06207,0.011123
0.82547,0.0047619,0.0041203,0.56441,0.046073,-0.06203,0.011121
0.82547,0.0047561,0.0041126,0.56442,0.04608,-0.06203,0.011122
0.82546,0.0047661,0.0041038,0.56442,0.046087,-0.062029,0.011123
0.82547,0.0047648,0.0040843,0.56442,0.046092,-0.062028,0.011124
0.82546,0.0047622,0.0040655,0.56442,0.046098,-0.062028,0.011125
0.82547,0.0046872,0.0040297,0.56441,0.046136,-0.061987,0.011123
0.82547,0.0046776,0.0040016,0.56441,0.046143,-0.061985,0.011123
0.82547,0.0046743,0.0039796,0.56441,0.046149,-0.061983,0.011123
0.82548,0.0046752,0.0039482,0.5644,0.046153,-0.061983,0.011123
0.82548,0.0046658,0.0039263,0.5644,0.046158,-0.061981,0.011123
0.82549,0.0045904,0.0039065,0.56439,0.046196,-0.061942,0.01112
0.82549,0.0045874,0.0038887,0.56438,0.046202,-0.061941,0.011121
0.8255,0.0045918,0.0038947,0.56438,0.046208,-0.06194,0.011124
0.8255,0.0045967,0.003909,0.56437,0.046214,-0.061938,0.011126
0.82549,0.0045985,0.003945,0.56438,0.046219,-0.061938,0.011129
0.82551,0.0045375,0.0039279,0.56436,0.046258,-0.061898,0.011128
0.82551,0.0045483,0.0039081,0.56435,0.046264,-0.061897,0.011129
0.82552,0.004565,0.0039472,0.56434,0.046269,-0.061896,0.011134
0.82551,0.004564,0.0039324,0.56435,0.046276,-0.061896,0.011136
0.82552,0.0045626,0.0039202,0.56434,0.046281,-0.061895,0.011136
0.82553,0.0044939,0.0039071,0.56433,0.046319,-0.061855,0.011135
0.82552,0.0044868,0.0038847,0.56435,0.046325,-0.061855,0.011135
0.82552,0.004492,0.0038796,0.56434,0.04633,-0.061856,0.011135
0.82551,0.004482,0.0038713,0.56436,0.046336,-0.061856,0.011136
0.82551,0.0044892,0.0038633,0.56436,0.046342,-0.061855,0.011136
0.82552,0.004421,0.0038641,0.56435,0.046378,-0.061815,0.011137
0.82551,0.004417,0.0038856,0.56436,0.046384,-0.061815,0.011139
0.82551,0.004428,0.0038771,0.56436,0.046389,-0.061815,0.011139
0.82551,0.0044358,0.0038833,0.56435,0.046394,-0.061813,0.01114
0.82551,0.0044358,0.0038833,0.56435,0.046399,-0.061813,0.011141
0.82552,0.0043482,0.0038447,0.56435,0.046436,-0.061774,0.011141
0.82552,0.004356,0.0038479,0.56434,0.04644,-0.061774,0.011143
0.82552,0.0043607,0.0038507,0.56434,0.046445,-0.061773,0.011144
0.82552,0.0043803,0.0038446,0.56434,0.046448,-0.061774,0.011143
0.82552,0.0043843,0.0038732,0.56434,0.046453,-0.061774,0.011146
0.82553,0.004315,0.0038437,0.56432,0.04649,-0.061735,0.011143
0.82553,0.0043191,0.0038768,0.56433,0.046495,-0.061735,0.011145
0.82554,0.0043208,0.0038834,0.56432,0.0465,-0.061733,0.011146
0.82554,0.0043253,0.0038796,0.56431,0.046504,-0.061732,0.011147
0.82555,0.0043315,0.0038693,0.5643,0.046509,-0.06173,0.011148
0.82556,0.0042584,0.0038474,0.56429,0.046546,-0.06169,0.011147
0.82557,0.0042723,0.003865,0.56427,0.046549,-0.061689,0.011149
0.82557,0.0042741,0.0038706,0.56426,0.046553,-0.061688,0.011152
0.82558,0.0042819,0.0038629,0.56425,0.046557,-0.061686,0.011155
0.82559,0.0042944,0.003894,0.56425,0.046562,-0.061685,0.011157
0.82559,0.0042152,0.0038643,0.56424,0.046598,-0.061647,0.011156
0.8256,0.0042251,0.0039296,0.56423,0.046604,-0.061646,0.011163
0.8256,0.0042311,0.0039241,0.56422,0.046608,-0.061645,0.011164
0.8256,0.0042259,0.0039228,0.56422,0.046613,-0.061644,0.011166
0.8256,0.0042148,0.0039059,0.56423,0.046619,-0.061642,0.011166
0.82559,0.0041391,0.0038983,0.56424,0.046657,-0.061605,0.011166
0.82559,0.0041404,0.0038882,0.56424,0.046662,-0.061605,0.011168
0.8256,0.0041436,0.0039214,0.56423,0.046665,-0.061604,0.011171
0.8256,0.0041441,0.0038998,0.56423,0.04667,-0.061604,0.011172
0.8256,0.0041577,0.0038923,0.56422,0.046674,-0.061603,0.011174
0.82561,0.0040781,0.0038518,0.56422,0.04671,-0.061565,0.011172
0.82561,0.0040818,0.0038332,0.56421,0.046714,-0.061564,0.011172
0.82562,0.0040908,0.0038284,0.5642,0.046718,-0.061562,0.011173
0.82562,0.0040991,0.0037992,0.56419,0.046721,-0.061561,0.011175
0.82562,0.004103,0.0037819,0.5642,0.046726,-0.061561,0.011176
0.82563,0.0040233,0.0037475,0.56419,0.046761,-0.061523,0.011175
0.82563,0.0040188,0.0037367,0.56418,0.046766,-0.061522,0.011177
0.82564,0.0040284,0.0037877,0.56417,0.04677,-0.061521,0.011182
0.82564,0.0040255,0.0037828,0.56417,0.046774,-0.06152,0.011184
0.82564,0.0040313,0.00381,0.56417,0.046778,-0.061519,0.011187
0.82565,0.0039582,0.0037855,0.56416,0.046814,-0.061484,0.011185
0.82565,0.0039643,0.003842,0.56416,0.046819,-0.061484,0.01119
0.82565,0.0039661,0.0038464,0.56416,0.046822,-0.061483,0.011193
0.82565,0.0039703,0.003849,0.56415,0.046825,-0.061483,0.011195
0.82565,0.0039703,0.0038324,0.56415,0.04683,-0.061483,0.011196
0.82566,0.0039005,0.0038725,0.56415,0.046866,-0.061447,0.011197
0.82566,0.0039098,0.0038561,0.56414,0.046871,-0.061448,0.011198
0.82566,0.0039175,0.0039094,0.56414,0.046876,-0.061447,0.011203
0.82566,0.0039175,0.0038827,0.56414,0.046882,-0.061447,0.011207
0.82566,0.0039229,0.0038636,0.56414,0.046886,-0.061447,0.011208
0.82566,0.0038529,0.0039023,0.56414,0.046922,-0.061411,0.01121
0.82566,0.0038535,0.0038867,0.56414,0.046927,-0.061411,0.011213
0.82566,0.0038452,0.0038645,0.56414,0.04693,-0.061411,0.011215
0.82567,0.0038589,0.0039424,0.56412,0.046933,-0.06141,0.011221
0.82568,0.003876,0.0040171,0.56411,0.04693,-0.061404,0.011221
0.82569,0.0038015,0.0040243,0.56409,0.046962,-0.061368,0.011219
0.8257,0.0038156,0.0040976,0.56408,0.046963,-0.061366,0.011223
0.8257,0.0038179,0.0040813,0.56408,0.046968,-0.061367,0.011226
0.8257,0.0038123,0.004073,0.56408,0.046973,-0.061366,0.011227
0.8257,0.0038123,0.004073,0.56408,0.046977,-0.061366,0.011228
0.82571,0.003731,0.0040427,0.56406,0.04701,-0.061332,0.011227
0.82571,0.003721,0.0040366,0.56406,0.047014,-0.061332,0.01123
0.82571,0.0037227,0.0040452,0.56406,0.047018,-0.061332,0.011231
0.82571,0.003728,0.0040946,0.56407,0.047023,-0.061331,0.011234
0.82571,0.0037247,0.0041347,0.56407,0.047024,-0.061329,0.011237
0.82572,0.0036414,0.0041114,0.56406,0.047058,-0.061297,0.011236
0.82572,0.0036419,0.004095,0.56405,0.047061,-0.061297,0.011237
0.82572,0.0036434,0.0040855,0.56405,0.047065,-0.061297,0.011238
0.82572,0.0036512,0.0040655,0.56405,0.047069,-0.061297,0.011238
0.82572,0.0036554,0.0041077,0.56405,0.047072,-0.061296,0.011243
0.82573,0.0035857,0.0040803,0.56405,0.047105,-0.061265,0.011241
0.82573,0.0035904,0.0041597,0.56403,0.047108,-0.061263,0.011248
0.82574,0.003587,0.004145,0.56402,0.047112,-0.061265,0.01125
0.82574,0.0035835,0.0042092,0.56402,0.047116,-0.061263,0.011255
0.82575,0.0035863,0.0042926,0.56401,0.047114,-0.061259,0.011257
0.82576,0.0035116,0.004341,0.56399,0.04714,-0.061225,0.011255
0.82577,0.0035074,0.0043273,0.56398,0.047144,-0.061225,0.011258
0.82577,0.0035082,0.0043678,0.56398,0.047148,-0.061225,0.011262
0.82578,0.0035123,0.0043619,0.56397,0.047152,-0.061224,0.011263
0.82578,0.0035151,0.0043793,0.56397,0.047156,-0.061223,0.011264
0.82579,0.0034387,0.0043683,0.56395,0.047187,-0.061192,0.011263
0.82579,0.0034388,0.0043581,0.56395,0.047189,-0.061192,0.011265
0.82579,0.0034321,0.0043556,0.56395,0.047194,-0.061191,0.011268
0.82579,0.0034238,0.0043462,0.56395,0.047198,-0.061191,0.011269
0.8258,0.0034265,0.0043925,0.56394,0.0472,-0.061191,0.011274
0.82581,0.0033503,0.0043783,0.56392,0.04723,-0.06116,0.011271
0.82581,0.0033457,0.0043653,0.56392,0.047234,-0.06116,0.011273
0.82582,0.0033481,0.0044085,0.56391,0.047237,-0.06116,0.011277
0.82582,0.0033545,0.0044578,0.56391,0.047238,-0.061158,0.011279
0.82582,0.0033549,0.0044666,0.56391,0.04724,-0.061158,0.011281
0.82583,0.0032795,0.0044526,0.56389,0.047271,-0.061127,0.011278
0.82583,0.003284,0.0044474,0.56389,0.047274,-0.061127,0.011279
0.82583,0.0032864,0.0044381,0.56389,0.047277,-0.061127,0.011281
0.82584,0.0032863,0.0044482,0.56388,0.047281,-0.061126,0.011282
0.82583,0.0032884,0.0044878,0.56389,0.047284,-0.061125,0.011285
0.82584,0.0032159,0.0044713,0.56387,0.047314,-0.061097,0.011283
0.82584,0.0032225,0.0044671,0.56387,0.047316,-0.061097,0.011284
0.82584,0.0032217,0.0044572,0.56387,0.04732,-0.061097,0.011285
0.82584,0.0032165,0.0044396,0.56387,0.047323,-0.061096,0.011287
0.82584,0.003224,0.0044346,0.56387,0.047327,-0.061098,0.011287
0.82585,0.0031503,0.0044664,0.56386,0.047356,-0.061068,0.011287
0.82585,0.0031512,0.0044439,0.56387,0.04736,-0.06107,0.011289
0.82585,0.003156,0.0044557,0.56386,0.047363,-0.06107,0.011291
0.82585,0.0031582,0.0044444,0.56386,0.047367,-0.06107,0.011292
0.82585,0.0031604,0.0044286,0.56386,0.047369,-0.06107,0.011294
0.82587,0.0030914,0.0044015,0.56384,0.047397,-0.061042,0.01129
0.82587,0.0030914,0.0044015,0.56384,0.047401,-0.061042,0.011292
0.82587,0.0030865,0.0044344,0.56384,0.047404,-0.061042,0.011297
0.82587,0.0030865,0.0044344,0.56384,0.047407,-0.061042,0.011299
0.82587,0.0030879,0.0044367,0.56383,0.04741,-0.061042,0.011301
0.82588,0.0029986,0.0043979,0.56383,0.047438,-0.061015,0.011298
0.82588,0.0030023,0.0043878,0.56381,0.047441,-0.061015,0.011298
0.82589,0.0029978,0.0043704,0.56381,0.047444,-0.061014,0.011301
0.82589,0.002995,0.0043527,0.56381,0.047446,-0.061015,0.011302
0.82589,0.0030036,0.0043925,0.5638,0.047447,-0.061015,0.011306
0.8259,0.0029227,0.0043885,0.56379,0.047475,-0.060987,0.011305
0.82591,0.0029295,0.0043987,0.56378,0.047476,-0.060988,0.011307
0.82591,0.0029343,0.0044491,0.56378,0.047476,-0.060987,0.011311
0.82591,0.002916,0.0044433,0.56377,0.047477,-0.060989,0.011315
0.82591,0.0029122,0.0044378,0.56377,0.047479,-0.06099,0.011317
0.82592,0.0028445,0.0044348,0.56376,0.047506,-0.060964,0.011315
0.82592,0.0028424,0.0044317,0.56376,0.04751,-0.060964,0.011318
0.82592,0.0028541,0.0044455,0.56377,0.047513,-0.060965,0.011319
0.82592,0.0028589,0.0044462,0.56376,0.047514,-0.060966,0.011321
0.82592,0.0028577,0.0044493,0.56376,0.047518,-0.060966,0.011323
0.82593,0.0027826,0.004455,0.56375,0.047545,-0.060939,0.011321
0.82593,0.0027909,0.0044682,0.56375,0.047547,-0.060939,0.011322
0.82593,0.0027959,0.0044685,0.56375,0.047549,-0.06094,0.011324
0.82593,0.0027982,0.0044545,0.56375,0.047552,-0.060941,0.011325
0.82594,0.0028009,0.0044548,0.56374,0.047553,-0.06094,0.011327
0.82595,0.0027316,0.0044561,0.56372,0.047579,-0.060914,0.011325
0.82596,0.0027365,0.0044461,0.56371,0.04758,-0.060914,0.011326
0.82595,0.0027313,0.0044125,0.56371,0.047581,-0.060915,0.011326
0.82596,0.0027292,0.004395,0.56371,0.047584,-0.060915,0.011328
0.82596,0.0027285,0.0043751,0.56371,0.047586,-0.060915,0.01133
0.82596,0.002654,0.0043649,0.5637,0.047612,-0.06089,0.011327
0.82596,0.0026488,0.0044131,0.5637,0.047615,-0.06089,0.011331
0.82595,0.0026315,0.0044043,0.56372,0.047619,-0.06089,0.011333
0.82595,0.0026305,0.0043874,0.56372,0.047621,-0.06089,0.011334
0.82595,0.0026292,0.0043724,0.56373,0.047624,-0.060891,0.011335
0.82595,0.0025558,0.0043464,0.56372,0.04765,-0.060866,0.011331
0.82596,0.0025594,0.0043608,0.56371,0.047651,-0.060866,0.011334
0.82596,0.0025519,0.0043383,0.56371,0.047655,-0.060866,0.011335
0.82596,0.0025571,0.0043464,0.5637,0.047657,-0.060866,0.011338
0.82597,0.0025657,0.0043651,0.5637,0.047658,-0.060865,0.01134
0.82598,0.0025009,0.0043815,0.56367,0.047681,-0.060839,0.011337
0.82599,0.0024986,0.0043929,0.56366,0.047682,-0.060839,0.011338
0.826,0.0024987,0.0043781,0.56365,0.047682,-0.06084,0.01134
0.82601,0.0025054,0.0044025,0.56363,0.047683,-0.060839,0.011342
0.82602,0.0025113,0.0044057,0.56362,0.047683,-0.060838,0.011344
0.82603,0.0024405,0.004409,0.5636,0.047708,-0.060815,0.01134
0.82603,0.0024382,0.004393,0.5636,0.04771,-0.060815,0.011341
0.82603,0.0024367,0.0043866,0.5636,0.047712,-0.060816,0.011343
0.82605,0.0024457,0.0044024,0.56358,0.047712,-0.060816,0.011344
0.82606,0.0024504,0.0043898,0.56357,0.047712,-0.060816,0.011346
0.82607,0.0023839,0.0043752,0.56354,0.047735,-0.060792,0.011342
0.82608,0.002385,0.0043891,0.56354,0.047736,-0.060793,0.011343
0.82608,0.0023896,0.0043861,0.56353,0.047739,-0.060794,0.011344
0.82609,0.0024001,0.0043947,0.56352,0.047739,-0.060794,0.011346
0.82609,0.0024043,0.0043853,0.56351,0.04774,-0.060794,0.011347
0.82611,0.0023319,0.0043869,0.56349,0.047765,-0.060771,0.011343
0.82611,0.0023365,0.004375,0.56349,0.047766,-0.060772,0.011344
0.82611,0.0023378,0.004384,0.56349,0.047768,-0.060772,0.011346
0.82611,0.0023403,0.0043742,0.56348,0.047769,-0.060773,0.011348
0.82611,0.0023304,0.0043722,0.56348,0.047772,-0.060774,0.01135
0.82612,0.0022467,0.0043728,0.56347,0.047796,-0.06075,0.011347
0.82613,0.0022461,0.0043594,0.56346,0.047798,-0.06075,0.011349
0.82613,0.0022467,0.0043621,0.56346,0.047799,-0.060751,0.011351
0.82613,0.0022499,0.004395,0.56346,0.0478,-0.060751,0.011355
0.82613,0.0022491,0.004401,0.56346,0.047802,-0.060751,0.011357
0.82614,0.0021823,0.0043773,0.56345,0.047826,-0.060728,0.011352
0.82614,0.0021844,0.0043791,0.56344,0.047826,-0.060728,0.011355
0.82615,0.0021923,0.0043651,0.56343,0.047827,-0.060729,0.011356
0.82615,0.002191,0.0043672,0.56343,0.047828,-0.060729,0.011358
0.82615,0.0021951,0.0043425,0.56343,0.047831,-0.060729,0.011359
0.82616,0.0021252,0.0043315,0.56341,0.047854,-0.060707,0.011355
0.82616,0.0021218,0.0043243,0.56341,0.047856,-0.060707,0.011357
0.82616,0.0021164,0.0043234,0.56341,0.047859,-0.060707,0.011359
0.82616,0.0021242,0.0043316,0.56341,0.047861,-0.060708,0.011362
0.82616,0.0021333,0.0043264,0.56341,0.047863,-0.060708,0.011363
0.82618,0.0020616,0.0043197,0.56339,0.047887,-0.060687,0.01136
0.82618,0.002061,0.0043131,0.56338,0.047888,-0.060687,0.011362
0.82619,0.0020694,0.0043016,0.56338,0.047889,-0.060688,0.011363
0.82619,0.0020804,0.0043239,0.56337,0.04789,-0.060688,0.011365
0.82619,0.0020853,0.0043197,0.56337,0.047892,-0.060689,0.011366
0.8262,0.0020135,0.0043161,0.56335,0.047915,-0.060667,0.011363
0.82621,0.0020195,0.0042942,0.56335,0.047916,-0.060668,0.011365
0.8262,0.0020116,0.0042627,0.56335,0.047919,-0.060669,0.011367
0.82621,0.0020138,0.0042715,0.56334,0.04792,-0.060668,0.01137
0.82621,0.0020154,0.0042655,0.56334,0.047921,-0.060669,0.011371
0.82622,0.0019278,0.0042548,0.56333,0.047944,-0.060647,0.011369
0.82623,0.0019343,0.0042625,0.56332,0.047945,-0.060645,0.011371
0.82623,0.0019407,0.0042596,0.56331,0.047946,-0.060644,0.011374
0.82623,0.0019419,0.0042724,0.56331,0.047947,-0.060644,0.011376
0.82624,0.0019458,0.0042761,0.5633,0.047949,-0.060643,0.011378
0.82624,0.0018668,0.0042365,0.5633,0.047973,-0.060623,0.011376
0.82624,0.0018731,0.0042308,0.5633,0.047975,-0.060623,0.011378
0.82623,0.0018619,0.0042116,0.56331,0.04798,-0.060623,0.011381
0.82623,0.001862,0.0042089,0.56331,0.047982,-0.060622,0.011383
0.82624,0.0018703,0.0042195,0.5633,0.047982,-0.060622,0.011386
0.82625,0.0018025,0.0042243,0.56328,0.048005,-0.0606,0.011382
0.82626,0.0018056,0.0042433,0.56327,0.048006,-0.060599,0.011384
0.82626,0.001808,0.0042556,0.56327,0.048007,-0.060598,0.011386
0.82626,0.0018138,0.0042501,0.56327,0.048008,-0.060599,0.011389
0.82626,0.0018195,0.0042521,0.56326,0.048009,-0.060599,0.01139
0.82628,0.0017487,0.0042415,0.56324,0.048031,-0.060579,0.011386
0.82628,0.0017503,0.0042364,0.56325,0.048033,-0.06058,0.011389
0.82628,0.0017531,0.0042624,0.56324,0.048033,-0.060579,0.011392
0.82629,0.0017579,0.004281,0.56323,0.048034,-0.060578,0.011394
0.82629,0.0017633,0.0043059,0.56322,0.048033,-0.060577,0.011395
0.82631,0.0016948,0.0043096,0.5632,0.048053,-0.060556,0.011391
0.82631,0.001697,0.0043462,0.5632,0.048055,-0.060555,0.011392
0.82631,0.0016986,0.004371,0.56319,0.048054,-0.060554,0.011394
0.82631,0.0016986,0.004371,0.56319,0.048057,-0.060554,0.011397
0.82631,0.0017026,0.0043788,0.56319,0.048059,-0.060553,0.0114
0.82632,0.0016291,0.0043756,0.56318,0.04808,-0.060533,0.011397
0.82633,0.0016362,0.0043971,0.56317,0.04808,-0.060533,0.011398
0.82633,0.0016415,0.0044196,0.56316,0.048081,-0.060533,0.011399
0.82633,0.0016429,0.0044355,0.56316,0.048083,-0.060532,0.0114
0.82634,0.0016471,0.0044319,0.56316,0.048084,-0.060532,0.011402
0.82635,0.0015721,0.0044431,0.56313,0.048103,-0.060512,0.011398
0.82636,0.0015723,0.0044607,0.56312,0.048104,-0.06051,0.0114
0.82636,0.0015719,0.0044533,0.56312,0.048108,-0.06051,0.011403
0.82637,0.0015764,0.0044654,0.56311,0.048109,-0.060509,0.011405
0.82637,0.0015802,0.004502,0.56311,0.04811,-0.060507,0.011408
0.82638,0.0015038,0.0045003,0.56309,0.048129,-0.060488,0.011403
0.82638,0.0015054,0.0044864,0.56309,0.048132,-0.060488,0.011405
0.82638,0.0015065,0.0045247,0.56309,0.048134,-0.060487,0.011408
0.82638,0.0015126,0.0045286,0.56309,0.048137,-0.060486,0.011411
0.82639,0.0015174,0.004516,0.56308,0.048138,-0.060485,0.011413
0.82639,0.0014413,0.0044989,0.56307,0.04816,-0.060466,0.011411
0.82639,0.0014384,0.0044827,0.56308,0.048164,-0.060465,0.011414
0.82639,0.0014414,0.0045005,0.56308,0.048167,-0.060463,0.011415
0.82639,0.0014414,0.0045005,0.56308,0.048171,-0.060462,0.011417
0.82639,0.0014423,0.0044896,0.56307,0.048173,-0.060462,0.011419
0.82641,0.0013691,0.004486,0.56306,0.048194,-0.060442,0.011414
0.82641,0.0013703,0.0044987,0.56305,0.048197,-0.06044,0.011416
0.82641,0.0013735,0.0045076,0.56304,0.048198,-0.060439,0.011418
0.82642,0.0013774,0.0044992,0.56304,0.0482,-0.060438,0.01142
0.82642,0.0013832,0.0045122,0.56304,0.048203,-0.060437,0.011422
0.82643,0.0013138,0.0045091,0.56302,0.048223,-0.060417,0.011418
0.82644,0.0013154,0.0045107,0.56301,0.048225,-0.060416,0.01142
0.82644,0.001316,0.0045251,0.563,0.048226,-0.060414,0.011421
0.82644,0.0013127,0.0045375,0.563,0.04823,-0.060413,0.011423
0.82644,0.0013179,0.0045443,0.563,0.048232,-0.060412,0.011424
0.82645,0.0012439,0.0045353,0.56299,0.048253,-0.060393,0.01142
0.82646,0.0012495,0.0045484,0.56298,0.048253,-0.060393,0.011421
0.82647,0.0012557,0.0045611,0.56296,0.048253,-0.060393,0.011423
0.82648,0.0012658,0.0045796,0.56295,0.048252,-0.060392,0.011424
0.82648,0.0012643,0.0045607,0.56295,0.048255,-0.060393,0.011427
0.82649,0.0011994,0.0045683,0.56293,0.048275,-0.060374,0.011422
0.82649,0.0012008,0.0045586,0.56293,0.04828,-0.060374,0.011426
0.82649,0.0012033,0.0045721,0.56293,0.048283,-0.060373,0.011428
0.8265,0.0011992,0.004618,0.56292,0.048281,-0.060373,0.011428
0.82651,0.0012019,0.0046336,0.56291,0.048281,-0.060372,0.011429
0.82652,0.0011236,0.0046287,0.56289,0.048299,-0.060355,0.011426
0.82653,0.0011296,0.0046446,0.56287,0.0483,-0.060354,0.011427
0.82654,0.0011273,0.0046615,0.56286,0.0483,-0.060353,0.011429
0.82654,0.0011281,0.0046755,0.56285,0.0483,-0.060352,0.011431
0.82655,0.0011309,0.004682,0.56285,0.048302,-0.060352,0.011433
0.82656,0.001065,0.0046954,0.56282,0.048321,-0.060333,0.011428
0.82657,0.0010719,0.0047115,0.56281,0.04832,-0.060332,0.011428
0.82657,0.0010693,0.0046994,0.56281,0.048323,-0.060333,0.011432
0.82658,0.0010753,0.0047157,0.5628,0.048324,-0.060332,0.011433
0.82659,0.0010808,0.0047356,0.56279,0.048324,-0.060331,0.011433
0.8266,0.0010138,0.0047478,0.56277,0.048343,-0.060313,0.011427
0.82661,0.0010149,0.0047299,0.56276,0.048344,-0.060314,0.01143
0.82661,0.0010116,0.0047137,0.56275,0.048346,-0.060314,0.011433
0.82661,0.0010116,0.0047015,0.56275,0.048348,-0.060315,0.011435
0.82661,0.001009,0.0047356,0.56275,0.04835,-0.060315,0.011437
0.82663,0.00093582,0.0047526,0.56273,0.048368,-0.060297,0.011432
0.82663,0.00093128,0.0047719,0.56273,0.048369,-0.060295,0.011433
0.82664,0.00093053,0.004782,0.56271,0.048369,-0.060295,0.011436
0.82664,0.00092353,0.0047945,0.5627,0.04837,-0.060293,0.011439
0.82665,0.00091888,0.0047977,0.56269,0.048372,-0.060293,0.011443
0.82665,0.00083537,0.0047916,0.56269,0.048394,-0.060276,0.011441
0.82666,0.00083253,0.0048259,0.56269,0.048395,-0.060276,0.011442
0.82666,0.00083831,0.0048459,0.56267,0.048394,-0.060275,0.011443
0.82667,0.00083214,0.0048214,0.56267,0.048398,-0.060276,0.011447
0.82666,0.00082961,0.0048116,0.56267,0.048401,-0.060275,0.011449
0.82668,0.00075601,0.004815,0.56265,0.048419,-0.060258,0.011445
0.82668,0.00074988,0.004818,0.56265,0.048421,-0.060259,0.011447
0.82669,0.00075268,0.0048325,0.56264,0.048422,-0.060259,0.011449
0.82669,0.00075498,0.0050291,0.56263,0.048414,-0.060254,0.011438
0.8267,0.00076034,0.0050427,0.56262,0.04841,-0.060253,0.011438
0.82672,0.00068664,0.0050421,0.56259,0.048429,-0.060236,0.011434
0.82672,0.00069115,0.0050467,0.56258,0.048429,-0.060236,0.011434
0.82673,0.00069027,0.0050532,0.56258,0.048432,-0.060235,0.011437
0.82673,0.00069096,0.0050576,0.56257,0.048435,-0.060234,0.011439
0.82673,0.00067911,0.0050458,0.56258,0.04844,-0.060234,0.011444
0.82674,0.00060043,0.0050432,0.56257,0.048461,-0.060217,0.011442
0.82674,0.00059528,0.0050519,0.56256,0.048464,-0.060216,0.011445
0.82674,0.00059518,0.0050664,0.56256,0.048468,-0.060215,0.011447
0.82674,0.00059246,0.0050532,0.56256,0.04847,-0.060215,0.011453
0.82674,0.00058631,0.0050768,0.56256,0.048473,-0.060215,0.011456
0.82675,0.00050602,0.0050942,0.56255,0.048493,-0.060198,0.011449
0.82674,0.00048639,0.0050904,0.56256,0.0485,-0.060197,0.011452
0.82674,0.00047898,0.005116,0.56257,0.048504,-0.060197,0.011455
0.82673,0.00046311,0.0051108,0.56257,0.048508,-0.060198,0.011457
0.82673,0.000449,0.0051443,0.56257,0.048512,-0.060199,0.011458
0.82675,0.00037958,0.0051449,0.56255,0.04853,-0.060183,0.011454
0.82675,0.0003725,0.0051532,0.56255,0.048533,-0.060183,0.011457
0.82675,0.00036822,0.0051688,0.56255,0.048535,-0.060183,0.01146
0.82675,0.00035681,0.0051877,0.56254,0.048536,-0.060183,0.011463
0.82675,0.00034738,0.0051605,0.56254,0.048538,-0.060184,0.011469
0.82676,0.00026912,0.0051251,0.56253,0.048557,-0.060169,0.011466
0.82676,0.00025598,0.0051076,0.56253,0.04856,-0.060169,0.01147
0.82677,0.00024618,0.0050899,0.56252,0.048561,-0.06017,0.011474
0.82677,0.00024202,0.0051104,0.56252,0.048562,-0.06017,0.011477
0.82677,0.00024293,0.0051304,0.56252,0.048563,-0.06017,0.011478
0.82679,0.00017142,0.0051484,0.56249,0.048579,-0.060154,0.011472
0.82679,0.00016858,0.0051765,0.56249,0.048579,-0.060154,0.011472
0.82679,0.00017414,0.0052049,0.56248,0.048578,-0.060155,0.011472
0.8268,0.00017921,0.0052354,0.56247,0.048577,-0.060154,0.011471
0.82681,0.00017803,0.0052513,0.56246,0.048576,-0.060155,0.011472
0.82682,0.00010129,0.0052696,0.56244,0.048593,-0.060139,0.011467
0.82683,0.00010055,0.0052884,0.56243,0.048593,-0.060139,0.011468
0.82683,9.928e-05,0.0053148,0.56243,0.048595,-0.060138,0.011468
0.82683,0.00010247,0.0053242,0.56242,0.048595,-0.060138,0.011469
0.82684,0.00010795,0.0053381,0.56241,0.048595,-0.060138,0.011469
0.82685,3.2415e-05,0.0053039,0.56239,0.048613,-0.060124,0.011467
0.82686,3.6023e-05,0.0053209,0.56238,0.048614,-0.060125,0.011469
0.82686,3.7405e-05,0.005341,0.56238,0.048615,-0.060124,0.011469
0.82686,2.5106e-05,0.0053249,0.56239,0.04862,-0.060125,0.011472
0.82686,2.6612e-05,0.0053424,0.56238,0.048621,-0.060125,0.011474
0.82688,-5.3775e-05,0.0055188,0.56236,0.048632,-0.060106,0.011458
0.82688,-5.1111e-05,0.0055478,0.56235,0.048626,-0.060104,0.011453
0.82689,-5.3071e-05,0.0055742,0.56234,0.048625,-0.060103,0.011454
0.82689,-5.0361e-05,0.0055917,0.56234,0.048626,-0.060103,0.011454
0.82689,-5.0557e-05,0.0055999,0.56233,0.048629,-0.060102,0.011456
0.8269,-0.00012935,0.0055689,0.56232,0.048648,-0.060088,0.011455
0.8269,-0.00013611,0.0057656,0.56231,0.04865,-0.060089,0.011452
0.8269,-0.00013378,0.0057812,0.56231,0.04865,-0.060086,0.011451
0.82691,-0.00013763,0.0057985,0.56231,0.048653,-0.060085,0.01145
0.82691,-0.00014247,0.0057856,0.5623,0.048653,-0.060086,0.011453
0.82692,-0.00022518,0.0057556,0.56229,0.048672,-0.060071,0.011451
0.82692,-0.00023223,0.0057373,0.56229,0.048674,-0.060071,0.011454
0.82692,-0.00023909,0.0057129,0.56229,0.048677,-0.060071,0.011459
0.82693,-0.0002438,0.0057171,0.56228,0.048678,-0.06007,0.011461
0.82693,-0.00024176,0.0057212,0.56227,0.048679,-0.06007,0.011464
0.82694,-0.0003151,0.0057132,0.56226,0.048697,-0.060055,0.011461
0.82694,-0.00031863,0.0056899,0.56225,0.0487,-0.060055,0.011466
0.82695,-0.00032333,0.0057052,0.56225,0.048702,-0.060055,0.011469
0.82695,-0.00032803,0.0057067,0.56225,0.048704,-0.060055,0.011473
0.82695,-0.0003319,0.005683,0.56225,0.048706,-0.060055,0.011477
0.82696,-0.00041328,0.005654,0.56224,0.048727,-0.06004,0.011475
0.82696,-0.00041706,0.0056366,0.56224,0.048729,-0.06004,0.011478
0.82696,-0.0004152,0.005613,0.56223,0.048731,-0.060041,0.01148
0.82696,-0.00041559,0.0056321,0.56223,0.048733,-0.060041,0.011482
0.82696,-0.00042045,0.005613,0.56223,0.048736,-0.060042,0.011486
0.82697,-0.00050109,0.005709,0.56222,0.048755,-0.060029,0.01148
0.82697,-0.00050755,0.0057253,0.56221,0.048753,-0.060029,0.011483
0.82698,-0.0005079,0.0057044,0.56221,0.048755,-0.060031,0.011487
0.82698,-0.00051527,0.0058051,0.56221,0.048759,-0.060032,0.011488
0.82698,-0.00052105,0.0059097,0.5622,0.048745,-0.060025,0.011474
0.82699,-0.00060387,0.0058798,0.56219,0.048765,-0.060014,0.011475
0.82699,-0.00061198,0.0058637,0.56219,0.048768,-0.060013,0.011479
0.82699,-0.00061843,0.00606,0.56218,0.048768,-0.060014,0.011474
0.827,-0.00061903,0.0062607,0.56216,0.048723,-0.059989,0.011415
0.827,-0.00062502,0.0062371,0.56216,0.048729,-0.059994,0.011426
0.82702,-0.00069299,0.0062294,0.56214,0.048747,-0.05998,0.011422
0.82702,-0.0006932,0.0064258,0.56213,0.048745,-0.05998,0.011412
0.82703,-0.00069914,0.0066334,0.56212,0.048701,-0.059953,0.011353
0.82703,-0.00070345,0.0066209,0.56211,0.048703,-0.059958,0.01136
0.82704,-0.00070739,0.006609,0.56211,0.048703,-0.059959,0.011362
0.82706,-0.00077512,0.0066157,0.56208,0.048718,-0.059945,0.011356
0.82706,-0.00078222,0.0065964,0.56207,0.048719,-0.059946,0.01136
0.82706,-0.0007916,0.006583,0.56207,0.048721,-0.059946,0.011364
0.82706,-0.0008054,0.0065659,0.56207,0.048724,-0.059946,0.011369
0.82706,-0.00080552,0.006542,0.56207,0.048726,-0.059946,0.011372
0.82707,-0.00088952,0.0065158,0.56206,0.048744,-0.059931,0.01137
0.82707,-0.00089462,0.0065007,0.56205,0.048746,-0.059931,0.011374
0.82708,-0.00090506,0.0066887,0.56205,0.04875,-0.059931,0.011372
0.82708,-0.00089895,0.0066973,0.56204,0.048748,-0.059932,0.011371
0.82708,-0.00090057,0.006717,0.56204,0.04875,-0.059932,0.011373
0.82709,-0.00097593,0.0066858,0.56203,0.048769,-0.059918,0.011371
0.8271,-0.0009841,0.0068744,0.56202,0.048773,-0.05992,0.01137
0.8271,-0.00098846,0.0068539,0.56202,0.048779,-0.059923,0.01138
0.82709,-0.00099485,0.0068329,0.56202,0.048782,-0.059922,0.011383
0.8271,-0.00099857,0.0068127,0.56202,0.048783,-0.059922,0.011386
0.82711,-0.0010748,0.006787,0.562,0.048801,-0.059908,0.011382
0.82711,-0.0010798,0.0067692,0.562,0.048803,-0.059908,0.011385
0.82711,-0.0010864,0.0067483,0.562,0.048805,-0.059907,0.011389
0.82711,-0.0010916,0.0067278,0.56199,0.048807,-0.059907,0.011392
0.82711,-0.0010948,0.0067225,0.56199,0.04881,-0.059906,0.011395
0.82712,-0.0011758,0.0066942,0.56198,0.048828,-0.059892,0.011394
0.82712,-0.0011815,0.0066724,0.56198,0.048829,-0.059892,0.011397
0.82713,-0.0011917,0.0066536,0.56197,0.048831,-0.059891,0.011401
0.82713,-0.0011972,0.0066369,0.56197,0.048834,-0.059891,0.011404
0.82713,-0.0011987,0.0068146,0.56197,0.048836,-0.059892,0.011401
0.82715,-0.0012681,0.0068128,0.56195,0.04885,-0.059879,0.011395
0.82715,-0.0012707,0.0068019,0.56194,0.048852,-0.059879,0.011397
0.82715,-0.0012777,0.0069804,0.56193,0.048854,-0.05988,0.011396
0.82715,-0.0012844,0.0069671,0.56193,0.048858,-0.059884,0.011403
0.82716,-0.001286,0.0069687,0.56193,0.04886,-0.059884,0.011405
0.82717,-0.0013656,0.0071319,0.5619,0.048876,-0.05987,0.011394
0.82717,-0.0013691,0.0071109,0.5619,0.048879,-0.059874,0.011404
0.82718,-0.0013696,0.0070967,0.56189,0.048879,-0.059874,0.011405
0.82719,-0.0013697,0.007093,0.56188,0.048878,-0.059874,0.011407
0.82719,-0.0013678,0.0070986,0.56187,0.048878,-0.059875,0.011408
0.82721,-0.0014475,0.0072604,0.56185,0.048891,-0.059861,0.011396
0.82722,-0.001455,0.0074366,0.56183,0.048853,-0.059843,0.011352
0.82722,-0.0014573,0.007418,0.56183,0.048858,-0.059846,0.011361
0.82722,-0.001461,0.0076104,0.56182,0.048863,-0.059849,0.01136
0.82723,-0.0014662,0.0077877,0.56181,0.048827,-0.059825,0.011311
0.82724,-0.0015365,0.0079781,0.56179,0.048805,-0.059787,0.011252
0.82725,-0.0015286,0.0079925,0.56177,0.0488,-0.059788,0.01125
0.82726,-0.0015237,0.0079969,0.56176,0.048799,-0.059789,0.011251
0.82726,-0.0015336,0.0081646,0.56175,0.048799,-0.059789,0.011248
0.82727,-0.0015401,0.0083391,0.56174,0.048764,-0.059771,0.011206
0.82729,-0.001614,0.0085242,0.56171,0.048745,-0.059735,0.011151
0.82729,-0.0016185,0.0085008,0.56171,0.04875,-0.05974,0.011162
0.82729,-0.00162,0.0084812,0.5617,0.048751,-0.059739,0.011166
0.82729,-0.0016234,0.0084601,0.5617,0.048753,-0.059738,0.01117
0.8273,-0.0016266,0.0084415,0.5617,0.048755,-0.059738,0.011173
0.82731,-0.0017066,0.0086239,0.56168,0.048775,-0.059727,0.011165
0.82731,-0.0017097,0.0086072,0.56168,0.04878,-0.05973,0.011174
0.82731,-0.0017125,0.0087942,0.56167,0.048787,-0.059733,0.011171
0.82731,-0.0017157,0.0087818,0.56168,0.048792,-0.059734,0.011179
0.82731,-0.0017205,0.0087594,0.56168,0.048795,-0.059735,0.011183
0.82732,-0.0017986,0.0087322,0.56167,0.048812,-0.059721,0.01118
0.82732,-0.0018034,0.008733,0.56166,0.048814,-0.059721,0.011183
0.82732,-0.0018123,0.0087163,0.56166,0.048815,-0.059721,0.011187
0.82733,-0.0018097,0.0087215,0.56165,0.048815,-0.059721,0.011189
0.82733,-0.0018123,0.0087005,0.56165,0.048816,-0.059722,0.011193
0.82734,-0.0018906,0.0086699,0.56164,0.048834,-0.059708,0.01119
0.82734,-0.0018943,0.0086502,0.56164,0.048836,-0.059708,0.011193
0.82734,-0.0018931,0.0086548,0.56163,0.048837,-0.059709,0.011195
0.82735,-0.0018972,0.0088195,0.56162,0.048838,-0.059709,0.011189
0.82735,-0.0019142,0.0087929,0.56162,0.048841,-0.059714,0.011204
0.82736,-0.0019904,0.0089645,0.56159,0.04886,-0.059705,0.011193
0.82737,-0.0019959,0.0089446,0.56159,0.048864,-0.059709,0.011203
0.82737,-0.0019974,0.0091349,0.56158,0.048869,-0.059713,0.0112
0.82738,-0.0019934,0.0093163,0.56157,0.048833,-0.059691,0.011146
0.82738,-0.0019868,0.0093294,0.56156,0.048831,-0.05969,0.011146
0.82739,-0.0020642,0.0094923,0.56154,0.048846,-0.059676,0.011134
0.8274,-0.0020601,0.0096734,0.56152,0.048812,-0.059656,0.011085
0.82741,-0.0020537,0.009858,0.56151,0.048778,-0.059634,0.011034
0.82741,-0.002046,0.009859,0.5615,0.048778,-0.059634,0.011037
0.82742,-0.0020468,0.010043,0.56149,0.04878,-0.059635,0.011029
0.82743,-0.0021146,0.010044,0.56147,0.048793,-0.059621,0.011023
0.82743,-0.0021166,0.01021,0.56147,0.048795,-0.059621,0.011016
0.82744,-0.0021163,0.01019,0.56146,0.0488,-0.059623,0.011025
0.82744,-0.0021193,0.010373,0.56146,0.048808,-0.059628,0.011022
0.82744,-0.0021236,0.010353,0.56145,0.048812,-0.059632,0.011033
0.82745,-0.0022022,0.01051,0.56144,0.048833,-0.059622,0.011025
0.82745,-0.0022128,0.010491,0.56144,0.048839,-0.059624,0.011036
0.82745,-0.0022293,0.010485,0.56144,0.048843,-0.059623,0.011042
0.82745,-0.0022338,0.010653,0.56143,0.048848,-0.059625,0.011037
0.82745,-0.002242,0.010631,0.56143,0.048852,-0.059629,0.011049
0.82746,-0.0023189,0.010792,0.56142,0.048873,-0.059619,0.011042
0.82746,-0.00232,0.010771,0.56142,0.048879,-0.05962,0.011052
0.82746,-0.0023229,0.010751,0.56142,0.04888,-0.05962,0.011056
0.82746,-0.0023253,0.010735,0.56141,0.048881,-0.059619,0.011059
0.82747,-0.0023285,0.010714,0.56141,0.048881,-0.059619,0.011063
0.82748,-0.0024074,0.010872,0.56138,0.048901,-0.059609,0.011057
0.82749,-0.0024088,0.011043,0.56137,0.048869,-0.059591,0.011015
0.82749,-0.0024032,0.011224,0.56136,0.048836,-0.05957,0.010967
0.82749,-0.0024018,0.011203,0.56136,0.048841,-0.059573,0.010977
0.8275,-0.0024039,0.011181,0.56136,0.048843,-0.059573,0.010982
0.8275,-0.0024751,0.011181,0.56134,0.048859,-0.059561,0.010978
0.8275,-0.0024783,0.011162,0.56134,0.048862,-0.059561,0.010983
0.8275,-0.0024834,0.011137,0.56135,0.048865,-0.05956,0.010988
0.8275,-0.0024895,0.011298,0.56134,0.048872,-0.059563,0.010988
0.82751,-0.0024929,0.011277,0.56134,0.048876,-0.059567,0.010999
0.82751,-0.0025802,0.011249,0.56133,0.048894,-0.059552,0.011
0.82751,-0.0025872,0.011226,0.56133,0.048897,-0.059552,0.011005
0.82751,-0.0025931,0.011203,0.56133,0.048898,-0.059551,0.01101
0.82751,-0.0025967,0.011184,0.56133,0.048901,-0.059551,0.011013
0.82751,-0.0026035,0.011166,0.56133,0.048902,-0.05955,0.011017
0.82752,-0.0026824,0.011142,0.56132,0.04892,-0.059536,0.011016
0.82752,-0.0026863,0.011118,0.56132,0.048923,-0.059536,0.011019
0.82752,-0.0026876,0.011276,0.56132,0.048931,-0.05954,0.01102
0.82752,-0.0026943,0.011252,0.56132,0.048937,-0.059543,0.011032
0.82752,-0.0026956,0.011228,0.56132,0.048939,-0.059542,0.011036
0.82753,-0.0027718,0.01138,0.5613,0.048962,-0.059534,0.01103
0.82753,-0.0027719,0.011363,0.5613,0.048965,-0.059537,0.011039
0.82753,-0.002774,0.011375,0.5613,0.048968,-0.059537,0.011041
0.82753,-0.002778,0.011345,0.5613,0.048971,-0.059537,0.011047
0.82753,-0.002782,0.011525,0.56129,0.048981,-0.059543,0.011047
0.82755,-0.0028561,0.011705,0.56127,0.048962,-0.059507,0.010986
0.82754,-0.0028647,0.011681,0.56127,0.04897,-0.05951,0.011
0.82755,-0.0028655,0.011838,0.56127,0.048977,-0.059515,0.011
0.82755,-0.0028708,0.011819,0.56127,0.048982,-0.059518,0.01101
0.82755,-0.0028688,0.011816,0.56126,0.048984,-0.059518,0.011013
0.82756,-0.002943,0.011789,0.56125,0.049,-0.059506,0.011011
0.82756,-0.0029479,0.011771,0.56125,0.049003,-0.059505,0.011015
0.82755,-0.0029495,0.011933,0.56125,0.04901,-0.059509,0.011015
0.82755,-0.0029542,0.011913,0.56126,0.049016,-0.059511,0.011026
0.82755,-0.0029585,0.011893,0.56125,0.049017,-0.059511,0.01103
0.82756,-0.0030332,0.01204,0.56124,0.049039,-0.059503,0.011023
0.82757,-0.0030336,0.012221,0.56123,0.049008,-0.059483,0.010978
0.82757,-0.0030384,0.012185,0.56123,0.049015,-0.059489,0.010994
0.82757,-0.0030432,0.012347,0.56122,0.049027,-0.059495,0.010996
0.82757,-0.0030449,0.012518,0.56122,0.048999,-0.059475,0.010952
0.82758,-0.0031164,0.01267,0.5612,0.048988,-0.059444,0.010903
0.82758,-0.0031143,0.012649,0.5612,0.048993,-0.059446,0.010912
0.82758,-0.0031169,0.01281,0.56119,0.049003,-0.059452,0.010912
0.82758,-0.0031182,0.012981,0.56118,0.048974,-0.059433,0.010867
0.82759,-0.0031174,0.012994,0.56118,0.048971,-0.059432,0.010868
0.82759,-0.0031936,0.012962,0.56117,0.048988,-0.059419,0.010868
0.82759,-0.0031958,0.012934,0.56117,0.048988,-0.059418,0.010872
0.8276,-0.0031998,0.013096,0.56116,0.048998,-0.059424,0.010871
0.8276,-0.0031995,0.013263,0.56115,0.048971,-0.059405,0.010825
0.8276,-0.0032017,0.013425,0.56114,0.048944,-0.059389,0.010783
0.82761,-0.0032759,0.013583,0.56112,0.048932,-0.059358,0.010734
0.82761,-0.0032779,0.013742,0.56112,0.048907,-0.059341,0.010691
0.82762,-0.0032785,0.013726,0.56112,0.048911,-0.059343,0.0107
0.82762,-0.0032786,0.013734,0.56111,0.048912,-0.059343,0.010704
0.82762,-0.0032859,0.013894,0.5611,0.048915,-0.059344,0.010696
0.82763,-0.0033604,0.014047,0.56109,0.048905,-0.059314,0.010649
0.82763,-0.0033577,0.014207,0.56108,0.048882,-0.059297,0.010608
0.82763,-0.0033602,0.014185,0.56108,0.048888,-0.0593,0.010619
0.82764,-0.0033676,0.014187,0.56107,0.048889,-0.0593,0.010624
0.82764,-0.0033722,0.014164,0.56107,0.04889,-0.059299,0.01063
0.82765,-0.0034501,0.014318,0.56106,0.048914,-0.059293,0.010623
0.82765,-0.0034535,0.014485,0.56105,0.048887,-0.059276,0.010579
0.82765,-0.0034599,0.014461,0.56105,0.048892,-0.059279,0.010593
0.82765,-0.0034644,0.014436,0.56105,0.048894,-0.059278,0.010598
0.82765,-0.0034718,0.014597,0.56104,0.048904,-0.059284,0.010598
0.82766,-0.0035465,0.014751,0.56103,0.048893,-0.059253,0.010548
0.82766,-0.0035536,0.014912,0.56101,0.048867,-0.059238,0.010504
0.82766,-0.0035606,0.014888,0.56102,0.048873,-0.059241,0.010518
0.82766,-0.0035664,0.015046,0.56102,0.048885,-0.059247,0.010518
0.82766,-0.0035711,0.015204,0.56101,0.048861,-0.059232,0.010477
0.82767,-0.0036434,0.015353,0.56099,0.048853,-0.059204,0.01043
0.82767,-0.0036525,0.015512,0.56098,0.048829,-0.059189,0.010391
0.82768,-0.0036601,0.015669,0.56098,0.048805,-0.059174,0.010351
0.82768,-0.0036686,0.015826,0.56097,0.048781,-0.05916,0.010313
0.82768,-0.0036725,0.015987,0.56096,0.048757,-0.059145,0.010272
0.82769,-0.0037457,0.016136,0.56094,0.04875,-0.059116,0.010225
0.82769,-0.0037471,0.016292,0.56093,0.048726,-0.059102,0.010184
