0.49377,0.011392,0.0086026,0.86948,-0.013531,0.082737,0.036878
0.49377,0.011392,0.0086026,0.86948,-0.013531,0.082737,0.036878
0.49377,0.011392,0.0086026,0.86948,-0.013531,0.082737,0.036878
0.48733,0.013334,0.0048781,0.8731,-0.012617,0.078485,0.035382
0.48508,0.011777,-0.00041972,0.87439,-0.011936,0.077177,0.036296
0.48666,0.010147,0.0022169,0.87353,-0.012253,0.079019,0.037336
0.49039,0.009315,0.016089,0.8713,-0.013823,0.082476,0.037539
0.49075,0.0099257,0.01151,0.87117,-0.01305,0.081602,0.037878
0.46028,0.0031666,0.022825,0.88747,-0.0098759,0.074503,0.039514
0.46361,0.0032805,0.020054,0.8858,-0.0081368,0.074089,0.038853
0.46122,0.03084,0.015707,0.88661,-0.0072735,0.074669,0.031704
0.44208,0.029424,0.032597,0.8959,-0.0014923,0.063563,0.033146
0.44641,0.029253,0.038098,0.89354,-0.0008699,0.065726,0.033287
0.44987,0.028407,0.036431,0.8919,-0.0022367,0.067288,0.033615
0.44794,0.044682,0.022229,0.89267,-0.00087404,0.06692,0.028216
0.44031,0.064325,0.023856,0.89522,-0.012542,0.059008,0.025068
0.42618,0.060484,0.02786,0.90218,-0.013438,0.057808,0.026552
0.42904,0.057014,0.027905,0.90105,-0.011769,0.058016,0.025574
0.43224,0.054099,0.026978,0.89973,-0.012095,0.059451,0.026491
0.43605,0.051853,0.02663,0.89803,-0.012573,0.06097,0.027157
0.43816,0.049624,0.025345,0.89717,-0.012908,0.062063,0.028084
0.44078,0.047535,0.024884,0.89601,-0.013081,0.063213,0.028619
0.44298,0.045529,0.024131,0.89505,-0.013364,0.064177,0.0292
0.44543,0.044398,0.022975,0.89392,-0.013618,0.065006,0.029703
0.44498,0.052632,0.012799,0.8939,-0.012494,0.06505,0.028533
0.44391,0.060308,0.0019495,0.89404,-0.02082,0.069881,0.027481
0.44279,0.067283,-0.0077534,0.89406,-0.028005,0.074034,0.026952
0.44386,0.064323,-0.0076338,0.89375,-0.025445,0.074948,0.026905
0.44294,0.070646,-0.015772,0.89363,-0.023344,0.074344,0.027086
0.44487,0.067982,-0.015524,0.89288,-0.02115,0.075177,0.027122
0.44629,0.066338,-0.014995,0.8923,-0.021382,0.075427,0.027638
0.44761,0.064794,-0.014215,0.89176,-0.021573,0.075688,0.028044
0.44905,0.063169,-0.013477,0.89117,-0.021769,0.075917,0.028427
0.45074,0.062081,-0.012837,0.8904,-0.022012,0.076106,0.028726
0.45213,0.060735,-0.012518,0.8898,-0.022183,0.076281,0.02913
0.45337,0.059671,-0.011819,0.88924,-0.022289,0.076486,0.02934
0.45449,0.058503,-0.011402,0.88876,-0.022407,0.076627,0.029621
0.45568,0.057523,-0.011213,0.88821,-0.022462,0.076745,0.029899
0.45649,0.056595,-0.01086,0.88786,-0.022445,0.076865,0.030152
0.45753,0.055809,-0.01068,0.88737,-0.022442,0.07697,0.030375
0.45858,0.054858,-0.0086675,0.88692,-0.022635,0.077272,0.030236
0.45929,0.054137,-0.0083739,0.8866,-0.022759,0.077338,0.030388
0.46013,0.053389,-0.0081605,0.88621,-0.02272,0.07744,0.030552
0.46079,0.052577,-0.00771,0.88592,-0.02269,0.077544,0.030686
0.46159,0.05198,-0.0076174,0.88554,-0.022664,0.077594,0.030853
0.46235,0.051298,-0.0072785,0.88518,-0.022653,0.077682,0.030981
0.463,0.05066,-0.0071659,0.88488,-0.022614,0.077735,0.031141
0.46351,0.050017,-0.0070029,0.88465,-0.022512,0.077815,0.031271
0.46424,0.04952,-0.0069263,0.8843,-0.022461,0.077863,0.031395
0.465,0.049154,-0.0066615,0.88392,-0.022448,0.077937,0.031473
0.46547,0.048633,-0.0064108,0.8837,-0.022387,0.07801,0.031559
0.46607,0.047999,-0.0047801,0.88343,-0.022487,0.078203,0.031377
0.46646,0.047447,-0.0047435,0.88325,-0.022485,0.07822,0.03151
0.46693,0.046997,-0.0047334,0.88303,-0.022405,0.078243,0.03162
0.46742,0.046626,-0.0047018,0.88279,-0.022327,0.078276,0.031727
0.46782,0.046227,-0.0046539,0.8826,-0.02223,0.078303,0.031819
0.4682,0.045797,-0.004598,0.88242,-0.022146,0.078325,0.031903
0.46879,0.045439,-0.0043715,0.88213,-0.022112,0.078371,0.031942
0.46919,0.04499,-0.0042892,0.88194,-0.022077,0.0784,0.032033
0.46964,0.044707,-0.0042383,0.88171,-0.022034,0.078425,0.032094
0.47006,0.044534,-0.0040826,0.8815,-0.021983,0.078457,0.032119
0.47038,0.044148,-0.0040028,0.88135,-0.021912,0.078491,0.032187
0.47068,0.043783,-0.0040546,0.88121,-0.021821,0.078523,0.03226
0.47117,0.043453,-0.004064,0.88096,-0.021762,0.078543,0.032335
0.47154,0.043169,-0.0040515,0.88078,-0.02169,0.078576,0.032391
0.47189,0.042925,-0.004015,0.8806,-0.02163,0.078602,0.032436
0.47208,0.042572,-0.0038476,0.88052,-0.021554,0.078637,0.032474
0.47246,0.042224,-0.0038154,0.88033,-0.021508,0.07867,0.032526
0.4727,0.041983,-0.003852,0.88021,-0.021443,0.078684,0.032578
0.47297,0.041719,-0.0038647,0.88008,-0.021372,0.078697,0.032625
0.4731,0.041396,-0.0037976,0.88002,-0.021292,0.078711,0.032663
0.47331,0.041109,-0.0037352,0.87993,-0.021229,0.078717,0.032704
0.4736,0.040923,-0.0037426,0.87978,-0.021152,0.07875,0.032731
0.47399,0.040811,-0.0036223,0.87958,-0.021117,0.078764,0.032741
0.47427,0.0406,-0.0035764,0.87943,-0.021071,0.078781,0.032778
0.47448,0.040436,-0.0035949,0.87933,-0.021005,0.078788,0.032809
0.47472,0.040268,-0.0035319,0.87921,-0.020962,0.078811,0.032844
0.47485,0.04007,-0.0035898,0.87915,-0.020861,0.078836,0.03288
0.47498,0.039881,-0.0035611,0.87908,-0.020791,0.078846,0.032905
0.47511,0.039629,-0.0035481,0.87903,-0.020731,0.078853,0.032931
0.47529,0.039437,-0.0034724,0.87894,-0.020686,0.078866,0.03295
0.47565,0.039316,-0.0033361,0.87875,-0.02067,0.078884,0.032956
0.47583,0.039029,-0.0033834,0.87866,-0.020604,0.078909,0.033011
0.47598,0.038709,-0.0023994,0.8786,-0.020601,0.078979,0.032886
0.47596,0.038692,-0.0023927,0.87861,-0.020523,0.078989,0.032896
0.47618,0.038663,-0.0022303,0.8785,-0.020487,0.079001,0.032876
0.47635,0.038507,-0.0021208,0.87841,-0.02045,0.07902,0.032883
0.4764,0.038302,-0.0021092,0.87839,-0.02037,0.079049,0.032896
0.47655,0.038165,-0.0020638,0.87832,-0.020325,0.079055,0.032906
0.47671,0.038027,-0.0020482,0.87824,-0.020281,0.079064,0.032923
0.47689,0.037899,-0.0019503,0.87814,-0.020238,0.07907,0.03293
0.4771,0.037743,-0.0019396,0.87804,-0.020211,0.079082,0.032958
0.47711,0.037564,-0.0019597,0.87804,-0.020131,0.079113,0.032973
0.47735,0.037472,-0.001834,0.87791,-0.020113,0.079117,0.032964
0.47747,0.037276,-0.0018245,0.87785,-0.020081,0.079122,0.032984
0.47764,0.037131,-0.0017035,0.87777,-0.020047,0.079133,0.032986
0.47786,0.036961,-0.0015813,0.87765,-0.020034,0.079143,0.032992
0.47795,0.036755,-0.0015449,0.87761,-0.019976,0.079173,0.033008
0.47791,0.036637,-0.0015053,0.87764,-0.0199,0.079175,0.03302
0.47805,0.036514,-0.001382,0.87757,-0.019864,0.079187,0.033016
0.47816,0.036405,-0.0013077,0.87752,-0.019833,0.079199,0.033016
0.47815,0.036322,-0.0013051,0.87753,-0.019776,0.079207,0.033021
0.47832,0.036159,-0.0013172,0.87744,-0.019723,0.079242,0.033036
0.47858,0.036145,-0.0013249,0.8773,-0.019718,0.079242,0.033046
0.47884,0.036151,-0.0012292,0.87716,-0.019718,0.079253,0.03303
0.4791,0.036129,-0.0011287,0.87701,-0.019722,0.079265,0.033018
0.47927,0.035936,-0.00049816,0.87693,-0.019731,0.0793,0.032915
0.47946,0.035664,0.000148,0.87684,-0.019801,0.079408,0.032766
0.47963,0.035578,0.00027545,0.87675,-0.019816,0.079417,0.03275
0.47979,0.035499,0.00031007,0.87666,-0.019805,0.079423,0.032761
0.47981,0.035368,0.00035426,0.87666,-0.019756,0.079427,0.032769
0.47982,0.035247,0.00038724,0.87666,-0.019707,0.079428,0.032772
0.47987,0.035041,0.00035636,0.87664,-0.019646,0.079459,0.032788
0.47996,0.034935,0.00036714,0.8766,-0.019615,0.079462,0.032797
0.48012,0.034699,0.00095345,0.87652,-0.019638,0.079494,0.032713
0.48014,0.034586,0.00096985,0.87651,-0.01961,0.07949,0.032725
0.48024,0.034507,0.0010722,0.87646,-0.019584,0.079491,0.032719
0.48037,0.034382,0.0010611,0.87639,-0.019554,0.079522,0.032736
0.4804,0.034243,0.0010831,0.87638,-0.019519,0.079526,0.032749
0.48055,0.034161,0.0011185,0.8763,-0.019499,0.079535,0.032755
0.48063,0.034075,0.0011664,0.87626,-0.019479,0.079545,0.032759
0.48067,0.033945,0.001146,0.87624,-0.019448,0.079551,0.032781
0.48073,0.033801,0.0011199,0.87622,-0.019389,0.079589,0.032796
0.4809,0.033781,0.0011557,0.87612,-0.019374,0.07959,0.032801
0.48094,0.033798,0.0011637,0.8761,-0.019327,0.079595,0.032799
0.48113,0.033767,0.0012238,0.876,-0.01931,0.079592,0.032798
0.48123,0.033718,0.0012539,0.87594,-0.019288,0.079596,0.032805
0.48128,0.033538,0.0012174,0.87593,-0.019228,0.079629,0.032827
0.48127,0.033414,0.0012291,0.87593,-0.019185,0.079632,0.032837
0.4814,0.033247,0.0017951,0.87587,-0.019197,0.079666,0.032759
0.48147,0.033226,0.0018198,0.87583,-0.019179,0.079668,0.03276
0.48159,0.033067,0.0023411,0.87577,-0.019189,0.079692,0.03268
0.48171,0.033006,0.0023542,0.87571,-0.019161,0.079724,0.032679
0.48181,0.032918,0.0023771,0.87566,-0.019145,0.079727,0.032686
0.48191,0.032856,0.0023857,0.8756,-0.019134,0.079729,0.032694
0.48193,0.032758,0.0023476,0.87559,-0.0191,0.079731,0.032713
0.48205,0.032731,0.0023844,0.87553,-0.019081,0.079733,0.032717
0.48209,0.032672,0.0023155,0.87551,-0.019019,0.079763,0.032734
0.48224,0.032664,0.0023389,0.87543,-0.019008,0.079764,0.032737
0.48235,0.032638,0.0023919,0.87537,-0.01899,0.079767,0.032732
0.48247,0.032496,0.0028824,0.87531,-0.019003,0.079787,0.032656
0.48257,0.032525,0.0029403,0.87525,-0.018994,0.079791,0.032643
0.48259,0.032371,0.003012,0.87524,-0.018942,0.079826,0.032638
0.4827,0.032363,0.0030381,0.87518,-0.018924,0.079824,0.03264
0.48279,0.032326,0.0030521,0.87514,-0.018901,0.079824,0.032648
0.48282,0.03219,0.0034997,0.87512,-0.0189,0.079844,0.032578
0.48288,0.032119,0.0035401,0.87509,-0.01889,0.079845,0.03258
0.48298,0.032045,0.0035011,0.87504,-0.018847,0.079874,0.03259
0.48303,0.032041,0.0035365,0.87501,-0.018822,0.079874,0.032584
0.48309,0.032005,0.0035462,0.87498,-0.018804,0.079871,0.03259
0.48319,0.03197,0.0035433,0.87492,-0.018791,0.079871,0.032601
0.4833,0.03194,0.0036158,0.87487,-0.018788,0.079876,0.032594
0.48337,0.031876,0.0036041,0.87483,-0.018748,0.079909,0.032597
0.4834,0.031759,0.0035794,0.87482,-0.018723,0.079913,0.032615
0.48347,0.031724,0.003582,0.87478,-0.018706,0.079915,0.032618
0.48355,0.031711,0.0035971,0.87474,-0.018695,0.079918,0.032619
0.48361,0.031671,0.0035798,0.8747,-0.018678,0.079919,0.03263
0.48369,0.031572,0.0035107,0.87466,-0.018647,0.079948,0.032647
0.48369,0.031518,0.0034662,0.87467,-0.018617,0.07995,0.03266
0.4837,0.031437,0.0034798,0.87466,-0.018593,0.079951,0.032666
0.48381,0.031402,0.003468,0.8746,-0.018586,0.07995,0.032676
0.48386,0.031384,0.0034613,0.87457,-0.018574,0.079949,0.032682
0.48394,0.031273,0.0033929,0.87454,-0.018541,0.079978,0.0327
0.48402,0.031214,0.0034171,0.87449,-0.018533,0.079979,0.032705
0.48409,0.03118,0.0034011,0.87446,-0.018525,0.079979,0.032715
0.48412,0.031069,0.0035204,0.87444,-0.018512,0.079988,0.0327
0.48421,0.031025,0.0035342,0.8744,-0.018507,0.079989,0.032708
0.48431,0.030951,0.0035175,0.87434,-0.018479,0.080021,0.032713
0.48439,0.030926,0.0035539,0.8743,-0.018473,0.080025,0.03271
0.48441,0.030904,0.0035146,0.87429,-0.018453,0.080024,0.032721
0.48447,0.030894,0.0035246,0.87425,-0.018442,0.080028,0.032721
0.48447,0.030874,0.0034707,0.87426,-0.018409,0.080029,0.032734
0.48451,0.030803,0.0033611,0.87424,-0.01836,0.080059,0.032753
0.48452,0.030774,0.0033108,0.87423,-0.018332,0.080062,0.032764
0.48456,0.03074,0.0033104,0.87421,-0.01831,0.080066,0.032771
0.48463,0.030684,0.0033127,0.87418,-0.018296,0.080069,0.032781
0.48472,0.030561,0.0036832,0.87413,-0.018307,0.08009,0.032724
0.4848,0.030488,0.0037072,0.87408,-0.018289,0.080126,0.03272
0.48489,0.030455,0.0037297,0.87404,-0.018286,0.08013,0.032725
0.48492,0.030418,0.0036985,0.87402,-0.018266,0.080131,0.032735
0.48494,0.030363,0.0036341,0.87401,-0.018243,0.080134,0.032749
0.4849,0.030269,0.0035828,0.87404,-0.018214,0.080134,0.032763
0.48495,0.030158,0.0035097,0.87401,-0.018177,0.080163,0.03278
0.48494,0.030073,0.0034786,0.87403,-0.018148,0.080165,0.032793
0.48499,0.03006,0.0035003,0.87399,-0.018135,0.080165,0.03279
0.48504,0.030018,0.0035389,0.87397,-0.018121,0.080169,0.03279
0.48509,0.029991,0.0035634,0.87394,-0.018108,0.08017,0.032793
0.4851,0.029888,0.0034695,0.87394,-0.01806,0.080197,0.032816
0.48512,0.029838,0.0034489,0.87393,-0.018039,0.080199,0.032825
0.48512,0.029796,0.0034027,0.87393,-0.018016,0.080202,0.032837
0.48513,0.029732,0.003392,0.87393,-0.017991,0.080206,0.032844
0.48522,0.029707,0.003412,0.87388,-0.017981,0.080208,0.032845
0.48531,0.029611,0.0033937,0.87383,-0.017959,0.080244,0.032854
0.48537,0.029575,0.0033865,0.8738,-0.017947,0.080247,0.032858
0.48534,0.029501,0.0033744,0.87382,-0.017919,0.080251,0.032866
0.48542,0.029486,0.003434,0.87378,-0.017913,0.080255,0.032859
0.48549,0.029471,0.0034699,0.87374,-0.017913,0.08026,0.032857
0.48552,0.029369,0.0034141,0.87373,-0.017872,0.080291,0.032875
0.48553,0.029227,0.0037142,0.87372,-0.017864,0.080305,0.032828
0.48556,0.029217,0.0037051,0.87371,-0.017849,0.080301,0.032831
0.48559,0.029187,0.0036795,0.87369,-0.017834,0.080302,0.03284
0.48561,0.029148,0.0037143,0.87368,-0.017819,0.080304,0.032837
0.48559,0.028995,0.0037523,0.8737,-0.017778,0.080342,0.032836
0.48562,0.02897,0.0037302,0.87368,-0.017763,0.080339,0.032846
0.48569,0.028947,0.0037597,0.87365,-0.017759,0.080341,0.032841
0.48573,0.028898,0.0037313,0.87362,-0.01775,0.080343,0.032855
0.48575,0.028883,0.0037222,0.87361,-0.017736,0.080341,0.03286
0.48573,0.028733,0.0037708,0.87363,-0.017696,0.080379,0.032856
0.48578,0.028744,0.0038061,0.8736,-0.017689,0.080382,0.032847
0.48581,0.02874,0.0037881,0.87358,-0.017679,0.080383,0.032855
0.48577,0.02867,0.00388,0.87361,-0.017652,0.080388,0.032837
0.48575,0.028586,0.0038914,0.87362,-0.01763,0.080392,0.032842
0.48579,0.028515,0.0038557,0.8736,-0.017598,0.080424,0.032853
0.48576,0.028476,0.0038334,0.87362,-0.017579,0.080424,0.032858
0.48578,0.028432,0.0038941,0.87361,-0.017568,0.08043,0.032846
0.48583,0.028401,0.0040221,0.87358,-0.017568,0.080438,0.03282
0.48586,0.028267,0.0043164,0.87357,-0.017584,0.080459,0.03276
0.48586,0.028177,0.0042923,0.87357,-0.017547,0.080497,0.032766
0.48587,0.028184,0.004269,0.87357,-0.017529,0.0805,0.032767
0.48586,0.028186,0.0042566,0.87357,-0.017508,0.080501,0.032768
0.48586,0.028153,0.0042248,0.87357,-0.017489,0.080504,0.032777
0.48585,0.028133,0.0042025,0.87358,-0.017468,0.080507,0.032781
0.48587,0.027932,0.0044391,0.87357,-0.017445,0.080548,0.032748
0.48586,0.027917,0.0043987,0.87358,-0.017421,0.080542,0.032759
0.48585,0.02789,0.0043758,0.87359,-0.017399,0.080544,0.032765
0.48589,0.027874,0.004376,0.87357,-0.017391,0.080545,0.032769
0.48589,0.02785,0.0043395,0.87356,-0.017373,0.080546,0.032778
0.48589,0.027752,0.0043094,0.87357,-0.017332,0.08058,0.032787
0.48591,0.027758,0.0043163,0.87356,-0.01732,0.080581,0.032786
0.48593,0.027751,0.0042989,0.87355,-0.01731,0.080583,0.03279
0.48592,0.027718,0.0042716,0.87355,-0.01729,0.080586,0.0328
0.48595,0.027683,0.0042537,0.87354,-0.017283,0.080587,0.032806
0.48599,0.027586,0.0042035,0.87352,-0.017252,0.080619,0.032821
0.48602,0.027592,0.0042201,0.8735,-0.017247,0.08062,0.032816
0.48605,0.027562,0.0042096,0.87348,-0.017238,0.08062,0.032821
0.48609,0.027525,0.0041992,0.87347,-0.017232,0.080622,0.032828
0.48608,0.027487,0.0042608,0.87347,-0.017216,0.080626,0.032817
0.48608,0.027416,0.0041918,0.87347,-0.017179,0.080654,0.032832
0.48609,0.027402,0.004255,0.87347,-0.017166,0.080656,0.032818
0.4861,0.027361,0.0043075,0.87347,-0.017156,0.08066,0.03281
0.48609,0.027354,0.0042948,0.87347,-0.017138,0.080662,0.032815
0.4861,0.027231,0.0045369,0.87347,-0.017133,0.080671,0.032775
0.48611,0.027113,0.004565,0.87347,-0.01711,0.080711,0.032772
0.48609,0.02698,0.0047877,0.87348,-0.017111,0.080724,0.03273
0.48614,0.026988,0.0048101,0.87345,-0.017112,0.080722,0.032725
0.48613,0.026934,0.0047916,0.87346,-0.017091,0.080724,0.032736
0.48609,0.026866,0.0047857,0.87348,-0.01707,0.080726,0.032741
0.4861,0.026772,0.0048009,0.87348,-0.017041,0.080761,0.032738
0.48606,0.026742,0.0047915,0.8735,-0.017018,0.080766,0.032742
0.48605,0.026677,0.004765,0.87351,-0.017009,0.080766,0.032748
0.48607,0.026658,0.0047469,0.8735,-0.017002,0.080766,0.032754
0.48603,0.026573,0.0047499,0.87353,-0.016978,0.08077,0.032761
0.48605,0.026486,0.004697,0.87351,-0.016946,0.080802,0.032775
0.48606,0.02643,0.0047265,0.87351,-0.016934,0.080803,0.032772
0.48602,0.026397,0.0047261,0.87354,-0.016913,0.080805,0.032769
0.48603,0.026361,0.0047289,0.87353,-0.016905,0.080805,0.032772
0.48604,0.026313,0.0047702,0.87353,-0.016894,0.080809,0.032766
0.48605,0.026206,0.0047642,0.87352,-0.016863,0.080843,0.03277
0.48605,0.026175,0.0047324,0.87353,-0.016849,0.080842,0.032779
0.48604,0.026128,0.0047716,0.87353,-0.016837,0.080844,0.032775
0.48601,0.026092,0.0047651,0.87355,-0.016819,0.080846,0.032779
0.48596,0.026046,0.0047585,0.87358,-0.016797,0.080849,0.032782
0.48601,0.025887,0.0048966,0.87356,-0.01678,0.08089,0.032763
0.48597,0.025813,0.0049354,0.87358,-0.016772,0.080896,0.032755
0.48595,0.025762,0.0048919,0.87359,-0.016753,0.080894,0.032765
0.48595,0.025698,0.0049125,0.87359,-0.016744,0.080896,0.032766
0.48596,0.025694,0.004886,0.87359,-0.016735,0.080895,0.03277
0.48597,0.025581,0.0048673,0.87359,-0.0167,0.080928,0.032779
0.48598,0.025566,0.0048461,0.87358,-0.016692,0.080927,0.032784
0.48597,0.025546,0.0048101,0.87359,-0.016679,0.080928,0.032792
0.48594,0.025498,0.0048163,0.8736,-0.016661,0.080933,0.032794
0.48595,0.025473,0.0048473,0.8736,-0.016651,0.080935,0.032788
0.48598,0.025361,0.0048661,0.87359,-0.016623,0.080973,0.032787
0.48598,0.02531,0.0049294,0.87359,-0.016616,0.080977,0.032774
0.48599,0.025311,0.0049168,0.87358,-0.016608,0.080975,0.032775
0.486,0.025259,0.0049614,0.87358,-0.016604,0.080977,0.032769
0.48602,0.025272,0.0049346,0.87357,-0.016595,0.080976,0.032774
0.48604,0.025212,0.004876,0.87356,-0.016561,0.08101,0.032786
0.48606,0.025207,0.0048676,0.87355,-0.016555,0.081011,0.032788
0.48605,0.025168,0.004901,0.87356,-0.016543,0.081016,0.032781
0.48605,0.025137,0.0049175,0.87356,-0.016535,0.081018,0.032779
0.48605,0.025153,0.0049031,0.87356,-0.016523,0.081018,0.032777
0.48601,0.025028,0.0048273,0.87358,-0.016482,0.081054,0.032797
0.48599,0.024997,0.0048151,0.87359,-0.016468,0.081056,0.032801
0.48597,0.02498,0.0048454,0.8736,-0.016455,0.081058,0.032794
0.48597,0.024923,0.0049001,0.87361,-0.016445,0.081063,0.032784
0.48593,0.024891,0.0048957,0.87363,-0.016424,0.081065,0.032786
0.4859,0.024759,0.0048893,0.87365,-0.016385,0.081102,0.032787
0.48592,0.024746,0.0048939,0.87364,-0.01638,0.081102,0.032786
0.48591,0.024709,0.0048906,0.87365,-0.01637,0.081105,0.032789
0.48592,0.024661,0.0049207,0.87364,-0.016364,0.081108,0.032786
0.48594,0.024636,0.004909,0.87363,-0.016359,0.081107,0.03279
0.48597,0.024529,0.0049451,0.87361,-0.016332,0.081144,0.032786
0.486,0.024529,0.0049474,0.8736,-0.016332,0.081143,0.032784
0.48597,0.024478,0.0049168,0.87362,-0.016314,0.081145,0.032795
0.48599,0.024452,0.0049322,0.87361,-0.016308,0.081144,0.032794
0.48601,0.02442,0.0049591,0.8736,-0.016308,0.081145,0.03279
0.48604,0.024338,0.004906,0.87358,-0.016277,0.081179,0.032805
0.48602,0.02432,0.0049163,0.87359,-0.016263,0.081182,0.032803
0.48603,0.024313,0.0049019,0.87359,-0.016254,0.081182,0.032806
0.48602,0.024282,0.0049165,0.8736,-0.016245,0.081185,0.032804
0.48601,0.024241,0.0049281,0.8736,-0.016236,0.081187,0.032804
0.48602,0.024123,0.0049252,0.8736,-0.016202,0.081225,0.032809
0.48604,0.024107,0.0049211,0.87359,-0.0162,0.081224,0.032814
0.48604,0.024071,0.004941,0.87359,-0.016191,0.081226,0.032812
0.48603,0.024036,0.0049533,0.8736,-0.016183,0.081229,0.03281
0.48605,0.024055,0.0049641,0.87358,-0.016182,0.081228,0.032802
0.48606,0.023965,0.0048965,0.87358,-0.016142,0.081266,0.03282
0.48605,0.02393,0.0049089,0.87359,-0.016131,0.081269,0.03282
0.48604,0.023903,0.0049198,0.8736,-0.016123,0.081271,0.032817
0.48603,0.02389,0.0048924,0.8736,-0.016111,0.081271,0.032823
0.48603,0.023837,0.0049294,0.8736,-0.016103,0.081275,0.032816
0.48602,0.023748,0.0049356,0.87361,-0.016068,0.081314,0.032814
0.48604,0.023752,0.0049212,0.8736,-0.016065,0.081312,0.032816
0.48609,0.02372,0.0049944,0.87357,-0.016073,0.081313,0.032803
0.48611,0.02373,0.0049849,0.87356,-0.016068,0.081313,0.032804
0.48608,0.02369,0.0049659,0.87358,-0.01605,0.081315,0.032812
0.48611,0.0236,0.0049626,0.87356,-0.016019,0.081352,0.032816
0.48615,0.023555,0.005039,0.87355,-0.016025,0.081354,0.032801
0.48614,0.023511,0.0050831,0.87355,-0.01602,0.081358,0.032792
0.48615,0.02345,0.0051244,0.87355,-0.016019,0.081362,0.032785
0.48613,0.023433,0.0051037,0.87355,-0.016006,0.081361,0.032792
0.48614,0.023361,0.0050778,0.87355,-0.015971,0.081399,0.032796
0.48616,0.023334,0.0051232,0.87354,-0.01597,0.0814,0.032787
0.48616,0.023288,0.0051636,0.87354,-0.015964,0.081403,0.03278
0.48615,0.023241,0.0052041,0.87355,-0.015957,0.081406,0.032773
0.48616,0.023234,0.0052073,0.87354,-0.015953,0.081404,0.032772
0.48615,0.023142,0.0052058,0.87355,-0.015912,0.081443,0.032776
0.48617,0.023106,0.0052686,0.87354,-0.015911,0.081446,0.032763
0.48618,0.023085,0.0053456,0.87354,-0.015911,0.08145,0.032744
0.48621,0.023073,0.0053448,0.87352,-0.015916,0.081449,0.032746
0.48621,0.02304,0.0053844,0.87352,-0.015912,0.08145,0.032739
0.48627,0.022986,0.0053574,0.87349,-0.015888,0.081485,0.032744
0.48626,0.022954,0.0053727,0.8735,-0.015879,0.081486,0.032742
0.48627,0.022931,0.0054078,0.87349,-0.015876,0.081489,0.032735
0.48628,0.022936,0.0053928,0.87349,-0.015872,0.081487,0.032737
0.48628,0.022943,0.0053749,0.87348,-0.015865,0.081487,0.032738
0.4863,0.022847,0.0053489,0.87348,-0.015829,0.081524,0.032746
0.48632,0.022826,0.005374,0.87347,-0.015829,0.081525,0.032742
0.48636,0.022825,0.0053923,0.87344,-0.015835,0.081524,0.032736
0.48637,0.022825,0.0053838,0.87344,-0.015829,0.081524,0.032738
0.48636,0.022837,0.0053512,0.87344,-0.015819,0.081524,0.032743
0.48637,0.022775,0.0052866,0.87344,-0.015785,0.081561,0.032758
0.48635,0.022751,0.0052606,0.87345,-0.015771,0.081563,0.032768
0.48636,0.022736,0.0052615,0.87345,-0.015765,0.081565,0.032769
0.48634,0.02272,0.0052605,0.87346,-0.015753,0.081567,0.032769
0.48635,0.022726,0.0052326,0.87346,-0.015748,0.081565,0.032774
0.48637,0.02264,0.005225,0.87344,-0.015718,0.081603,0.032778
0.48636,0.022623,0.0052025,0.87345,-0.015706,0.081604,0.032784
0.48635,0.022586,0.0052475,0.87346,-0.015699,0.081606,0.032776
0.48635,0.02256,0.005274,0.87345,-0.015697,0.081607,0.032772
0.48637,0.022523,0.0053185,0.87344,-0.015702,0.081609,0.032763
0.48641,0.022437,0.0052879,0.87343,-0.015676,0.081646,0.032772
0.4864,0.022395,0.0053324,0.87343,-0.015668,0.081649,0.032764
0.4864,0.02236,0.0053697,0.87343,-0.015666,0.081651,0.032757
0.4864,0.022302,0.005405,0.87344,-0.015661,0.081653,0.032752
0.48637,0.022295,0.0053887,0.87345,-0.015647,0.081655,0.032756
0.48636,0.022199,0.0053391,0.87346,-0.015607,0.081694,0.032769
0.48638,0.022171,0.0053651,0.87345,-0.015606,0.081695,0.032766
0.4864,0.022157,0.0053864,0.87344,-0.015609,0.081696,0.032762
0.48638,0.022141,0.0053917,0.87345,-0.015598,0.081696,0.03276
0.4864,0.022127,0.0053844,0.87344,-0.015595,0.081696,0.032764
0.48641,0.022051,0.0053301,0.87344,-0.015559,0.081733,0.032781
0.48639,0.022012,0.0053562,0.87345,-0.015548,0.081737,0.032778
0.48638,0.021972,0.0053872,0.87345,-0.015542,0.08174,0.032775
0.48637,0.021943,0.005376,0.87346,-0.015534,0.081741,0.03278
0.48637,0.021934,0.005362,0.87346,-0.015528,0.081742,0.032784
0.48635,0.021839,0.0053094,0.87347,-0.015483,0.081783,0.0328
0.48635,0.021819,0.0053681,0.87347,-0.015479,0.081785,0.032789
0.48638,0.021805,0.0053943,0.87346,-0.015482,0.081786,0.032785
0.48637,0.02178,0.0054061,0.87346,-0.015475,0.081788,0.032785
0.48639,0.021757,0.0054513,0.87345,-0.015476,0.081788,0.032778
0.48639,0.021665,0.0054146,0.87345,-0.01544,0.081826,0.032791
0.48639,0.021644,0.0054283,0.87346,-0.015432,0.081827,0.03279
0.48639,0.021619,0.0054307,0.87346,-0.015427,0.081828,0.032791
0.4864,0.021614,0.0054277,0.87345,-0.015423,0.081827,0.032793
0.48638,0.021588,0.0054353,0.87346,-0.015412,0.081828,0.032792
0.4864,0.021513,0.0053837,0.87345,-0.015379,0.081865,0.032808
0.48641,0.021479,0.0054205,0.87345,-0.015375,0.081866,0.032802
0.48642,0.021456,0.0054797,0.87345,-0.015377,0.081868,0.032789
0.48642,0.02145,0.0054674,0.87345,-0.01537,0.081868,0.032794
0.48643,0.021443,0.0054926,0.87344,-0.01537,0.081869,0.03279
0.48646,0.021371,0.0054427,0.87343,-0.015336,0.081907,0.032803
0.48644,0.02135,0.0054402,0.87344,-0.015326,0.081909,0.032804
0.48647,0.021336,0.0054588,0.87342,-0.015329,0.081908,0.032801
0.48645,0.021313,0.0054659,0.87343,-0.015319,0.081909,0.032803
0.48645,0.021305,0.0055209,0.87343,-0.015316,0.081909,0.032788
0.48647,0.021229,0.0054832,0.87342,-0.015283,0.081947,0.032799
0.48648,0.02123,0.00551,0.87342,-0.015282,0.081947,0.032791
0.48649,0.021229,0.0054946,0.87341,-0.015279,0.081946,0.032794
0.48651,0.021227,0.0054795,0.8734,-0.015279,0.081945,0.032798
0.48654,0.021231,0.0054809,0.87339,-0.015281,0.081944,0.032799
0.48655,0.021158,0.0054332,0.87338,-0.015247,0.081983,0.032813
0.48659,0.021141,0.005449,0.87336,-0.015252,0.081983,0.032811
0.48659,0.021115,0.0054477,0.87336,-0.015246,0.081984,0.032815
0.48659,0.021117,0.0054384,0.87336,-0.015241,0.081983,0.032817
0.48659,0.021114,0.0054486,0.87336,-0.015236,0.081983,0.032814
0.48663,0.021043,0.0054052,0.87334,-0.015207,0.082021,0.032827
0.48666,0.021025,0.0054286,0.87332,-0.015208,0.082022,0.032823
0.48668,0.021018,0.0054408,0.87331,-0.015209,0.082022,0.032821
0.4867,0.021002,0.0054489,0.8733,-0.015208,0.082022,0.032821
0.4867,0.020986,0.0054512,0.8733,-0.015201,0.082023,0.032822
0.48672,0.020891,0.0054645,0.87329,-0.015171,0.082063,0.032824
0.48674,0.020899,0.005454,0.87328,-0.01517,0.082062,0.032825
0.48674,0.020876,0.0055016,0.87328,-0.015169,0.082063,0.032815
0.48675,0.020869,0.005488,0.87328,-0.015164,0.082063,0.032819
0.48676,0.020852,0.0054992,0.87327,-0.015163,0.082064,0.032817
0.48678,0.020781,0.0054645,0.87326,-0.015129,0.082102,0.032826
0.48678,0.020776,0.0054561,0.87326,-0.015125,0.082102,0.032828
0.48678,0.020775,0.0054473,0.87326,-0.015119,0.082103,0.03283
0.48676,0.020765,0.0054443,0.87327,-0.015108,0.082104,0.032829
0.48675,0.02076,0.0054215,0.87328,-0.0151,0.082105,0.032834
0.48675,0.020673,0.00537,0.87328,-0.015059,0.082145,0.03285
0.48676,0.020652,0.0054161,0.87328,-0.015058,0.082147,0.03284
0.48677,0.020635,0.0054272,0.87327,-0.015059,0.082146,0.032837
0.48678,0.020613,0.0054785,0.87326,-0.01506,0.082148,0.032823
0.48676,0.02058,0.0055038,0.87327,-0.015052,0.082151,0.032817
0.48679,0.0205,0.0054769,0.87326,-0.015021,0.08219,0.032827
0.48681,0.020486,0.0054857,0.87325,-0.015022,0.082192,0.032827
0.48683,0.020477,0.0055003,0.87324,-0.015024,0.082192,0.032824
0.48683,0.02048,0.0054913,0.87324,-0.015019,0.082193,0.032826
0.48684,0.02047,0.0054751,0.87323,-0.015014,0.082194,0.032831
0.48688,0.020401,0.0054199,0.87322,-0.014982,0.082234,0.032848
0.48689,0.020374,0.0054638,0.87321,-0.014983,0.082236,0.03284
0.4869,0.020376,0.0054441,0.8732,-0.014981,0.082235,0.032847
0.4869,0.020353,0.0054524,0.87321,-0.014973,0.082237,0.032848
0.48691,0.020346,0.0054573,0.8732,-0.014971,0.082237,0.032848
0.48695,0.020288,0.0054079,0.87318,-0.014944,0.082274,0.032864
0.48695,0.020272,0.0054544,0.87318,-0.014942,0.082275,0.032853
0.48698,0.02026,0.0054972,0.87316,-0.014949,0.082278,0.032842
0.48698,0.020257,0.0054935,0.87316,-0.014948,0.082278,0.032844
0.487,0.020269,0.0054769,0.87315,-0.014947,0.082278,0.032846
0.487,0.020182,0.005492,0.87315,-0.014911,0.082315,0.032847
0.48702,0.020182,0.0055065,0.87314,-0.014913,0.082316,0.032842
0.48701,0.020151,0.0055435,0.87315,-0.014907,0.082319,0.032835
0.48703,0.020146,0.0055586,0.87313,-0.014911,0.082318,0.032831
0.48704,0.020154,0.0055548,0.87313,-0.014907,0.082318,0.03283
0.48706,0.020064,0.0055468,0.87312,-0.014878,0.082357,0.032835
0.48706,0.020067,0.005531,0.87312,-0.014872,0.082357,0.032837
0.48707,0.020059,0.0055433,0.87311,-0.01487,0.082357,0.032835
0.48708,0.020039,0.0056028,0.87311,-0.014871,0.082359,0.032821
0.48708,0.020021,0.0056276,0.87311,-0.014865,0.082363,0.032814
0.48707,0.019943,0.0056244,0.87312,-0.014827,0.082403,0.032816
0.48707,0.019958,0.0056155,0.87312,-0.014822,0.082403,0.032817
0.48707,0.019943,0.0056544,0.87312,-0.014819,0.082405,0.032808
0.48708,0.019943,0.0056725,0.87311,-0.014816,0.082406,0.032802
0.4871,0.019937,0.0056777,0.8731,-0.014819,0.082406,0.0328
0.4871,0.019879,0.0056177,0.8731,-0.014784,0.082443,0.032816
0.48709,0.019887,0.0056305,0.87311,-0.014777,0.082444,0.032811
0.48711,0.019888,0.0056947,0.87309,-0.014782,0.082444,0.032795
0.48713,0.019874,0.0057198,0.87309,-0.014784,0.082445,0.032788
0.48715,0.019861,0.0057301,0.87308,-0.014787,0.082446,0.032786
0.48717,0.019795,0.0056719,0.87306,-0.014755,0.082483,0.032804
0.48718,0.019796,0.0056832,0.87306,-0.014753,0.082484,0.0328
0.48719,0.019776,0.0057116,0.87305,-0.014752,0.082486,0.032794
0.4872,0.019772,0.0057187,0.87305,-0.01475,0.082487,0.032792
0.48719,0.019766,0.0057032,0.87305,-0.014745,0.082488,0.032797
0.48721,0.019688,0.0057254,0.87304,-0.014719,0.082526,0.032795
0.48722,0.019664,0.0057387,0.87304,-0.014723,0.082527,0.032793
0.48722,0.019667,0.005729,0.87304,-0.014718,0.082528,0.032794
0.48723,0.019664,0.0057231,0.87304,-0.014718,0.082528,0.032797
0.48722,0.019643,0.005764,0.87304,-0.014715,0.08253,0.032789
0.48723,0.019565,0.0057712,0.87304,-0.014686,0.082569,0.032788
0.48723,0.019558,0.0057718,0.87304,-0.014682,0.08257,0.032787
0.48724,0.019557,0.005757,0.87303,-0.014679,0.08257,0.032793
0.48723,0.01954,0.0057579,0.87303,-0.014675,0.082573,0.032793
0.48724,0.019528,0.0057489,0.87303,-0.014675,0.082573,0.032796
0.48725,0.019463,0.0057085,0.87302,-0.014645,0.082611,0.032808
0.48725,0.01944,0.0057551,0.87302,-0.014642,0.082614,0.032796
0.48724,0.019434,0.005746,0.87303,-0.014634,0.082615,0.032798
0.48724,0.019409,0.0057915,0.87304,-0.014632,0.082617,0.03279
0.48723,0.019408,0.0058004,0.87304,-0.014627,0.082618,0.032787
0.48724,0.019324,0.0058052,0.87303,-0.014596,0.082657,0.03279
0.48725,0.019324,0.0058091,0.87303,-0.014596,0.082657,0.032788
0.48725,0.019312,0.0058395,0.87303,-0.014594,0.082659,0.032781
0.48725,0.019323,0.0058398,0.87303,-0.014592,0.082658,0.032778
0.48722,0.019321,0.0058134,0.87304,-0.014581,0.082659,0.032785
0.48724,0.019261,0.0057725,0.87304,-0.014549,0.082695,0.032796
0.48722,0.019238,0.0057982,0.87305,-0.014543,0.082697,0.03279
0.48722,0.019241,0.0057841,0.87305,-0.014538,0.082696,0.032794
0.48722,0.01922,0.0058356,0.87305,-0.014533,0.082698,0.032782
0.48722,0.019222,0.0058385,0.87305,-0.014531,0.082698,0.032782
0.48725,0.019148,0.0058023,0.87303,-0.014502,0.082735,0.032795
0.48726,0.019139,0.0057977,0.87303,-0.0145,0.082737,0.032797
0.48727,0.019106,0.0058917,0.87302,-0.014505,0.08274,0.032777
0.48728,0.019093,0.0059112,0.87302,-0.014505,0.082742,0.032772
0.48725,0.019077,0.0059106,0.87303,-0.014495,0.082744,0.032772
0.48726,0.019004,0.0058573,0.87303,-0.014464,0.082779,0.032788
0.48726,0.018999,0.0058456,0.87303,-0.014461,0.082779,0.032791
0.48727,0.018999,0.005851,0.87303,-0.014462,0.082779,0.032789
0.48727,0.018994,0.0058452,0.87302,-0.014462,0.082778,0.032791
0.48727,0.018987,0.0058274,0.87302,-0.01446,0.082778,0.032795
0.48729,0.018922,0.0057713,0.87301,-0.014432,0.082813,0.032813
0.48729,0.018922,0.0057523,0.87302,-0.014428,0.082813,0.032818
0.48729,0.018924,0.0057319,0.87302,-0.014426,0.082814,0.032822
0.4873,0.018924,0.0057118,0.87301,-0.014428,0.082813,0.032829
0.48731,0.018911,0.0056899,0.87301,-0.014426,0.082814,0.032836
0.48732,0.018843,0.0056367,0.873,-0.014396,0.08285,0.032853
0.48733,0.018841,0.0056156,0.873,-0.014394,0.08285,0.032857
0.48733,0.018839,0.0056224,0.873,-0.014394,0.082851,0.032855
0.48734,0.018829,0.0056379,0.87299,-0.014394,0.082852,0.032852
0.48733,0.018804,0.0056721,0.87299,-0.014392,0.082854,0.032844
0.48735,0.018742,0.0056274,0.87299,-0.014363,0.082889,0.032857
0.48736,0.018745,0.0056219,0.87298,-0.014363,0.082889,0.032856
0.48736,0.018729,0.0056646,0.87298,-0.014361,0.082892,0.032845
0.48735,0.018721,0.0056471,0.87299,-0.014356,0.082892,0.03285
0.48738,0.01872,0.0056374,0.87297,-0.014357,0.082891,0.032853
0.48739,0.018661,0.0055874,0.87297,-0.014328,0.082927,0.032869
0.48738,0.018653,0.0055614,0.87297,-0.01432,0.082927,0.032876
0.48738,0.018655,0.0055542,0.87297,-0.014319,0.082927,0.032878
0.48737,0.018643,0.0055494,0.87298,-0.014312,0.082929,0.032881
0.48737,0.018648,0.0055395,0.87298,-0.01431,0.08293,0.032882
0.4874,0.018588,0.0055138,0.87297,-0.014285,0.082965,0.032891
0.48738,0.01857,0.0055278,0.87297,-0.014278,0.082967,0.032889
0.48738,0.018567,0.0055354,0.87298,-0.014275,0.082968,0.032887
0.48738,0.018567,0.0055354,0.87298,-0.014273,0.08297,0.032886
0.48738,0.018567,0.0055354,0.87298,-0.014271,0.082971,0.032886
0.48739,0.018502,0.0054648,0.87297,-0.01424,0.083005,0.032908
0.48739,0.018494,0.005478,0.87297,-0.014238,0.083006,0.032906
0.4874,0.018488,0.0054801,0.87297,-0.014237,0.083007,0.032906
0.48741,0.018497,0.0054812,0.87296,-0.014236,0.083007,0.032904
0.48741,0.018479,0.0054996,0.87296,-0.014231,0.083009,0.0329
0.48742,0.018422,0.0054375,0.87296,-0.014201,0.083044,0.032916
0.48742,0.018407,0.0054634,0.87296,-0.014198,0.083046,0.032909
0.48743,0.018404,0.0054678,0.87295,-0.014198,0.083046,0.032908
0.48743,0.018399,0.0054617,0.87295,-0.014199,0.083047,0.032909
0.48744,0.018396,0.0054594,0.87294,-0.014199,0.083047,0.03291
0.48747,0.018331,0.0054087,0.87293,-0.014174,0.083081,0.032924
0.4875,0.01833,0.0054254,0.87292,-0.014181,0.083081,0.032919
0.4875,0.018324,0.0054381,0.87291,-0.014182,0.083082,0.032915
0.48752,0.018316,0.005445,0.8729,-0.014187,0.083082,0.032915
0.48754,0.0183,0.0054841,0.87289,-0.01419,0.083083,0.032905
0.48755,0.018239,0.0054263,0.87289,-0.014161,0.083116,0.032922
0.48757,0.018218,0.0054859,0.87288,-0.014164,0.083118,0.032909
0.48757,0.018225,0.0054832,0.87287,-0.014165,0.083118,0.032909
0.48758,0.018218,0.0054851,0.87287,-0.014166,0.083117,0.032908
0.48759,0.01822,0.0054646,0.87287,-0.014165,0.083117,0.032913
0.48759,0.018136,0.0054397,0.87287,-0.014132,0.083151,0.032924
0.4876,0.018135,0.0054396,0.87286,-0.014133,0.083151,0.032924
0.4876,0.018114,0.0054803,0.87286,-0.014136,0.083153,0.032916
0.48761,0.018112,0.0054721,0.87286,-0.014136,0.083152,0.032919
0.48762,0.018106,0.0054828,0.87285,-0.014138,0.083152,0.032916
0.48762,0.018042,0.0054154,0.87285,-0.014108,0.083185,0.032938
0.48763,0.018037,0.005415,0.87285,-0.014108,0.083185,0.032938
0.48763,0.018029,0.0054231,0.87285,-0.014109,0.083186,0.032936
0.48764,0.018028,0.0054149,0.87284,-0.01411,0.083185,0.032939
0.48765,0.018021,0.005416,0.87284,-0.014111,0.083185,0.032939
0.48766,0.017955,0.0053574,0.87283,-0.014083,0.083217,0.032956
0.48766,0.01795,0.0053611,0.87283,-0.014084,0.083218,0.032956
0.48766,0.017924,0.005416,0.87283,-0.014085,0.08322,0.032942
0.48765,0.017922,0.0054106,0.87284,-0.014081,0.083221,0.032943
0.48765,0.017902,0.0054424,0.87284,-0.014083,0.083222,0.032935
0.48766,0.017842,0.0053849,0.87283,-0.014053,0.083254,0.032952
0.48766,0.017819,0.0054405,0.87283,-0.014055,0.083255,0.032938
0.48766,0.017816,0.0054511,0.87283,-0.014054,0.083256,0.032935
0.48766,0.017812,0.0054597,0.87283,-0.014055,0.083257,0.032934
0.48767,0.017812,0.0054431,0.87283,-0.014053,0.083257,0.032938
0.48767,0.017722,0.0054508,0.87283,-0.014023,0.083291,0.03294
0.48767,0.017728,0.0054452,0.87283,-0.01402,0.083291,0.03294
0.48767,0.017703,0.0055031,0.87283,-0.01402,0.083293,0.032927
0.48766,0.017702,0.0054973,0.87283,-0.014016,0.083293,0.03293
0.48766,0.017702,0.0054973,0.87283,-0.014014,0.083294,0.03293
0.48766,0.01761,0.0055094,0.87284,-0.013985,0.083328,0.03293
0.48766,0.017602,0.0055058,0.87284,-0.013982,0.083329,0.032931
0.48766,0.017596,0.0054917,0.87284,-0.01398,0.083329,0.032936
0.48767,0.01757,0.0055735,0.87284,-0.013986,0.083331,0.032916
0.48767,0.017537,0.0056607,0.87283,-0.013997,0.083338,0.032887
0.48768,0.017461,0.0056425,0.87283,-0.013974,0.083371,0.032891
0.48769,0.017434,0.0057278,0.87282,-0.013982,0.083374,0.032867
0.48769,0.017437,0.0057162,0.87282,-0.013979,0.083373,0.032871
0.48768,0.017437,0.0057052,0.87283,-0.013974,0.083375,0.032873
0.48767,0.017436,0.0057034,0.87284,-0.013969,0.083376,0.032873
0.48768,0.017375,0.005648,0.87283,-0.013942,0.083406,0.032889
0.48767,0.017372,0.0056398,0.87284,-0.013939,0.083407,0.032891
0.48767,0.017367,0.0056492,0.87284,-0.013938,0.083408,0.032888
0.48766,0.017344,0.0056922,0.87284,-0.013936,0.08341,0.032877
0.48765,0.01732,0.0057318,0.87285,-0.013936,0.083415,0.032866
0.48766,0.017258,0.0056831,0.87285,-0.013909,0.083444,0.032879
0.48766,0.017265,0.0056709,0.87284,-0.013907,0.083444,0.032881
0.48765,0.017263,0.00567,0.87285,-0.013902,0.083446,0.03288
0.48764,0.017267,0.0056584,0.87285,-0.013898,0.083446,0.032882
0.48764,0.017247,0.0057062,0.87285,-0.0139,0.083448,0.032871
0.48765,0.017188,0.0056497,0.87285,-0.013875,0.083474,0.032886
0.48766,0.017155,0.005731,0.87285,-0.01388,0.083477,0.032866
0.48765,0.017149,0.0057371,0.87285,-0.013875,0.083478,0.032866
0.48765,0.017122,0.0057929,0.87285,-0.013876,0.083481,0.032854
0.48765,0.017093,0.005868,0.87285,-0.013883,0.083487,0.032833
0.48767,0.016998,0.0058819,0.87285,-0.013866,0.083519,0.032828
0.48767,0.016993,0.0058621,0.87284,-0.013864,0.083518,0.032835
0.48766,0.016967,0.0059017,0.87285,-0.013864,0.08352,0.032827
0.48766,0.016967,0.0059017,0.87285,-0.013863,0.08352,0.032826
0.48766,0.016955,0.0059183,0.87285,-0.013862,0.083521,0.032821
0.48767,0.016884,0.005878,0.87285,-0.013836,0.083549,0.032832
0.48766,0.016884,0.0058676,0.87285,-0.013834,0.08355,0.032834
0.48766,0.01688,0.0058676,0.87285,-0.01383,0.083551,0.032834
0.48765,0.016876,0.005858,0.87286,-0.013827,0.083551,0.032837
0.48765,0.016848,0.0059076,0.87286,-0.013829,0.083553,0.032826
0.48766,0.016785,0.0058645,0.87285,-0.013805,0.083579,0.032838
0.48766,0.016784,0.0058541,0.87286,-0.013802,0.08358,0.03284
0.48765,0.016758,0.0058957,0.87286,-0.013801,0.083581,0.032831
0.48765,0.016731,0.0059389,0.87286,-0.013804,0.083585,0.032819
0.48766,0.016723,0.0059474,0.87286,-0.013806,0.083585,0.032816
0.48768,0.016658,0.0058998,0.87285,-0.013785,0.083611,0.032828
0.48768,0.016661,0.0059002,0.87284,-0.013785,0.083612,0.032828
0.48768,0.016657,0.0058981,0.87284,-0.013783,0.083613,0.032829
0.48766,0.016651,0.0059144,0.87285,-0.01378,0.083615,0.032823
0.48766,0.016631,0.0059516,0.87286,-0.013779,0.083617,0.032813
0.48767,0.016563,0.0059056,0.87285,-0.013758,0.083641,0.032826
0.48767,0.016558,0.0059021,0.87285,-0.013757,0.083642,0.032826
0.48767,0.016554,0.005895,0.87285,-0.013754,0.083643,0.032828
0.48766,0.016556,0.0058857,0.87286,-0.013751,0.083644,0.032829
0.48766,0.016556,0.0058857,0.87286,-0.013749,0.083644,0.032828
0.48767,0.016471,0.005882,0.87285,-0.013728,0.083671,0.032829
0.48766,0.01647,0.0058638,0.87286,-0.013723,0.08367,0.032834
0.48768,0.016465,0.0058792,0.87285,-0.013725,0.08367,0.03283
0.48768,0.016464,0.0058719,0.87285,-0.013725,0.083671,0.032832
0.48768,0.016466,0.0058602,0.87285,-0.013721,0.083672,0.032834
0.4877,0.016408,0.0058022,0.87284,-0.013702,0.083695,0.032848
0.4877,0.016408,0.0058022,0.87284,-0.0137,0.083696,0.032848
0.4877,0.016394,0.0058344,0.87284,-0.0137,0.083698,0.032839
0.4877,0.016392,0.0058364,0.87284,-0.013698,0.083698,0.032839
0.4877,0.016389,0.0058429,0.87284,-0.013698,0.083698,0.032836
0.48771,0.016329,0.0057701,0.87283,-0.013675,0.083721,0.032855
0.48772,0.016331,0.0057637,0.87283,-0.013678,0.08372,0.032856
0.48773,0.016332,0.0057549,0.87282,-0.013678,0.08372,0.032857
0.48773,0.016333,0.0057377,0.87282,-0.013677,0.08372,0.032861
0.48774,0.016314,0.0057749,0.87282,-0.01368,0.083722,0.032852
0.48776,0.016244,0.005745,0.87281,-0.013662,0.083746,0.032859
0.48777,0.016241,0.0057555,0.8728,-0.013665,0.083746,0.032856
0.48778,0.016218,0.0058016,0.8728,-0.013669,0.083748,0.032844
0.48778,0.016218,0.0058016,0.8728,-0.013668,0.083749,0.032844
0.48778,0.016214,0.0057996,0.8728,-0.013667,0.083749,0.032844
0.4878,0.016144,0.0057748,0.87279,-0.013649,0.083772,0.032849
0.4878,0.016139,0.0057811,0.87279,-0.013649,0.083772,0.032847
0.48779,0.01613,0.0058013,0.87279,-0.013646,0.083773,0.032841
0.48781,0.016129,0.0058077,0.87278,-0.01365,0.083773,0.032839
0.4878,0.016121,0.0058097,0.87278,-0.013648,0.083773,0.032838
0.48781,0.016048,0.0057848,0.87278,-0.013628,0.083797,0.032843
0.48781,0.016037,0.0058017,0.87278,-0.013626,0.083798,0.032838
0.48781,0.016032,0.0058014,0.87278,-0.013624,0.0838,0.032838
0.4878,0.016028,0.0057868,0.87279,-0.013621,0.0838,0.032842
0.48782,0.016027,0.0057928,0.87278,-0.013625,0.083801,0.03284
0.48785,0.015957,0.005769,0.87277,-0.013611,0.083823,0.032846
0.48785,0.015953,0.0057614,0.87276,-0.01361,0.083823,0.032848
0.48784,0.015954,0.0057307,0.87277,-0.013603,0.083823,0.032857
0.48784,0.015948,0.0057179,0.87277,-0.0136,0.083824,0.032861
0.48784,0.015949,0.0057047,0.87277,-0.013599,0.083825,0.032863
0.48786,0.015882,0.0056674,0.87276,-0.013581,0.083846,0.032872
0.48787,0.015855,0.005711,0.87276,-0.013584,0.083848,0.032861
0.48787,0.015861,0.0056984,0.87275,-0.013583,0.083846,0.032865
0.48788,0.015863,0.0056851,0.87275,-0.013581,0.083847,0.032869
0.48787,0.015857,0.0056724,0.87276,-0.013577,0.083848,0.032872
0.48788,0.015794,0.0056169,0.87275,-0.013556,0.08387,0.032887
0.48789,0.015783,0.0056265,0.87275,-0.013557,0.083871,0.032884
0.48788,0.015783,0.0056045,0.87275,-0.013552,0.083871,0.032891
0.48789,0.015773,0.005616,0.87274,-0.013554,0.083872,0.032889
0.4879,0.015763,0.0056345,0.87274,-0.013556,0.083874,0.032884
0.48792,0.015693,0.0056146,0.87273,-0.013543,0.083895,0.032887
0.48794,0.01569,0.0056244,0.87272,-0.013547,0.083895,0.032884
0.48794,0.015689,0.0056085,0.87272,-0.013548,0.083895,0.032888
0.48796,0.015675,0.005639,0.87271,-0.013552,0.083895,0.03288
0.48797,0.015664,0.0056487,0.8727,-0.013556,0.083896,0.032878
0.48799,0.01559,0.0056158,0.87269,-0.01354,0.083915,0.032886
0.48799,0.015589,0.0055998,0.87269,-0.013538,0.083915,0.032892
0.48799,0.015584,0.0055907,0.87269,-0.013536,0.083916,0.032895
0.48801,0.015581,0.0056061,0.87268,-0.013539,0.083918,0.032891
0.48801,0.01558,0.00559,0.87268,-0.013539,0.083918,0.032896
0.48803,0.015515,0.005548,0.87267,-0.013522,0.083938,0.032906
0.48803,0.015504,0.0055585,0.87267,-0.013519,0.08394,0.032904
0.48804,0.0155,0.0055495,0.87266,-0.013518,0.08394,0.032907
0.48805,0.015489,0.0055616,0.87266,-0.013522,0.08394,0.032905
0.48806,0.015483,0.0055568,0.87265,-0.013522,0.083941,0.032907
0.48808,0.015409,0.0055126,0.87265,-0.013504,0.083961,0.032919
0.48808,0.015407,0.005501,0.87264,-0.013503,0.083961,0.032922
0.48808,0.015393,0.0055031,0.87265,-0.0135,0.083963,0.032923
0.48808,0.015387,0.0054931,0.87265,-0.013497,0.083963,0.032926
0.48808,0.01538,0.0054901,0.87264,-0.013496,0.083963,0.032928
0.48811,0.015304,0.0054524,0.87263,-0.01348,0.083982,0.032938
0.4881,0.015295,0.0054449,0.87263,-0.013478,0.083983,0.032942
0.48811,0.015282,0.0054444,0.87263,-0.013477,0.083983,0.032944
0.4881,0.015258,0.0054754,0.87264,-0.013476,0.083986,0.032937
0.48811,0.015246,0.0054767,0.87263,-0.013478,0.083986,0.032938
0.48812,0.015182,0.0054239,0.87263,-0.01346,0.084005,0.032951
0.48813,0.015174,0.0054248,0.87262,-0.013463,0.084005,0.032952
0.48814,0.015174,0.0054155,0.87262,-0.013464,0.084005,0.032954
0.48814,0.015165,0.0054168,0.87262,-0.013464,0.084006,0.032954
0.48815,0.015161,0.0053944,0.87261,-0.013463,0.084005,0.03296
0.48816,0.015087,0.0053485,0.8726,-0.013448,0.084024,0.032971
0.48817,0.015077,0.0053418,0.8726,-0.013448,0.084024,0.032974
0.48816,0.015061,0.0053422,0.87261,-0.013447,0.084025,0.032975
0.48817,0.015047,0.0053534,0.8726,-0.013448,0.084025,0.032973
0.48817,0.015038,0.0053542,0.8726,-0.013447,0.084026,0.032973
0.48818,0.014964,0.0053154,0.8726,-0.01343,0.084045,0.032983
0.48819,0.014962,0.0053127,0.87259,-0.01343,0.084045,0.032985
0.48819,0.014955,0.0053049,0.87259,-0.013431,0.084045,0.032987
0.4882,0.01494,0.0053287,0.87259,-0.013432,0.084048,0.032982
0.4882,0.014935,0.0053256,0.87259,-0.013432,0.084048,0.032983
0.48821,0.014857,0.0052899,0.87258,-0.013414,0.084066,0.032992
0.48822,0.014853,0.0052739,0.87258,-0.013416,0.084066,0.032998
0.48822,0.014852,0.0052419,0.87258,-0.013413,0.084066,0.033007
0.48821,0.014837,0.0052576,0.87258,-0.013412,0.084067,0.033006
0.48822,0.014831,0.0052456,0.87258,-0.013411,0.084068,0.033009
0.48824,0.014763,0.0052043,0.87257,-0.013396,0.084086,0.033019
0.48825,0.014749,0.0052229,0.87256,-0.0134,0.084087,0.033014
0.48826,0.01474,0.0052258,0.87256,-0.013405,0.084088,0.033014
0.48827,0.014726,0.0052402,0.87255,-0.013408,0.084089,0.03301
0.48828,0.014716,0.0052486,0.87255,-0.013411,0.08409,0.033007
0.48828,0.01465,0.0051813,0.87255,-0.013391,0.084107,0.033026
0.48829,0.014643,0.0051822,0.87254,-0.013392,0.084107,0.033025
0.48829,0.01464,0.0051722,0.87254,-0.013391,0.084107,0.033028
0.48829,0.014625,0.0051735,0.87254,-0.013392,0.084109,0.033029
0.48831,0.014618,0.0051906,0.87253,-0.0134,0.084108,0.033024
0.48833,0.014544,0.0051636,0.87252,-0.013389,0.084125,0.033029
0.48833,0.014529,0.0051776,0.87252,-0.013393,0.084126,0.033026
0.48834,0.014519,0.005187,0.87252,-0.013397,0.084127,0.033023
0.48835,0.014512,0.0051889,0.87251,-0.0134,0.084127,0.033022
0.48836,0.014502,0.0051895,0.87251,-0.013402,0.084127,0.033022
0.48837,0.014436,0.0051501,0.8725,-0.013389,0.084143,0.033032
0.48837,0.014426,0.0051455,0.8725,-0.013388,0.084144,0.033034
0.48838,0.014411,0.0051706,0.8725,-0.013391,0.084146,0.033027
0.48838,0.014399,0.0051874,0.8725,-0.013394,0.084148,0.033022
0.48838,0.014381,0.0052131,0.87249,-0.0134,0.084149,0.033014
0.4884,0.014305,0.0051899,0.87249,-0.013391,0.084165,0.033017
0.4884,0.014289,0.005224,0.87249,-0.013393,0.084168,0.033006
0.4884,0.014273,0.0052508,0.87249,-0.013399,0.08417,0.032998
0.48841,0.014261,0.0052529,0.87248,-0.013401,0.08417,0.032997
0.48841,0.014244,0.0052615,0.87248,-0.013403,0.084171,0.032995
0.48843,0.014169,0.0052268,0.87247,-0.01339,0.084187,0.033003
0.48843,0.014152,0.0052504,0.87247,-0.013393,0.084188,0.032997
0.48843,0.014137,0.0052714,0.87247,-0.013396,0.08419,0.03299
0.48844,0.014126,0.0052816,0.87247,-0.013399,0.084191,0.032986
0.48845,0.014119,0.0052853,0.87246,-0.013404,0.084192,0.032986
0.48847,0.014038,0.0052638,0.87245,-0.013395,0.084207,0.032989
0.48847,0.014022,0.00529,0.87245,-0.013397,0.084209,0.032981
0.48847,0.014013,0.0052867,0.87245,-0.013398,0.084209,0.032982
0.48848,0.014007,0.0053014,0.87245,-0.013403,0.084209,0.032977
0.48847,0.013978,0.0053396,0.87245,-0.013407,0.084212,0.032966
0.4885,0.013908,0.0053075,0.87244,-0.013399,0.084227,0.032972
0.4885,0.013909,0.0053008,0.87244,-0.0134,0.084227,0.032973
0.4885,0.013886,0.0053403,0.87244,-0.013403,0.084229,0.032963
0.4885,0.013881,0.0053505,0.87244,-0.013406,0.08423,0.032959
0.48851,0.013883,0.0053432,0.87243,-0.013409,0.08423,0.03296
0.48852,0.013813,0.0052977,0.87243,-0.013396,0.084245,0.032972
0.48851,0.013807,0.0052822,0.87243,-0.013393,0.084245,0.032977
0.48851,0.013795,0.0053006,0.87243,-0.013397,0.084246,0.032971
0.48852,0.013788,0.0053042,0.87243,-0.0134,0.084247,0.032969
0.48851,0.013778,0.0052948,0.87243,-0.013398,0.084247,0.032972
0.48853,0.013707,0.0052624,0.87243,-0.013388,0.084262,0.032978
0.48854,0.013697,0.0052766,0.87242,-0.013395,0.084262,0.032974
0.48855,0.013687,0.0052876,0.87241,-0.013402,0.084263,0.03297
0.48854,0.013681,0.0052792,0.87242,-0.0134,0.084263,0.032973
0.48854,0.01367,0.0052911,0.87242,-0.013404,0.084264,0.032968
0.48856,0.013597,0.0052624,0.87241,-0.013396,0.084278,0.032973
0.48856,0.013586,0.0052666,0.87241,-0.013399,0.084279,0.032972
0.48856,0.013577,0.0052781,0.87241,-0.013404,0.08428,0.032967
0.48857,0.013566,0.0052867,0.87241,-0.013408,0.08428,0.032964
0.48857,0.013559,0.0052915,0.8724,-0.013412,0.08428,0.032961
0.48858,0.01349,0.0052477,0.8724,-0.0134,0.084294,0.03297
0.48858,0.013477,0.0052614,0.8724,-0.013405,0.084294,0.032965
0.48859,0.013468,0.0052738,0.87239,-0.01341,0.084294,0.03296
0.4886,0.013456,0.0052905,0.87239,-0.013416,0.084294,0.032954
0.48859,0.01345,0.0052719,0.87239,-0.013414,0.084294,0.032961
0.4886,0.013374,0.0052441,0.87239,-0.013404,0.084308,0.032966
0.4886,0.013368,0.0052301,0.87239,-0.013401,0.084307,0.032972
0.4886,0.013357,0.0052414,0.87239,-0.013404,0.084308,0.032968
0.48858,0.013333,0.0052678,0.8724,-0.013404,0.084311,0.03296
0.48859,0.013324,0.0052821,0.8724,-0.013409,0.084311,0.032954
0.48859,0.013253,0.0052349,0.8724,-0.013394,0.084325,0.032966
0.48859,0.013242,0.0052486,0.87239,-0.013399,0.084326,0.032961
0.4886,0.013233,0.0052614,0.87239,-0.013403,0.084326,0.032956
0.4886,0.013223,0.0052717,0.87239,-0.013406,0.084327,0.032952
0.4886,0.013216,0.0052773,0.87239,-0.013407,0.084328,0.032949
0.48861,0.013143,0.0052572,0.87239,-0.013398,0.084342,0.032951
0.48861,0.013135,0.0052719,0.87239,-0.013402,0.084343,0.032946
0.4886,0.013132,0.0052587,0.87239,-0.013397,0.084343,0.03295
0.4886,0.013121,0.0052702,0.87239,-0.0134,0.084344,0.032946
0.48859,0.013104,0.0052878,0.8724,-0.013402,0.084345,0.03294
0.48861,0.013025,0.005264,0.87239,-0.013393,0.084359,0.032942
0.4886,0.013023,0.0052452,0.8724,-0.013389,0.084358,0.032949
0.48859,0.013022,0.0052281,0.8724,-0.013389,0.084358,0.032953
0.48858,0.013021,0.0052141,0.8724,-0.013387,0.084358,0.032957
0.48857,0.013,0.005239,0.87241,-0.013387,0.08436,0.03295
0.48859,0.012924,0.005216,0.8724,-0.013379,0.084373,0.032951
0.48858,0.012913,0.0052314,0.87241,-0.01338,0.084375,0.032945
0.48858,0.012907,0.0052416,0.87241,-0.013382,0.084375,0.032941
0.48858,0.012899,0.0052516,0.87241,-0.013386,0.084376,0.032936
0.48858,0.012892,0.0052562,0.87241,-0.013389,0.084375,0.032934
0.48858,0.012811,0.0052192,0.87241,-0.013374,0.084388,0.032942
0.48857,0.012787,0.005242,0.87242,-0.013377,0.084389,0.032934
0.48857,0.012771,0.0052593,0.87242,-0.013382,0.08439,0.032928
0.48856,0.01277,0.0052381,0.87242,-0.013378,0.084389,0.032936
0.48855,0.012762,0.0052322,0.87243,-0.013378,0.084389,0.032939
0.48857,0.012683,0.0052048,0.87242,-0.013369,0.084402,0.032944
0.48855,0.012668,0.0051976,0.87243,-0.013365,0.084403,0.032947
0.48855,0.012656,0.005213,0.87243,-0.013367,0.084404,0.032942
0.48854,0.01256,0.0053842,0.87243,-0.013382,0.084414,0.032879
0.48854,0.012544,0.0054029,0.87244,-0.013388,0.084418,0.032867
0.48854,0.012472,0.0053704,0.87243,-0.013377,0.08443,0.032872
0.48854,0.012463,0.0053721,0.87244,-0.013378,0.08443,0.032871
0.48854,0.012452,0.0053794,0.87244,-0.01338,0.084431,0.032869
0.48853,0.01244,0.0053858,0.87244,-0.013381,0.084431,0.032866
0.48852,0.012433,0.0053761,0.87245,-0.013378,0.084431,0.032869
0.48853,0.012356,0.0053432,0.87244,-0.013366,0.084443,0.032876
0.48853,0.012342,0.0053514,0.87244,-0.013368,0.084444,0.032872
0.48852,0.012325,0.0053663,0.87245,-0.01337,0.084445,0.032867
0.48852,0.012315,0.0053712,0.87245,-0.013368,0.084446,0.032865
0.48849,0.012293,0.0054006,0.87246,-0.013362,0.084449,0.032856
0.48851,0.012222,0.0053712,0.87246,-0.013353,0.084462,0.032861
0.48849,0.012218,0.0053536,0.87247,-0.013348,0.084462,0.032868
0.48848,0.012193,0.0053761,0.87247,-0.013344,0.084464,0.032862
0.48846,0.01219,0.0053591,0.87248,-0.013338,0.084464,0.032869
0.48845,0.012178,0.005368,0.87249,-0.013334,0.084466,0.032867
0.48846,0.012104,0.00534,0.87249,-0.013321,0.084479,0.032871
0.48845,0.012096,0.0053547,0.87249,-0.01332,0.08448,0.032865
0.48844,0.012083,0.005371,0.8725,-0.013319,0.084482,0.032859
0.48843,0.012071,0.0053912,0.8725,-0.013318,0.084485,0.03285
0.48842,0.012075,0.0053624,0.87251,-0.013312,0.084485,0.032861
0.48842,0.012014,0.005296,0.87251,-0.013294,0.084497,0.03288
0.48841,0.012013,0.0052785,0.87252,-0.01329,0.084498,0.032885
0.4884,0.01201,0.0052593,0.87252,-0.013286,0.084499,0.032893
0.48839,0.01199,0.0052794,0.87253,-0.013283,0.084501,0.032887
0.48838,0.011974,0.005298,0.87253,-0.013283,0.084503,0.03288
0.48838,0.011896,0.005283,0.87253,-0.013271,0.084517,0.032879
0.48837,0.011874,0.0053075,0.87254,-0.013268,0.08452,0.03287
0.48836,0.01186,0.0053258,0.87255,-0.013267,0.084523,0.032863
0.48835,0.01184,0.0053479,0.87255,-0.013267,0.084525,0.032856
0.48835,0.011831,0.0053568,0.87255,-0.013267,0.084526,0.032852
0.48836,0.011755,0.0053369,0.87255,-0.013255,0.084539,0.032854
0.48835,0.011746,0.0053466,0.87255,-0.013255,0.084541,0.03285
0.48835,0.011732,0.0053691,0.87255,-0.013256,0.084543,0.032842
0.48835,0.011727,0.0053705,0.87255,-0.013256,0.084544,0.032841
0.48833,0.01171,0.0053811,0.87256,-0.01325,0.084546,0.032838
0.48833,0.01165,0.005314,0.87256,-0.013233,0.084558,0.032857
0.48832,0.011635,0.00533,0.87257,-0.013231,0.084559,0.032851
0.48831,0.011615,0.0053429,0.87258,-0.013229,0.084561,0.032847
0.4883,0.011615,0.0053139,0.87258,-0.013223,0.084561,0.032859
0.48829,0.011605,0.0053248,0.87259,-0.013222,0.084562,0.032856
0.4883,0.011449,0.0054444,0.87258,-0.013223,0.084581,0.032805
0.48828,0.011419,0.0054677,0.87259,-0.013225,0.084588,0.03279
0.48828,0.0114,0.0054877,0.8726,-0.013227,0.084589,0.032783
0.48827,0.011386,0.0054964,0.8726,-0.013226,0.084591,0.03278
0.48826,0.011376,0.0055019,0.87261,-0.013225,0.084592,0.032778
0.48827,0.011314,0.0054398,0.8726,-0.013211,0.084602,0.032795
0.48825,0.011208,0.0056131,0.87261,-0.013213,0.084607,0.03274
0.48825,0.011187,0.0056293,0.87261,-0.01322,0.084609,0.03273
0.48825,0.011183,0.0056271,0.87262,-0.013221,0.08461,0.032731
0.48823,0.011184,0.0056036,0.87262,-0.013215,0.08461,0.032741
0.48824,0.011114,0.0055421,0.87262,-0.0132,0.084622,0.032758
0.48823,0.011116,0.0055205,0.87263,-0.013198,0.084622,0.032765
0.48821,0.01111,0.0055009,0.87264,-0.013193,0.084622,0.032774
0.4882,0.011102,0.0055032,0.87264,-0.013192,0.084624,0.032773
0.4882,0.011093,0.0055078,0.87265,-0.01319,0.084625,0.032772
0.48821,0.011024,0.0054694,0.87264,-0.01318,0.084636,0.032779
0.4882,0.011027,0.0054482,0.87265,-0.013176,0.084635,0.032786
0.48819,0.011016,0.0054597,0.87265,-0.013175,0.084636,0.032783
0.48819,0.011013,0.005463,0.87265,-0.013175,0.084637,0.032781
0.48818,0.011013,0.0054385,0.87266,-0.013171,0.084637,0.032791
0.48818,0.010951,0.0053772,0.87266,-0.013159,0.084647,0.032807
0.48817,0.010949,0.0053574,0.87266,-0.013154,0.084648,0.032813
0.48816,0.010952,0.0053341,0.87267,-0.01315,0.084648,0.032821
0.48815,0.010941,0.0053475,0.87267,-0.013148,0.084649,0.032817
0.48814,0.010943,0.0053261,0.87268,-0.013143,0.084649,0.032825
0.48815,0.010826,0.005375,0.87268,-0.013133,0.084662,0.032806
0.48813,0.010813,0.005391,0.87268,-0.013131,0.084666,0.032798
0.48812,0.010816,0.0053677,0.87269,-0.013125,0.084666,0.032807
0.48811,0.01076,0.005452,0.8727,-0.013123,0.084668,0.032781
0.4881,0.010703,0.0055407,0.87271,-0.013138,0.08468,0.032739
0.48811,0.010644,0.0054782,0.8727,-0.013122,0.084688,0.032758
0.4881,0.010642,0.0054617,0.8727,-0.013121,0.084688,0.032764
0.48809,0.010546,0.0056359,0.87271,-0.013126,0.084693,0.032706
0.48809,0.010445,0.0058073,0.87271,-0.013178,0.084724,0.032596
0.48809,0.01045,0.0057824,0.87271,-0.01317,0.08472,0.032612
0.48809,0.010383,0.0057479,0.87271,-0.013158,0.084731,0.032619
0.48809,0.010285,0.0059137,0.87271,-0.013166,0.084735,0.032562
0.48809,0.010181,0.0060963,0.87271,-0.013218,0.084769,0.032445
0.48808,0.010177,0.0060791,0.87272,-0.013214,0.084765,0.032456
0.48808,0.010179,0.0060636,0.87272,-0.013212,0.084766,0.032461
0.48809,0.010109,0.0060331,0.87272,-0.013202,0.084776,0.032467
0.48808,0.010109,0.0060176,0.87272,-0.013199,0.084776,0.032473
0.48807,0.010108,0.0060017,0.87272,-0.013197,0.084777,0.032478
0.48807,0.010109,0.0059885,0.87273,-0.013196,0.084777,0.032481
0.48806,0.010108,0.0059695,0.87273,-0.013192,0.084777,0.032488
0.48806,0.01005,0.0059105,0.87273,-0.01318,0.084787,0.032503
0.48806,0.010052,0.0058924,0.87273,-0.013178,0.084787,0.032509
0.48804,0.0099514,0.0060624,0.87274,-0.013181,0.084791,0.032455
0.48804,0.0099457,0.006068,0.87274,-0.013183,0.084792,0.032452
0.48803,0.009932,0.0060862,0.87275,-0.013182,0.084793,0.032445
0.48804,0.0098733,0.0060246,0.87274,-0.013168,0.084803,0.032462
0.48803,0.0097751,0.0061955,0.87275,-0.01317,0.084806,0.032409
0.48802,0.0097745,0.0061743,0.87276,-0.013162,0.084803,0.032422
0.48801,0.0097747,0.0061578,0.87276,-0.013161,0.084803,0.032428
0.488,0.0097734,0.0061399,0.87277,-0.013157,0.084804,0.032435
0.48801,0.0097125,0.0060825,0.87276,-0.013145,0.084814,0.03245
0.488,0.0097139,0.0060683,0.87277,-0.013143,0.084815,0.032454
0.488,0.0097154,0.0060529,0.87277,-0.013142,0.084815,0.032459
0.48799,0.0097166,0.0060376,0.87277,-0.01314,0.084815,0.032465
0.48799,0.0097109,0.0060399,0.87278,-0.013142,0.084815,0.032464
0.48799,0.0096468,0.0059793,0.87277,-0.013129,0.084824,0.03248
0.48799,0.009655,0.0059553,0.87278,-0.013128,0.084824,0.032488
0.48799,0.009659,0.0059336,0.87278,-0.013127,0.084825,0.032495
0.48798,0.0096616,0.0059161,0.87278,-0.013125,0.084825,0.032501
0.48797,0.009579,0.0060654,0.87278,-0.01313,0.084828,0.032453
0.48799,0.0095185,0.0060242,0.87278,-0.013121,0.084838,0.03246
0.48798,0.0095231,0.0060085,0.87278,-0.013118,0.084839,0.032466
0.48798,0.0094356,0.006164,0.87278,-0.013122,0.084842,0.032417
0.48797,0.0094338,0.0061454,0.87279,-0.013116,0.08484,0.032428
0.48796,0.0094288,0.006145,0.87279,-0.013116,0.08484,0.032428
0.48796,0.0092743,0.0062552,0.87279,-0.013111,0.084853,0.032386
0.48796,0.0092703,0.0062284,0.8728,-0.013105,0.084849,0.032403
0.48795,0.0092693,0.0062051,0.8728,-0.013102,0.08485,0.032412
0.48794,0.009265,0.0062016,0.8728,-0.013101,0.084851,0.032413
0.48794,0.0092612,0.0062086,0.8728,-0.013103,0.084851,0.03241
0.48796,0.0091122,0.0063159,0.8728,-0.013104,0.084864,0.032367
0.48795,0.0090188,0.0064737,0.8728,-0.013144,0.08489,0.032273
0.48795,0.0090162,0.0064525,0.8728,-0.01314,0.084886,0.032285
0.48794,0.0089175,0.0066207,0.87281,-0.013143,0.084889,0.032234
0.48793,0.0088247,0.0067743,0.87281,-0.013187,0.084916,0.032135
0.48794,0.0086645,0.0069069,0.87281,-0.013222,0.084954,0.032039
0.48794,0.0086599,0.0069125,0.87281,-0.013223,0.084956,0.032036
0.48794,0.0086567,0.0069111,0.87281,-0.013222,0.084957,0.032037
0.48793,0.0085627,0.0070686,0.87281,-0.013228,0.084961,0.031985
0.48793,0.0084811,0.0072288,0.87281,-0.013268,0.084986,0.031889
0.48794,0.0083219,0.0073599,0.87281,-0.013302,0.085021,0.031795
0.48794,0.008314,0.0073441,0.87281,-0.013299,0.085017,0.031806
0.48793,0.0083152,0.0073248,0.87281,-0.013299,0.085018,0.031813
0.48792,0.0083145,0.0073082,0.87282,-0.013298,0.085019,0.03182
0.48791,0.0083101,0.007298,0.87282,-0.013294,0.085019,0.031825
0.48792,0.0081507,0.0074277,0.87282,-0.013288,0.08503,0.031779
0.48791,0.0081475,0.0074092,0.87282,-0.013282,0.085027,0.031792
0.48791,0.0080596,0.0075632,0.87283,-0.013284,0.085028,0.031744
0.4879,0.0080499,0.0075549,0.87283,-0.013284,0.085026,0.03175
0.48789,0.0080476,0.0075339,0.87283,-0.013281,0.085026,0.031758
0.4879,0.0079836,0.0074806,0.87283,-0.013269,0.085035,0.031772
0.48789,0.0079796,0.0074836,0.87283,-0.01327,0.085035,0.031772
0.48789,0.0079816,0.0074676,0.87284,-0.013269,0.085035,0.031779
0.48789,0.007977,0.0074707,0.87284,-0.013269,0.085035,0.031778
0.48788,0.007979,0.0074502,0.87284,-0.013267,0.085035,0.031787
0.48788,0.0079187,0.0073877,0.87284,-0.013253,0.085044,0.031803
0.48787,0.0079193,0.0073687,0.87285,-0.01325,0.085045,0.03181
0.48787,0.0079126,0.0073709,0.87285,-0.013251,0.085045,0.03181
0.48786,0.0078274,0.0075182,0.87285,-0.013256,0.085048,0.031759
0.48786,0.0078282,0.0075046,0.87285,-0.013254,0.085046,0.031767
0.48787,0.0076766,0.0076215,0.87285,-0.013247,0.085055,0.031724
0.48787,0.0076681,0.0076064,0.87285,-0.013244,0.085052,0.031735
0.48786,0.0075756,0.0077779,0.87285,-0.013246,0.085053,0.03168
0.48786,0.0074834,0.0079404,0.87285,-0.013291,0.08508,0.031575
0.48786,0.0074754,0.0079497,0.87286,-0.013291,0.085083,0.03157
0.48787,0.0073296,0.0080577,0.87285,-0.01329,0.085096,0.031527
0.48786,0.0072398,0.0082174,0.87285,-0.01333,0.085121,0.031428
0.48786,0.0071451,0.0083822,0.87285,-0.013371,0.085148,0.031326
0.48786,0.0071379,0.0083832,0.87285,-0.013372,0.085148,0.031325
0.48785,0.0070438,0.0085465,0.87286,-0.013377,0.085152,0.031268
0.48786,0.0069722,0.0085136,0.87285,-0.013369,0.085163,0.031272
0.48785,0.0068839,0.0086619,0.87286,-0.013372,0.085167,0.031219
0.48784,0.0068771,0.0086484,0.87287,-0.013367,0.085166,0.031229
0.48783,0.0067849,0.0088102,0.87287,-0.013365,0.085166,0.031175
0.48782,0.0067803,0.0087902,0.87287,-0.013362,0.085162,0.031189
0.48783,0.0066339,0.0089065,0.87287,-0.013352,0.085172,0.031148
0.48782,0.0066296,0.008888,0.87288,-0.013345,0.08517,0.03116
0.48781,0.0066274,0.008882,0.87288,-0.013344,0.085171,0.031163
0.4878,0.0065408,0.009029,0.87288,-0.013347,0.085172,0.031113
0.48779,0.0065278,0.0090114,0.87289,-0.013343,0.08517,0.031127
0.4878,0.0063754,0.0091251,0.87289,-0.013334,0.085179,0.031088
0.48779,0.0063712,0.0091052,0.87289,-0.013329,0.085177,0.031102
0.48778,0.0063708,0.0090846,0.87289,-0.013327,0.085178,0.031111
0.48777,0.0063674,0.0090765,0.8729,-0.013324,0.085179,0.031115
0.48776,0.0063665,0.0090561,0.87291,-0.01332,0.08518,0.031125
0.48777,0.0062239,0.0091592,0.8729,-0.01331,0.08519,0.03109
0.48777,0.0061381,0.0093102,0.8729,-0.013348,0.085213,0.031
0.48776,0.0060503,0.0094711,0.8729,-0.013386,0.085239,0.030902
0.48775,0.0060473,0.0094476,0.87291,-0.013379,0.085237,0.030918
0.48774,0.0060449,0.0094294,0.87292,-0.013374,0.085238,0.030926
0.48775,0.0059731,0.0093949,0.87291,-0.013362,0.085247,0.030934
0.48774,0.005967,0.0093805,0.87292,-0.013358,0.085248,0.030942
0.48773,0.0059656,0.0093612,0.87293,-0.013356,0.085248,0.030949
0.48772,0.0058824,0.0095071,0.87293,-0.013355,0.085249,0.030904
0.48771,0.0058797,0.0094838,0.87293,-0.013349,0.085246,0.030918
0.48771,0.0058191,0.0094252,0.87293,-0.013336,0.085255,0.030935
0.4877,0.0058206,0.0093999,0.87294,-0.013332,0.085256,0.030945
0.48769,0.005819,0.0093789,0.87295,-0.013329,0.085257,0.030954
0.48768,0.005816,0.0093637,0.87296,-0.013323,0.085258,0.030962
0.48767,0.0058178,0.0093405,0.87296,-0.01332,0.085259,0.030972
0.48767,0.0057573,0.009282,0.87296,-0.013308,0.085268,0.030989
0.48766,0.005754,0.0092624,0.87297,-0.013303,0.085269,0.030999
0.48765,0.0056678,0.0094122,0.87297,-0.0133,0.085268,0.030954
0.48764,0.0056596,0.0093925,0.87298,-0.013294,0.085266,0.030968
0.48762,0.0056579,0.0093726,0.87299,-0.013289,0.085267,0.030977
0.48763,0.0055166,0.0094736,0.87298,-0.013278,0.085274,0.030942
0.48762,0.0055157,0.009448,0.87299,-0.013271,0.085271,0.030957
0.48761,0.0055071,0.0094566,0.87299,-0.01327,0.085272,0.030956
0.4876,0.0055115,0.0094271,0.873,-0.013266,0.085272,0.030968
0.48759,0.0054174,0.0095906,0.873,-0.013259,0.08527,0.030919
0.4876,0.0052659,0.0097174,0.873,-0.013291,0.085306,0.03082
0.48759,0.0052681,0.0096917,0.873,-0.013282,0.085303,0.030837
0.48758,0.0051816,0.0098396,0.87301,-0.013277,0.085302,0.030793
0.48756,0.0051794,0.0098141,0.87302,-0.013268,0.085301,0.03081
0.48755,0.0051736,0.0098126,0.87302,-0.013266,0.085301,0.030812
0.48756,0.0051139,0.0097561,0.87302,-0.013254,0.085309,0.030828
0.48755,0.0051143,0.0097379,0.87303,-0.01325,0.08531,0.030836
0.48754,0.0050334,0.0098811,0.87303,-0.013249,0.085311,0.030791
0.48754,0.0050361,0.0098588,0.87303,-0.013245,0.085307,0.030805
0.48753,0.0050394,0.0098389,0.87304,-0.013244,0.085308,0.030813
0.48753,0.0049005,0.0099346,0.87303,-0.013234,0.085315,0.030779
0.48754,0.0048155,0.010093,0.87303,-0.013274,0.085338,0.030684
0.48752,0.0048144,0.01006,0.87304,-0.013264,0.085334,0.030706
0.48752,0.0047355,0.010201,0.87304,-0.013262,0.085331,0.030664
0.48752,0.004653,0.01035,0.87304,-0.013298,0.085353,0.030573
0.48753,0.0045107,0.010453,0.87303,-0.013322,0.085383,0.030493
0.48752,0.004511,0.010431,0.87304,-0.013318,0.08538,0.030508
0.48751,0.0044295,0.010572,0.87304,-0.013314,0.085378,0.030464
0.48751,0.004348,0.010722,0.87304,-0.013351,0.0854,0.030372
0.48751,0.0043405,0.010728,0.87304,-0.013356,0.0854,0.030369
0.48752,0.0042854,0.010666,0.87304,-0.013346,0.085408,0.030388
0.48751,0.0042846,0.010646,0.87304,-0.013345,0.085409,0.030398
0.48751,0.0042036,0.010789,0.87304,-0.013342,0.085406,0.030351
0.4875,0.0041215,0.010935,0.87304,-0.013377,0.085428,0.03026
0.4875,0.0040401,0.011077,0.87304,-0.01341,0.085448,0.030173
0.48752,0.0038995,0.011186,0.87303,-0.013438,0.085477,0.03009
0.48751,0.0038178,0.011328,0.87303,-0.013471,0.085498,0.030003
0.48751,0.0038136,0.011311,0.87304,-0.013468,0.085495,0.030014
0.4875,0.0038057,0.011315,0.87304,-0.013468,0.085496,0.030015
0.48749,0.0037251,0.011451,0.87304,-0.013471,0.085498,0.029966
0.4875,0.0035868,0.011552,0.87304,-0.013493,0.085526,0.029888
0.4875,0.0035102,0.011691,0.87304,-0.013522,0.085547,0.029804
0.48749,0.0035157,0.011668,0.87304,-0.013516,0.085544,0.029819
0.48748,0.0035096,0.011676,0.87305,-0.013515,0.085544,0.029819
0.48748,0.0035156,0.01165,0.87305,-0.013513,0.085544,0.029831
0.48748,0.0033744,0.011747,0.87305,-0.013501,0.08555,0.029797
0.48748,0.0032933,0.011892,0.87305,-0.013535,0.08557,0.029707
0.48748,0.0032986,0.011869,0.87305,-0.013529,0.085568,0.029724
0.48747,0.0033054,0.011846,0.87306,-0.013526,0.085569,0.029733
0.48746,0.0032245,0.011983,0.87306,-0.013522,0.085567,0.02969
0.48747,0.0030824,0.012089,0.87305,-0.013549,0.085594,0.029606
0.48747,0.0030004,0.012227,0.87305,-0.013583,0.085612,0.029519
0.48746,0.0030029,0.0122,0.87305,-0.013576,0.08561,0.029538
0.48746,0.0029261,0.012337,0.87305,-0.013572,0.085607,0.029495
0.48745,0.0028485,0.012473,0.87306,-0.013602,0.085626,0.029411
0.48746,0.0027121,0.01257,0.87305,-0.013622,0.085653,0.029336
0.48746,0.0026306,0.012707,0.87305,-0.013654,0.08567,0.029253
0.48745,0.0025511,0.012846,0.87305,-0.013683,0.08569,0.029168
0.48745,0.0024704,0.012982,0.87305,-0.013712,0.085708,0.029085
0.48745,0.0023863,0.013119,0.87305,-0.013742,0.085727,0.029002
0.48746,0.0022453,0.013218,0.87304,-0.013763,0.085753,0.028924
0.48745,0.0021623,0.013357,0.87305,-0.013793,0.085771,0.028838
