-0.35742,-0.18077,0.019398,0.91608,-0.049698,-0.021761,0.00014621
-0.35742,-0.18077,0.019398,0.91608,-0.049698,-0.021761,0.00014621
-0.35742,-0.18077,0.019398,0.91608,-0.049698,-0.021761,0.00014621
-0.3439,-0.20321,0.030028,0.91626,-0.05214,-0.013048,0.0093935
-0.35401,-0.22707,0.042121,0.90628,-0.05612,-0.017119,0.013784
-0.355,-0.21804,0.039379,0.90823,-0.053784,-0.019112,0.0086958
-0.3745,-0.17284,0.010747,0.91091,-0.051157,-0.025308,-0.00052024
-0.37147,-0.18702,0.016052,0.90927,-0.052773,-0.022536,2.15e-05
-0.40786,-0.19813,0.022557,0.891,-0.056168,-0.027118,0.0014931
-0.40106,-0.2012,0.027509,0.89326,-0.052552,-0.026393,0.0040104
-0.39811,-0.18681,0.050961,0.89667,-0.053601,-0.025953,0.00133
-0.431,-0.1788,0.052305,0.88291,-0.058589,-0.027285,0.00073229
-0.43145,-0.16344,0.030194,0.8867,-0.055164,-0.033237,-0.0072544
-0.42532,-0.16666,0.031125,0.88902,-0.05582,-0.031203,-0.0070484
-0.43249,-0.1327,0.028893,0.89135,-0.056425,-0.03059,-0.010548
-0.4333,-0.12842,0.049818,0.89066,-0.066787,-0.042634,-0.0081453
-0.4415,-0.13894,0.05638,0.88464,-0.067816,-0.044546,-0.0041036
-0.43511,-0.14381,0.057865,0.88693,-0.063455,-0.045184,-0.0023413
-0.43099,-0.14849,0.05686,0.88823,-0.063254,-0.043418,-0.0019811
-0.42835,-0.15116,0.054949,0.88918,-0.062951,-0.041885,-0.0016581
-0.4244,-0.1554,0.055114,0.89034,-0.063058,-0.040401,-0.0015497
-0.4207,-0.15735,0.053734,0.89183,-0.062632,-0.039298,-0.0013231
-0.41744,-0.1594,0.052801,0.89305,-0.062394,-0.038315,-0.0012375
-0.41673,-0.16368,0.052641,0.89262,-0.062194,-0.037188,-0.0012473
-0.41656,-0.15289,0.054925,0.89448,-0.06209,-0.036594,-0.002371
-0.41593,-0.14278,0.055563,0.8964,-0.069565,-0.033282,-0.0032038
-0.41721,-0.13436,0.057178,0.897,-0.076027,-0.030826,-0.003432
-0.41464,-0.13923,0.055747,0.89754,-0.071461,-0.031508,-0.0036874
-0.41573,-0.13239,0.057471,0.89796,-0.070654,-0.031075,-0.0037349
-0.4149,-0.13635,0.056527,0.89781,-0.067156,-0.031343,-0.0037828
-0.41247,-0.14003,0.056942,0.89834,-0.067266,-0.030721,-0.0037266
-0.41021,-0.14331,0.056639,0.89888,-0.067389,-0.03028,-0.0036226
-0.4077,-0.14565,0.056493,0.89965,-0.067356,-0.02993,-0.0035026
-0.40783,-0.14858,0.055739,0.89916,-0.067369,-0.029407,-0.003481
-0.40524,-0.15146,0.056473,0.89981,-0.067458,-0.028984,-0.0035379
-0.40341,-0.15323,0.056259,0.90034,-0.067348,-0.028738,-0.0034278
-0.40164,-0.15503,0.056295,0.90082,-0.067313,-0.028495,-0.0033945
-0.39974,-0.15823,0.056416,0.9011,-0.067341,-0.028162,-0.0034551
-0.39807,-0.16089,0.056448,0.90137,-0.067274,-0.027901,-0.0034917
-0.39669,-0.1636,0.056675,0.90148,-0.067173,-0.02767,-0.0035249
-0.39805,-0.15993,0.053687,0.90172,-0.066679,-0.027726,-0.0031109
-0.39643,-0.1617,0.053997,0.9021,-0.066865,-0.027515,-0.0032356
-0.39499,-0.16327,0.053934,0.90245,-0.066722,-0.027373,-0.0032072
-0.39366,-0.16452,0.053436,0.90284,-0.066588,-0.027301,-0.003168
-0.39246,-0.1667,0.053458,0.90296,-0.066517,-0.02715,-0.0032355
-0.39139,-0.16807,0.053253,0.90318,-0.066357,-0.027057,-0.0032264
-0.39043,-0.17011,0.053431,0.9032,-0.066251,-0.026906,-0.0032637
-0.38917,-0.17159,0.053276,0.90347,-0.066068,-0.026838,-0.0032673
-0.38848,-0.17378,0.053644,0.90333,-0.065939,-0.02667,-0.0032994
-0.38861,-0.17525,0.053323,0.90301,-0.065751,-0.026488,-0.0033245
-0.38773,-0.17643,0.053361,0.90316,-0.065601,-0.026418,-0.003328
-0.38887,-0.1726,0.050946,0.90355,-0.065218,-0.026503,-0.0030109
-0.38766,-0.17379,0.051137,0.90383,-0.065282,-0.026389,-0.0031231
-0.38646,-0.17533,0.05162,0.90402,-0.065102,-0.026329,-0.0031188
-0.38588,-0.17699,0.051877,0.90392,-0.064942,-0.026241,-0.003167
-0.38519,-0.17842,0.051887,0.90394,-0.06479,-0.026172,-0.003206
-0.38418,-0.17962,0.052275,0.90411,-0.064631,-0.02614,-0.0032072
-0.38435,-0.18062,0.05192,0.90385,-0.064491,-0.025988,-0.0032325
-0.3834,-0.18163,0.052027,0.90405,-0.064391,-0.02596,-0.0032522
-0.38261,-0.18303,0.052175,0.90409,-0.064291,-0.025918,-0.0032702
-0.38273,-0.18415,0.051988,0.90383,-0.06414,-0.025805,-0.0032872
-0.38174,-0.18487,0.052142,0.90409,-0.064015,-0.025808,-0.003266
-0.381,-0.18605,0.052213,0.90416,-0.063874,-0.025762,-0.0032952
-0.38025,-0.18738,0.052339,0.90419,-0.063739,-0.02573,-0.0033188
-0.37953,-0.18872,0.052379,0.90421,-0.063598,-0.02572,-0.003339
-0.37875,-0.18993,0.052544,0.90428,-0.063479,-0.025709,-0.0033641
-0.37776,-0.19061,0.052878,0.90453,-0.063346,-0.025719,-0.0033656
-0.37695,-0.19167,0.052783,0.90465,-0.063225,-0.025709,-0.0034104
-0.37636,-0.19276,0.052843,0.90466,-0.063116,-0.025701,-0.0034349
-0.37583,-0.1939,0.05307,0.90462,-0.062985,-0.025677,-0.0034514
-0.37515,-0.19454,0.053253,0.90476,-0.062852,-0.025699,-0.0034387
-0.37451,-0.19555,0.053353,0.9048,-0.062723,-0.025713,-0.0034534
-0.37411,-0.19653,0.053165,0.90476,-0.062589,-0.025697,-0.0034868
-0.37444,-0.19721,0.052935,0.90449,-0.062477,-0.025618,-0.0035271
-0.37434,-0.19798,0.052892,0.90437,-0.06236,-0.025586,-0.0035733
-0.37392,-0.19893,0.053055,0.90432,-0.062236,-0.025567,-0.0036014
-0.37315,-0.19982,0.053179,0.90443,-0.062106,-0.025576,-0.0036178
-0.3729,-0.20055,0.053331,0.90437,-0.061991,-0.025548,-0.003669
-0.37255,-0.2012,0.053459,0.90436,-0.06187,-0.025559,-0.0036746
-0.37188,-0.20156,0.053679,0.90454,-0.061747,-0.025592,-0.0036505
-0.37152,-0.20181,0.053811,0.90463,-0.061634,-0.025605,-0.0036372
-0.37196,-0.20223,0.053571,0.90437,-0.06154,-0.025523,-0.0036611
-0.37157,-0.20294,0.053713,0.90436,-0.061431,-0.025505,-0.0037105
-0.37217,-0.20016,0.052305,0.90482,-0.061321,-0.025516,-0.0035671
-0.37185,-0.20084,0.05239,0.90479,-0.061329,-0.025487,-0.0036337
-0.3722,-0.201,0.052146,0.90463,-0.061239,-0.025424,-0.0036521
-0.37184,-0.2011,0.052171,0.90475,-0.061153,-0.025426,-0.0036434
-0.37126,-0.2014,0.052351,0.90491,-0.061046,-0.025431,-0.0036464
-0.37068,-0.20175,0.052461,0.90506,-0.060929,-0.025463,-0.0036394
-0.37024,-0.20222,0.052699,0.90513,-0.060831,-0.025478,-0.0036448
-0.37009,-0.20261,0.052715,0.9051,-0.060737,-0.025451,-0.0036636
-0.36969,-0.20328,0.052753,0.90511,-0.060644,-0.025466,-0.0036824
-0.36942,-0.20367,0.052893,0.90512,-0.06054,-0.025447,-0.0036884
-0.36954,-0.20388,0.053002,0.90502,-0.060468,-0.025397,-0.0036809
-0.36899,-0.20436,0.053198,0.90512,-0.060407,-0.02543,-0.0036869
-0.36862,-0.20483,0.053177,0.90517,-0.060325,-0.025452,-0.003692
-0.36835,-0.20507,0.053244,0.90522,-0.060253,-0.025453,-0.0036872
-0.36818,-0.2052,0.053226,0.90527,-0.060157,-0.025423,-0.0036765
-0.36771,-0.20562,0.053452,0.90535,-0.060077,-0.025461,-0.0036641
-0.36748,-0.2056,0.05342,0.90545,-0.059995,-0.025478,-0.0036506
-0.36724,-0.20581,0.053421,0.90549,-0.059927,-0.025481,-0.003643
-0.36673,-0.20621,0.053516,0.90561,-0.059855,-0.025526,-0.0036396
-0.36647,-0.20658,0.053432,0.90563,-0.059771,-0.025501,-0.0036472
-0.36668,-0.20708,0.053445,0.90543,-0.059703,-0.025451,-0.0036808
-0.36711,-0.20728,0.053114,0.90523,-0.059628,-0.025388,-0.003686
-0.36757,-0.20759,0.052892,0.90499,-0.059544,-0.025325,-0.0037058
-0.36816,-0.20599,0.052103,0.90516,-0.05948,-0.02528,-0.0035492
-0.36879,-0.20399,0.050941,0.90542,-0.059241,-0.025385,-0.0032442
-0.36891,-0.20436,0.050762,0.9053,-0.059219,-0.025345,-0.0032933
-0.36892,-0.20482,0.050759,0.90519,-0.059154,-0.025308,-0.0033385
-0.36855,-0.20516,0.050952,0.90525,-0.059101,-0.025333,-0.0033496
-0.36816,-0.20541,0.051097,0.90535,-0.05903,-0.025368,-0.0033353
-0.36774,-0.20569,0.051165,0.90545,-0.058935,-0.025376,-0.0033285
-0.36745,-0.20613,0.051144,0.90547,-0.058878,-0.025403,-0.0033491
-0.36795,-0.20441,0.050172,0.90571,-0.058841,-0.025358,-0.0032445
-0.36767,-0.20472,0.050411,0.90574,-0.058828,-0.025339,-0.0032925
-0.36785,-0.2049,0.050155,0.90564,-0.058777,-0.025302,-0.0033183
-0.36794,-0.20528,0.050014,0.90553,-0.058699,-0.025238,-0.0033605
-0.36758,-0.20555,0.050047,0.90561,-0.058647,-0.025269,-0.0033657
-0.36734,-0.20581,0.05004,0.90565,-0.058593,-0.02528,-0.0033706
-0.36707,-0.20603,0.049932,0.90572,-0.058539,-0.025301,-0.0033799
-0.36662,-0.20634,0.050103,0.90582,-0.058489,-0.025337,-0.0033747
-0.36636,-0.20665,0.050179,0.90585,-0.058406,-0.025314,-0.0033869
-0.36648,-0.20699,0.050175,0.90572,-0.058348,-0.025277,-0.0034199
-0.36633,-0.20732,0.050205,0.9057,-0.058301,-0.025288,-0.0034403
-0.36653,-0.20757,0.050054,0.90557,-0.058257,-0.025245,-0.0034662
-0.36662,-0.20791,0.049961,0.90547,-0.058201,-0.025222,-0.0035003
-0.3663,-0.20818,0.050047,0.90553,-0.058127,-0.025212,-0.0035156
-0.36596,-0.20847,0.050124,0.9056,-0.058071,-0.025245,-0.0035105
-0.3663,-0.2068,0.049305,0.90588,-0.058033,-0.025235,-0.0034275
-0.36624,-0.20719,0.049309,0.90582,-0.058032,-0.025216,-0.0034904
-0.36668,-0.20564,0.04849,0.90604,-0.058022,-0.025167,-0.0033997
-0.36686,-0.20591,0.048282,0.90592,-0.057985,-0.025095,-0.0034426
-0.36681,-0.2061,0.048318,0.90589,-0.057945,-0.025084,-0.0034556
-0.36688,-0.20644,0.048358,0.90578,-0.057903,-0.025057,-0.0034858
-0.36652,-0.20677,0.048526,0.90584,-0.057859,-0.025086,-0.003496
-0.3666,-0.20706,0.048462,0.90575,-0.057814,-0.025064,-0.0035272
-0.36641,-0.20751,0.048473,0.90572,-0.057747,-0.025049,-0.0035631
-0.36659,-0.20781,0.048476,0.90558,-0.057705,-0.025019,-0.0035891
-0.36673,-0.20806,0.048369,0.90547,-0.057665,-0.024987,-0.0036093
-0.36716,-0.20656,0.047617,0.90568,-0.057656,-0.024941,-0.0034983
-0.36733,-0.20677,0.047416,0.90558,-0.057642,-0.024914,-0.0035219
-0.36719,-0.20649,0.047345,0.9057,-0.057599,-0.02488,-0.0035049
-0.36728,-0.20684,0.047313,0.90558,-0.057572,-0.024853,-0.0035442
-0.36735,-0.20718,0.047307,0.90548,-0.057525,-0.024836,-0.0035765
-0.36778,-0.20578,0.046606,0.90566,-0.057517,-0.024786,-0.0034833
-0.36774,-0.20588,0.046627,0.90565,-0.057493,-0.024781,-0.0034872
-0.3678,-0.20621,0.046514,0.90556,-0.057444,-0.024724,-0.0035196
-0.36789,-0.20641,0.046415,0.90548,-0.057411,-0.024705,-0.0035387
-0.368,-0.20669,0.046435,0.90537,-0.057372,-0.024681,-0.0035677
-0.36809,-0.20696,0.046474,0.90527,-0.057335,-0.024659,-0.0035981
-0.36825,-0.20702,0.046326,0.9052,-0.057295,-0.024633,-0.0036106
-0.36835,-0.20726,0.046153,0.90512,-0.057239,-0.02458,-0.0036353
-0.36799,-0.20744,0.046304,0.90521,-0.057199,-0.024611,-0.0036361
-0.36801,-0.20771,0.046211,0.90515,-0.057163,-0.024598,-0.003658
-0.36806,-0.20797,0.046076,0.90508,-0.057125,-0.024585,-0.0036754
-0.36802,-0.20822,0.046108,0.90503,-0.057083,-0.024581,-0.0037007
-0.36801,-0.20853,0.046073,0.90496,-0.05702,-0.02454,-0.0037362
-0.36769,-0.20877,0.046288,0.90503,-0.056992,-0.024569,-0.0037422
-0.36739,-0.20899,0.046392,0.90509,-0.056949,-0.024605,-0.0037387
-0.36746,-0.20935,0.046404,0.90498,-0.056915,-0.024589,-0.0037654
-0.36746,-0.20961,0.046426,0.90492,-0.056877,-0.024578,-0.0037896
-0.3675,-0.20991,0.046415,0.90484,-0.05681,-0.024534,-0.0038281
-0.36763,-0.21013,0.046384,0.90473,-0.056769,-0.024509,-0.0038512
-0.36762,-0.2104,0.046414,0.90468,-0.056736,-0.024504,-0.0038762
-0.36751,-0.21011,0.046287,0.90479,-0.056714,-0.024507,-0.0038447
-0.36758,-0.21036,0.046289,0.90471,-0.05669,-0.024485,-0.0038742
-0.36771,-0.21059,0.046146,0.90461,-0.05663,-0.024436,-0.0039032
-0.36777,-0.21076,0.046017,0.90455,-0.056594,-0.024422,-0.0039197
-0.36774,-0.21104,0.046122,0.90449,-0.05656,-0.024418,-0.0039461
-0.3678,-0.21123,0.045987,0.90443,-0.05652,-0.024403,-0.0039629
-0.36761,-0.2116,0.046115,0.90441,-0.056488,-0.024423,-0.003989
-0.36745,-0.21196,0.046149,0.90439,-0.056422,-0.024411,-0.0040089
-0.36719,-0.21231,0.046234,0.90441,-0.056381,-0.024439,-0.0040246
-0.36704,-0.21251,0.046232,0.90442,-0.056339,-0.024445,-0.004045
-0.36683,-0.21274,0.046236,0.90445,-0.056302,-0.024457,-0.0040641
-0.36712,-0.21152,0.045618,0.90466,-0.056293,-0.024432,-0.003974
-0.36717,-0.21162,0.045376,0.90462,-0.056256,-0.0244,-0.0039934
-0.36717,-0.21183,0.04537,0.90457,-0.056225,-0.024391,-0.0040192
-0.36699,-0.21211,0.045441,0.90458,-0.056195,-0.024397,-0.0040455
-0.36678,-0.21249,0.045583,0.90457,-0.056151,-0.024422,-0.0040587
-0.36653,-0.21278,0.045672,0.9046,-0.056107,-0.024442,-0.0040743
-0.36648,-0.21307,0.045681,0.90455,-0.056047,-0.024409,-0.0041042
-0.36617,-0.21321,0.045847,0.90463,-0.056015,-0.02444,-0.0040997
-0.36628,-0.21336,0.045786,0.90456,-0.055989,-0.024424,-0.0041163
-0.36621,-0.21341,0.045704,0.90458,-0.055966,-0.024426,-0.004119
-0.36635,-0.2135,0.045652,0.9045,-0.055939,-0.024408,-0.0041285
-0.36619,-0.21377,0.045681,0.9045,-0.055886,-0.024384,-0.0041594
-0.36601,-0.21398,0.045729,0.90452,-0.055849,-0.024396,-0.0041672
-0.36574,-0.21431,0.0458,0.90455,-0.055813,-0.024424,-0.0041782
-0.36545,-0.21445,0.045908,0.90463,-0.055778,-0.024454,-0.0041744
-0.3655,-0.21465,0.045837,0.90456,-0.055753,-0.024438,-0.0041919
-0.36557,-0.21481,0.045683,0.90451,-0.055698,-0.024388,-0.0042148
-0.36554,-0.21498,0.045656,0.90448,-0.055676,-0.024388,-0.0042227
-0.36519,-0.21504,0.045742,0.9046,-0.055658,-0.024422,-0.0042147
-0.36533,-0.21511,0.045578,0.90454,-0.055639,-0.024406,-0.0042367
-0.36541,-0.21526,0.045435,0.90447,-0.055607,-0.024385,-0.0042445
-0.3653,-0.21545,0.045439,0.90447,-0.055558,-0.024356,-0.0042734
-0.36531,-0.2144,0.045047,0.90474,-0.05556,-0.024356,-0.0041875
-0.36528,-0.21458,0.045089,0.90471,-0.055553,-0.024343,-0.0042189
-0.36523,-0.21482,0.045168,0.90467,-0.055523,-0.024343,-0.0042431
-0.36518,-0.21476,0.045175,0.9047,-0.055505,-0.024345,-0.0042348
-0.36496,-0.21454,0.045054,0.90485,-0.055465,-0.024338,-0.0042068
-0.36493,-0.21474,0.045125,0.90481,-0.055444,-0.024331,-0.0042293
-0.36495,-0.21489,0.04503,0.90477,-0.055421,-0.024321,-0.0042384
-0.36481,-0.21513,0.045058,0.90476,-0.055402,-0.02433,-0.0042595
-0.36479,-0.2153,0.045096,0.90473,-0.055373,-0.02433,-0.0042791
-0.36465,-0.21502,0.044909,0.90486,-0.055337,-0.024306,-0.0042516
-0.36477,-0.21514,0.044782,0.90479,-0.055319,-0.024293,-0.0042701
-0.36477,-0.21533,0.044789,0.90475,-0.055294,-0.024289,-0.0042904
-0.36462,-0.21502,0.04472,0.90489,-0.055292,-0.024302,-0.0042531
-0.36429,-0.21507,0.044773,0.905,-0.055275,-0.024338,-0.0042476
-0.3643,-0.21519,0.04471,0.90497,-0.055229,-0.024297,-0.004269
-0.36427,-0.21533,0.044726,0.90495,-0.0552,-0.024297,-0.0042828
-0.36423,-0.21517,0.044669,0.90501,-0.055186,-0.024297,-0.0042696
-0.36435,-0.21484,0.044468,0.90505,-0.05517,-0.024285,-0.0042412
-0.36444,-0.21385,0.044113,0.90526,-0.055137,-0.024305,-0.0041026
-0.36428,-0.21387,0.044064,0.90533,-0.055102,-0.024293,-0.0041097
-0.3642,-0.2141,0.044104,0.9053,-0.055081,-0.024302,-0.0041263
-0.36409,-0.21428,0.044137,0.9053,-0.055058,-0.024319,-0.0041419
-0.36388,-0.21451,0.04423,0.90533,-0.055032,-0.024345,-0.0041522
-0.36373,-0.21473,0.044268,0.90534,-0.055004,-0.024368,-0.0041667
-0.36381,-0.21377,0.04381,0.90555,-0.054988,-0.024317,-0.0040986
-0.36365,-0.21403,0.043922,0.90555,-0.055002,-0.024318,-0.0041436
-0.36345,-0.21424,0.043985,0.90558,-0.054971,-0.024349,-0.0041542
-0.36343,-0.21441,0.043977,0.90555,-0.054946,-0.024349,-0.0041761
-0.36328,-0.2146,0.044078,0.90556,-0.05493,-0.024367,-0.0041912
-0.36313,-0.21465,0.044047,0.90561,-0.054883,-0.024355,-0.0041973
-0.36313,-0.2148,0.044005,0.90557,-0.054856,-0.024358,-0.0042188
-0.36314,-0.21498,0.044009,0.90552,-0.054829,-0.024352,-0.0042375
-0.36289,-0.21521,0.044067,0.90557,-0.05481,-0.024382,-0.0042527
-0.36287,-0.2154,0.044066,0.90553,-0.054784,-0.024381,-0.0042702
-0.36286,-0.21557,0.043989,0.9055,-0.054735,-0.024342,-0.0042945
-0.36293,-0.21567,0.043898,0.90545,-0.054715,-0.024327,-0.0043034
-0.36289,-0.21582,0.043929,0.90543,-0.054693,-0.024328,-0.00432
-0.36288,-0.21595,0.04391,0.90541,-0.05467,-0.024324,-0.0043332
-0.36282,-0.21576,0.043854,0.90547,-0.054665,-0.024331,-0.0043112
-0.36279,-0.21594,0.043829,0.90545,-0.054622,-0.024296,-0.0043377
-0.36277,-0.21583,0.043715,0.90548,-0.054608,-0.024294,-0.0043222
-0.36268,-0.21576,0.04366,0.90554,-0.054598,-0.024304,-0.0043048
-0.36252,-0.21596,0.043666,0.90556,-0.054584,-0.02432,-0.0043229
-0.36249,-0.2151,0.043362,0.90579,-0.0546,-0.02431,-0.0042428
-0.36241,-0.21501,0.043211,0.90585,-0.054561,-0.024296,-0.0042333
-0.36233,-0.2142,0.042951,0.90609,-0.05455,-0.024321,-0.0041372
-0.36241,-0.21433,0.042887,0.90602,-0.054543,-0.024303,-0.004159
-0.36214,-0.21445,0.04296,0.9061,-0.054537,-0.024331,-0.0041715
-0.3618,-0.21449,0.043007,0.90622,-0.054516,-0.024369,-0.0041607
-0.36177,-0.21444,0.042805,0.90626,-0.054473,-0.024342,-0.0041585
-0.36145,-0.21457,0.042803,0.90636,-0.054469,-0.024386,-0.0041689
-0.36138,-0.21474,0.04282,0.90634,-0.054444,-0.024391,-0.0041829
-0.36138,-0.2149,0.042829,0.9063,-0.054424,-0.024389,-0.0042006
-0.36108,-0.21492,0.042869,0.90642,-0.054418,-0.024423,-0.0041978
-0.36107,-0.21509,0.0428,0.90639,-0.054369,-0.024389,-0.0042207
-0.36101,-0.21506,0.042754,0.90642,-0.054358,-0.024397,-0.0042164
-0.36078,-0.21506,0.042804,0.90651,-0.054352,-0.024429,-0.0042115
-0.36082,-0.21522,0.042781,0.90646,-0.054332,-0.024422,-0.0042341
-0.36078,-0.21515,0.042687,0.90649,-0.054321,-0.024421,-0.0042261
-0.3607,-0.21511,0.042547,0.90654,-0.054282,-0.024393,-0.0042277
-0.36057,-0.21531,0.042631,0.90654,-0.054268,-0.024403,-0.004249
-0.3605,-0.21523,0.042583,0.90659,-0.054256,-0.024407,-0.0042425
-0.36036,-0.21529,0.042616,0.90663,-0.054244,-0.024424,-0.0042471
-0.36008,-0.2153,0.042633,0.90674,-0.054229,-0.024456,-0.0042441
-0.36022,-0.21473,0.042259,0.90683,-0.054199,-0.0244,-0.0042072
-0.36003,-0.21455,0.042229,0.90695,-0.054192,-0.024438,-0.0041694
-0.35984,-0.21469,0.042319,0.90699,-0.054178,-0.024458,-0.0041789
-0.35974,-0.21466,0.042277,0.90704,-0.054164,-0.024468,-0.0041742
-0.35974,-0.21485,0.04229,0.907,-0.054149,-0.024461,-0.0041957
-0.35973,-0.2148,0.042192,0.90702,-0.054113,-0.024423,-0.0041981
-0.3597,-0.21496,0.042204,0.90699,-0.054096,-0.024422,-0.0042183
-0.35958,-0.21513,0.042256,0.90699,-0.054077,-0.024436,-0.0042369
-0.35933,-0.21513,0.042263,0.90709,-0.054069,-0.024469,-0.004227
-0.35927,-0.21508,0.042202,0.90713,-0.05406,-0.024473,-0.0042212
-0.35928,-0.21496,0.042032,0.90716,-0.054025,-0.024432,-0.0042139
-0.3592,-0.21476,0.041951,0.90725,-0.054019,-0.024445,-0.0041847
-0.35918,-0.21489,0.041959,0.90722,-0.054005,-0.024443,-0.004207
-0.35917,-0.21474,0.041925,0.90726,-0.053998,-0.024441,-0.004188
-0.35917,-0.21486,0.041959,0.90723,-0.053982,-0.024438,-0.0042086
-0.35916,-0.21502,0.041925,0.9072,-0.053933,-0.024402,-0.0042358
-0.35913,-0.21513,0.041923,0.90719,-0.053914,-0.024403,-0.0042516
-0.35901,-0.21503,0.0419,0.90726,-0.053913,-0.024419,-0.0042373
-0.35892,-0.215,0.04191,0.9073,-0.053907,-0.024434,-0.0042297
-0.35888,-0.21512,0.041962,0.90729,-0.053893,-0.024439,-0.0042447
-0.35873,-0.21523,0.04197,0.90732,-0.053852,-0.024422,-0.0042581
-0.35852,-0.21531,0.042016,0.90738,-0.053844,-0.024447,-0.0042639
-0.35843,-0.21528,0.041998,0.90742,-0.053835,-0.024459,-0.0042609
-0.35833,-0.21512,0.041923,0.90751,-0.053833,-0.024472,-0.0042355
-0.35806,-0.21519,0.041956,0.9076,-0.05383,-0.024507,-0.0042385
-0.35797,-0.21513,0.041859,0.90765,-0.053791,-0.024481,-0.0042364
-0.35797,-0.21524,0.041846,0.90762,-0.053777,-0.024478,-0.0042519
-0.35784,-0.21532,0.041869,0.90765,-0.053771,-0.024497,-0.0042576
-0.35778,-0.21529,0.041832,0.90769,-0.053761,-0.024507,-0.0042506
-0.35773,-0.21541,0.041848,0.90767,-0.05375,-0.024511,-0.0042618
-0.3578,-0.21525,0.041663,0.90769,-0.053713,-0.024459,-0.0042524
-0.35786,-0.21536,0.04164,0.90764,-0.053695,-0.024448,-0.0042677
-0.3576,-0.21545,0.041716,0.90772,-0.053694,-0.024484,-0.0042772
-0.35755,-0.21552,0.041722,0.90773,-0.053681,-0.024489,-0.004285
-0.35762,-0.2155,0.041696,0.90771,-0.053667,-0.02448,-0.0042805
-0.3576,-0.21561,0.041593,0.90769,-0.053624,-0.024441,-0.004299
-0.3575,-0.21562,0.041571,0.90773,-0.053617,-0.024453,-0.004298
-0.35744,-0.21574,0.041549,0.90773,-0.053603,-0.024458,-0.0043093
-0.35732,-0.2157,0.041527,0.90778,-0.053598,-0.024471,-0.0043005
-0.35716,-0.21569,0.041512,0.90785,-0.053592,-0.024492,-0.0042966
-0.35707,-0.21557,0.041394,0.90792,-0.053556,-0.024464,-0.0042844
-0.35703,-0.21564,0.041365,0.90792,-0.053548,-0.024468,-0.0042924
-0.35693,-0.2156,0.041331,0.90797,-0.053546,-0.024476,-0.0042845
-0.3568,-0.2156,0.0413,0.90802,-0.053541,-0.024493,-0.0042799
-0.35685,-0.21566,0.041231,0.90799,-0.053528,-0.024481,-0.0042853
-0.35674,-0.21584,0.041189,0.90799,-0.053487,-0.024456,-0.0043146
-0.35662,-0.21583,0.04116,0.90805,-0.053481,-0.02447,-0.0043095
-0.35648,-0.21585,0.041138,0.9081,-0.053476,-0.024488,-0.0043078
-0.35627,-0.21594,0.041227,0.90815,-0.053471,-0.024517,-0.0043172
-0.35618,-0.21585,0.041192,0.90821,-0.053468,-0.024529,-0.0043031
-0.35609,-0.21569,0.041088,0.90829,-0.053432,-0.02451,-0.004281
-0.35608,-0.21581,0.041136,0.90826,-0.053417,-0.024509,-0.0042967
-0.35618,-0.21558,0.040997,0.90828,-0.053416,-0.024488,-0.0042685
-0.35617,-0.21572,0.041,0.90826,-0.053405,-0.024485,-0.004292
-0.35589,-0.21582,0.041093,0.90834,-0.053408,-0.024525,-0.0043034
-0.35591,-0.21577,0.040954,0.90835,-0.053368,-0.024479,-0.0043076
-0.35596,-0.21559,0.040846,0.90838,-0.053362,-0.02447,-0.0042821
-0.35586,-0.21547,0.040814,0.90844,-0.053361,-0.024484,-0.0042597
-0.35576,-0.21534,0.040789,0.90852,-0.053357,-0.024504,-0.0042376
-0.3556,-0.21543,0.040896,0.90855,-0.053356,-0.024521,-0.0042501
-0.3555,-0.21543,0.040821,0.90859,-0.053319,-0.024493,-0.0042564
-0.3555,-0.21534,0.040748,0.90862,-0.053313,-0.024491,-0.0042453
-0.35542,-0.21523,0.040736,0.90868,-0.053313,-0.024504,-0.0042302
-0.3553,-0.21512,0.040716,0.90875,-0.05331,-0.024522,-0.0042131
-0.35523,-0.21516,0.040724,0.90877,-0.053305,-0.024532,-0.0042164
-0.35512,-0.21512,0.040645,0.90882,-0.053271,-0.024507,-0.004219
-0.35515,-0.21494,0.040552,0.90886,-0.053268,-0.024501,-0.0041982
-0.35516,-0.21472,0.040414,0.90891,-0.053265,-0.024502,-0.0041643
-0.35519,-0.21478,0.040433,0.90889,-0.053249,-0.024494,-0.0041757
-0.35513,-0.21467,0.040412,0.90894,-0.05325,-0.024499,-0.0041606
-0.3552,-0.21477,0.040256,0.9089,-0.053205,-0.024447,-0.0041744
-0.3551,-0.21473,0.040263,0.90894,-0.053206,-0.024458,-0.0041692
-0.35508,-0.21466,0.040209,0.90897,-0.0532,-0.024458,-0.0041624
-0.35505,-0.21479,0.040211,0.90895,-0.053189,-0.024462,-0.0041795
-0.35505,-0.2149,0.040238,0.90892,-0.053173,-0.024464,-0.0041941
-0.35499,-0.21494,0.040142,0.90894,-0.053132,-0.024429,-0.0042032
-0.35499,-0.21493,0.040104,0.90894,-0.053125,-0.024429,-0.0042011
-0.35504,-0.21492,0.040121,0.90892,-0.05311,-0.024421,-0.0042018
-0.355,-0.21499,0.040153,0.90892,-0.053101,-0.024427,-0.0042148
-0.35489,-0.21514,0.040244,0.90893,-0.05309,-0.024443,-0.0042353
-0.35487,-0.21529,0.040215,0.9089,-0.053038,-0.024409,-0.0042587
-0.35467,-0.2154,0.040288,0.90895,-0.053032,-0.024438,-0.0042697
-0.35461,-0.21544,0.040308,0.90896,-0.053023,-0.024445,-0.0042739
-0.35447,-0.21546,0.040342,0.90901,-0.05302,-0.024464,-0.004275
-0.35443,-0.2156,0.04039,0.90899,-0.053007,-0.02447,-0.0042927
-0.35441,-0.21556,0.040279,0.90901,-0.052971,-0.024433,-0.0042959
-0.35424,-0.21564,0.040353,0.90906,-0.052973,-0.024452,-0.0043076
-0.35414,-0.21551,0.040305,0.90913,-0.052976,-0.024461,-0.0042903
-0.35413,-0.21547,0.040253,0.90915,-0.052968,-0.024461,-0.004285
-0.35412,-0.21532,0.040185,0.90919,-0.052964,-0.024461,-0.0042604
-0.35419,-0.21536,0.040111,0.90916,-0.052915,-0.02441,-0.0042731
-0.35408,-0.21523,0.040056,0.90923,-0.052921,-0.024421,-0.0042516
-0.35398,-0.21515,0.040023,0.90929,-0.052921,-0.024437,-0.0042359
-0.35388,-0.21505,0.040018,0.90935,-0.052921,-0.024449,-0.0042209
-0.35371,-0.21511,0.040064,0.9094,-0.052918,-0.024469,-0.0042291
-0.35359,-0.21519,0.039998,0.90943,-0.052875,-0.024444,-0.0042409
-0.3536,-0.21516,0.039977,0.90943,-0.052866,-0.02444,-0.0042379
-0.35363,-0.21516,0.039946,0.90943,-0.052858,-0.024436,-0.0042386
-0.35353,-0.21517,0.039964,0.90946,-0.052857,-0.024449,-0.0042391
-0.35354,-0.21528,0.039974,0.90943,-0.052845,-0.024446,-0.0042511
-0.35351,-0.21541,0.039942,0.90941,-0.052799,-0.024408,-0.0042753
-0.3534,-0.21535,0.03992,0.90947,-0.052799,-0.02442,-0.0042644
-0.35332,-0.21525,0.039914,0.90953,-0.052796,-0.024432,-0.0042499
-0.35319,-0.21531,0.039939,0.90956,-0.052791,-0.024445,-0.0042558
-0.35312,-0.21542,0.039943,0.90956,-0.052784,-0.024452,-0.0042678
-0.35294,-0.2155,0.039911,0.90962,-0.052746,-0.024434,-0.0042802
-0.35296,-0.21536,0.039804,0.90965,-0.052744,-0.024427,-0.0042669
-0.35298,-0.21534,0.039765,0.90964,-0.052735,-0.024425,-0.0042638
-0.35289,-0.21534,0.039767,0.90968,-0.052733,-0.024436,-0.0042618
-0.35291,-0.21525,0.039721,0.90969,-0.05273,-0.024431,-0.0042524
-0.35282,-0.2153,0.039683,0.90972,-0.052697,-0.024404,-0.004264
-0.35275,-0.21528,0.039685,0.90975,-0.052693,-0.024412,-0.0042593
-0.35267,-0.2153,0.039699,0.90978,-0.052689,-0.024424,-0.0042613
-0.35264,-0.21541,0.039705,0.90976,-0.05268,-0.024428,-0.0042746
-0.35252,-0.21546,0.039719,0.90979,-0.052674,-0.024442,-0.0042798
-0.35252,-0.21561,0.039665,0.90977,-0.052627,-0.0244,-0.0043032
-0.35252,-0.21553,0.039624,0.90979,-0.052624,-0.024396,-0.0042924
-0.35252,-0.2154,0.039538,0.90982,-0.052617,-0.024397,-0.0042705
-0.35245,-0.21551,0.039555,0.90982,-0.052613,-0.024404,-0.0042886
-0.35248,-0.21549,0.039515,0.90981,-0.052604,-0.0244,-0.0042873
-0.35248,-0.21563,0.039441,0.90979,-0.052559,-0.024358,-0.004311
-0.35235,-0.21568,0.039458,0.90982,-0.052554,-0.024376,-0.0043134
-0.35239,-0.21567,0.03945,0.90981,-0.052545,-0.024371,-0.0043119
-0.35227,-0.21571,0.039472,0.90984,-0.052544,-0.024387,-0.0043183
-0.35231,-0.21557,0.039396,0.90987,-0.05254,-0.024382,-0.0043019
-0.35229,-0.21563,0.03933,0.90986,-0.0525,-0.02434,-0.0043151
-0.35227,-0.21558,0.039316,0.90988,-0.052496,-0.024342,-0.004308
-0.35224,-0.21572,0.03933,0.90986,-0.052487,-0.024347,-0.0043245
-0.35221,-0.21585,0.039357,0.90984,-0.052476,-0.024354,-0.0043422
-0.35224,-0.21593,0.039355,0.90981,-0.052466,-0.024349,-0.0043527
-0.3522,-0.21602,0.039271,0.9098,-0.052423,-0.024311,-0.0043668
-0.35225,-0.21603,0.039263,0.90978,-0.052413,-0.024306,-0.004368
-0.35212,-0.21607,0.039271,0.90983,-0.052416,-0.024321,-0.0043735
-0.35207,-0.21618,0.039296,0.90982,-0.052409,-0.024328,-0.0043875
-0.35203,-0.21619,0.039277,0.90983,-0.052404,-0.024331,-0.004388
-0.35209,-0.21629,0.039206,0.90979,-0.052356,-0.024279,-0.0044071
-0.35212,-0.21628,0.039174,0.90978,-0.052349,-0.024274,-0.004405
-0.35213,-0.2163,0.03915,0.90977,-0.052343,-0.024268,-0.0044068
-0.35214,-0.21631,0.039145,0.90977,-0.052336,-0.024266,-0.0044089
-0.35206,-0.21635,0.039159,0.90979,-0.052332,-0.024275,-0.0044126
-0.3521,-0.21621,0.039009,0.90981,-0.052294,-0.024227,-0.0044002
-0.35216,-0.21633,0.039014,0.90976,-0.052282,-0.024215,-0.0044206
-0.35218,-0.21617,0.038946,0.90979,-0.05228,-0.024205,-0.0043989
-0.35211,-0.21627,0.038953,0.90979,-0.052277,-0.024211,-0.004415
-0.35213,-0.21629,0.038937,0.90979,-0.052269,-0.024208,-0.0044182
-0.35211,-0.21632,0.038849,0.90979,-0.052228,-0.024164,-0.0044269
-0.35209,-0.21643,0.038847,0.90977,-0.052218,-0.024166,-0.0044411
-0.35202,-0.21651,0.038847,0.90978,-0.052213,-0.024173,-0.0044513
-0.35187,-0.21655,0.038859,0.90982,-0.052211,-0.024189,-0.0044546
-0.3518,-0.21666,0.038892,0.90982,-0.052202,-0.024198,-0.0044685
-0.35169,-0.21674,0.038844,0.90985,-0.052159,-0.024171,-0.0044779
-0.35169,-0.21664,0.038778,0.90988,-0.052157,-0.024169,-0.0044633
-0.35171,-0.21666,0.038766,0.90987,-0.052149,-0.024166,-0.0044642
-0.35173,-0.21652,0.038673,0.90989,-0.052149,-0.024162,-0.0044416
-0.35158,-0.21644,0.038651,0.90997,-0.052157,-0.024182,-0.0044233
-0.35155,-0.21645,0.038559,0.90998,-0.052116,-0.024146,-0.0044283
-0.35155,-0.21647,0.038538,0.90998,-0.05211,-0.024147,-0.0044296
-0.35158,-0.21646,0.038498,0.90998,-0.052102,-0.024143,-0.0044273
-0.35155,-0.21655,0.038496,0.90997,-0.052098,-0.024145,-0.0044406
-0.3515,-0.21666,0.038499,0.90996,-0.052089,-0.02415,-0.0044526
-0.35151,-0.21676,0.038431,0.90993,-0.052041,-0.024105,-0.0044725
-0.35153,-0.21664,0.038381,0.90996,-0.052039,-0.024101,-0.0044535
-0.35148,-0.21674,0.038398,0.90995,-0.052035,-0.024103,-0.0044693
-0.35139,-0.21674,0.038396,0.90999,-0.052037,-0.024115,-0.004466
-0.3514,-0.21676,0.038396,0.90998,-0.052031,-0.024113,-0.0044699
-0.35148,-0.21687,0.038323,0.90992,-0.05198,-0.02406,-0.0044923
-0.35151,-0.21674,0.038262,0.90995,-0.051984,-0.024053,-0.0044737
-0.35152,-0.2166,0.038208,0.90998,-0.051982,-0.024054,-0.0044521
-0.35147,-0.21663,0.038217,0.90999,-0.051983,-0.024059,-0.0044589
-0.35145,-0.21675,0.038222,0.90997,-0.051974,-0.02406,-0.0044748
-0.35149,-0.21662,0.038059,0.90999,-0.051942,-0.024008,-0.0044652
-0.35146,-0.21662,0.038044,0.91,-0.051942,-0.02401,-0.0044659
-0.35138,-0.21649,0.037985,0.91007,-0.051953,-0.024019,-0.004445
-0.35145,-0.21647,0.037936,0.91004,-0.051945,-0.024007,-0.0044441
-0.35145,-0.21658,0.037927,0.91002,-0.051937,-0.024007,-0.0044591
-0.35148,-0.21648,0.037799,0.91004,-0.051902,-0.02396,-0.00445
-0.35147,-0.2166,0.037824,0.91001,-0.051896,-0.023962,-0.0044704
-0.35146,-0.21659,0.037785,0.91002,-0.051893,-0.023961,-0.0044704
-0.35153,-0.21644,0.037662,0.91004,-0.051888,-0.023949,-0.0044489
-0.35145,-0.21637,0.037638,0.91008,-0.051892,-0.023961,-0.0044347
-0.35139,-0.21626,0.037491,0.91014,-0.051863,-0.023929,-0.0044199
-0.35139,-0.21637,0.037502,0.91011,-0.051857,-0.023927,-0.0044392
-0.35139,-0.21627,0.037428,0.91014,-0.051859,-0.023924,-0.0044237
-0.3514,-0.21627,0.03739,0.91014,-0.051854,-0.023923,-0.0044204
-0.35145,-0.21627,0.037387,0.91012,-0.051842,-0.023916,-0.0044211
-0.35142,-0.21638,0.037336,0.9101,-0.051801,-0.023879,-0.0044433
-0.35139,-0.21639,0.03731,0.91012,-0.051799,-0.023881,-0.004444
-0.35149,-0.21621,0.037164,0.91012,-0.051797,-0.023857,-0.0044191
-0.3515,-0.21615,0.037128,0.91014,-0.051793,-0.023858,-0.0044056
-0.35153,-0.21614,0.037111,0.91013,-0.051784,-0.023855,-0.0044061
-0.35156,-0.21626,0.037031,0.91009,-0.051738,-0.023807,-0.0044288
-0.35159,-0.21626,0.036997,0.91008,-0.051729,-0.023802,-0.0044261
-0.3516,-0.2162,0.036954,0.91009,-0.051724,-0.0238,-0.0044176
-0.3516,-0.21623,0.036932,0.91009,-0.051718,-0.023799,-0.0044207
-0.35156,-0.21634,0.036941,0.91008,-0.051709,-0.023804,-0.0044343
-0.35167,-0.21614,0.036721,0.91009,-0.051675,-0.023742,-0.0044096
-0.35166,-0.21613,0.036687,0.9101,-0.051672,-0.023743,-0.0044035
-0.35164,-0.21621,0.036697,0.91009,-0.051667,-0.023744,-0.0044165
-0.35163,-0.21632,0.036695,0.91006,-0.051656,-0.023744,-0.0044308
-0.35162,-0.21619,0.036612,0.9101,-0.051659,-0.02374,-0.0044101
-0.35164,-0.21606,0.036449,0.91013,-0.051623,-0.023699,-0.0043876
-0.35162,-0.21614,0.036442,0.91012,-0.051618,-0.0237,-0.0044009
-0.35159,-0.21626,0.036453,0.9101,-0.051608,-0.023703,-0.0044199
-0.35155,-0.2163,0.036421,0.91011,-0.051602,-0.023706,-0.0044234
-0.35154,-0.21637,0.036412,0.9101,-0.051594,-0.023704,-0.0044347
-0.35152,-0.21639,0.036302,0.9101,-0.051555,-0.023664,-0.0044365
-0.35155,-0.21627,0.036241,0.91013,-0.051554,-0.023661,-0.0044167
-0.35146,-0.21633,0.036272,0.91014,-0.051554,-0.023673,-0.0044261
-0.35147,-0.2162,0.036205,0.91017,-0.051555,-0.02367,-0.0044092
-0.35146,-0.21624,0.03618,0.91017,-0.051553,-0.02367,-0.0044153
-0.35147,-0.2161,0.036027,0.91021,-0.051522,-0.023625,-0.0043962
-0.35146,-0.21615,0.036015,0.9102,-0.051518,-0.023626,-0.0044028
-0.3515,-0.21608,0.035986,0.9102,-0.051512,-0.02362,-0.0043931
-0.35151,-0.21615,0.035974,0.91018,-0.051505,-0.023616,-0.0044065
-0.35141,-0.21628,0.036007,0.91019,-0.0515,-0.023629,-0.0044258
-0.35144,-0.21633,0.035924,0.91017,-0.051457,-0.023582,-0.0044374
-0.35135,-0.21626,0.035886,0.91022,-0.051464,-0.023588,-0.0044257
-0.35132,-0.21638,0.035899,0.9102,-0.051459,-0.023591,-0.0044456
-0.35132,-0.21625,0.035806,0.91024,-0.051462,-0.023585,-0.0044262
-0.35134,-0.21631,0.035784,0.91021,-0.051453,-0.02358,-0.0044374
-0.35137,-0.21629,0.035673,0.91021,-0.051414,-0.023536,-0.0044367
-0.35139,-0.21632,0.035676,0.9102,-0.051401,-0.023533,-0.0044403
-0.35147,-0.21598,0.035534,0.91025,-0.051405,-0.023516,-0.0043952
-0.35149,-0.21598,0.035509,0.91025,-0.051398,-0.023516,-0.0043941
-0.35141,-0.21604,0.03552,0.91026,-0.051396,-0.023527,-0.0044026
-0.35138,-0.21613,0.035443,0.91025,-0.051357,-0.023489,-0.0044179
-0.35134,-0.21622,0.035448,0.91025,-0.05135,-0.023493,-0.0044304
-0.35135,-0.21627,0.035415,0.91023,-0.051342,-0.023489,-0.0044356
-0.35133,-0.21635,0.035421,0.91022,-0.051333,-0.023491,-0.0044487
-0.3513,-0.21646,0.035426,0.91021,-0.051323,-0.023495,-0.0044641
-0.35129,-0.21658,0.035379,0.91019,-0.051277,-0.023458,-0.0044845
-0.35126,-0.21671,0.035408,0.91017,-0.051265,-0.023464,-0.0045049
-0.35124,-0.21683,0.035435,0.91014,-0.051254,-0.023468,-0.0045233
-0.3512,-0.21693,0.035445,0.91013,-0.051245,-0.023472,-0.0045369
-0.35117,-0.21705,0.035469,0.91012,-0.051233,-0.023475,-0.0045548
-0.35115,-0.21716,0.035395,0.9101,-0.051188,-0.023437,-0.0045715
-0.35112,-0.21727,0.035406,0.91009,-0.051179,-0.02344,-0.0045857
-0.35112,-0.21728,0.035382,0.91008,-0.051173,-0.023439,-0.0045877
-0.35113,-0.21727,0.035343,0.91008,-0.051168,-0.023437,-0.004585
-0.35111,-0.21719,0.035292,0.91011,-0.051169,-0.023439,-0.0045689
-0.35113,-0.21724,0.035191,0.9101,-0.05113,-0.023395,-0.0045797
-0.35114,-0.21732,0.035172,0.91008,-0.05112,-0.023391,-0.0045918
-0.35113,-0.21718,0.035085,0.91012,-0.051126,-0.023385,-0.0045703
-0.35107,-0.21727,0.035098,0.91012,-0.051122,-0.02339,-0.0045885
-0.35111,-0.21735,0.035116,0.91008,-0.051111,-0.023385,-0.0046002
-0.35112,-0.2174,0.035013,0.91007,-0.051071,-0.023347,-0.0046085
-0.35104,-0.21752,0.03506,0.91007,-0.051065,-0.023357,-0.0046293
-0.35104,-0.21759,0.035043,0.91006,-0.051056,-0.023358,-0.004638
-0.35094,-0.21764,0.035054,0.91008,-0.051056,-0.023371,-0.0046455
-0.35092,-0.21771,0.035023,0.91007,-0.05105,-0.023373,-0.0046537
-0.35097,-0.21769,0.034888,0.91006,-0.05101,-0.023324,-0.0046529
-0.35089,-0.21764,0.034863,0.9101,-0.051016,-0.023334,-0.0046444
-0.35088,-0.21769,0.034844,0.9101,-0.051011,-0.023336,-0.004652
-0.35087,-0.21771,0.034816,0.9101,-0.051006,-0.023338,-0.0046544
-0.35085,-0.21775,0.034794,0.9101,-0.051001,-0.02334,-0.0046584
-0.35077,-0.21788,0.034764,0.9101,-0.050964,-0.023313,-0.0046829
-0.35078,-0.21789,0.034745,0.91009,-0.050958,-0.023312,-0.004686
-0.3508,-0.2179,0.034737,0.91009,-0.050951,-0.023311,-0.0046895
-0.3508,-0.21793,0.034734,0.91008,-0.050945,-0.02331,-0.0046951
-0.35077,-0.21785,0.034699,0.91011,-0.05095,-0.023311,-0.0046819
-0.35075,-0.21794,0.034615,0.9101,-0.050913,-0.023273,-0.004699
-0.35073,-0.21784,0.034559,0.91013,-0.050916,-0.023272,-0.0046822
-0.35075,-0.21786,0.034546,0.91012,-0.050909,-0.023269,-0.004686
-0.35075,-0.2179,0.034531,0.91011,-0.050902,-0.023269,-0.0046931
-0.35074,-0.21796,0.034517,0.9101,-0.050896,-0.02327,-0.0047031
-0.35076,-0.21803,0.034433,0.91008,-0.050853,-0.023227,-0.0047173
-0.3508,-0.218,0.034374,0.91007,-0.050845,-0.023217,-0.004712
-0.3508,-0.21799,0.034343,0.91008,-0.05084,-0.023215,-0.0047108
-0.35082,-0.21802,0.034325,0.91006,-0.050833,-0.023212,-0.0047155
-0.35083,-0.21791,0.034264,0.91009,-0.050831,-0.023207,-0.0046978
-0.3508,-0.21802,0.034189,0.91008,-0.050797,-0.023172,-0.0047219
-0.35084,-0.2178,0.034092,0.91012,-0.050801,-0.02316,-0.0046919
-0.35085,-0.21785,0.034085,0.9101,-0.050793,-0.023156,-0.0047029
-0.35085,-0.21789,0.034065,0.91009,-0.050786,-0.023154,-0.0047106
-0.35081,-0.21801,0.034085,0.91008,-0.050779,-0.023156,-0.0047298
-0.35073,-0.21798,0.033978,0.91012,-0.050754,-0.023126,-0.0047297
-0.35071,-0.21803,0.033966,0.91011,-0.050749,-0.023124,-0.0047394
-0.35074,-0.21793,0.033907,0.91013,-0.050746,-0.023118,-0.0047229
-0.35071,-0.21801,0.033918,0.91013,-0.050743,-0.02312,-0.0047393
-0.35071,-0.21803,0.033887,0.91012,-0.050737,-0.023117,-0.0047418
-0.35064,-0.21815,0.033819,0.91012,-0.050704,-0.023088,-0.0047659
-0.35064,-0.21822,0.033807,0.9101,-0.050694,-0.023086,-0.0047759
-0.35066,-0.21825,0.033783,0.91009,-0.050687,-0.02308,-0.0047799
-0.35064,-0.21833,0.033781,0.91008,-0.050679,-0.023081,-0.0047956
-0.35062,-0.21837,0.033762,0.91008,-0.050676,-0.023082,-0.0048015
-0.35059,-0.21846,0.033686,0.91007,-0.050638,-0.023048,-0.0048211
-0.35058,-0.2185,0.033674,0.91006,-0.050631,-0.023047,-0.0048283
-0.35061,-0.21833,0.033585,0.9101,-0.050633,-0.023041,-0.0047984
-0.35058,-0.21837,0.033569,0.9101,-0.050632,-0.023044,-0.0048065
-0.35056,-0.21828,0.033513,0.91013,-0.050633,-0.023043,-0.0047928
-0.35053,-0.21836,0.033442,0.91013,-0.0506,-0.02301,-0.0048113
-0.35052,-0.21816,0.03336,0.91018,-0.05061,-0.023007,-0.0047815
-0.35049,-0.21816,0.033336,0.91019,-0.050609,-0.023011,-0.0047827
-0.35046,-0.21817,0.033307,0.9102,-0.050607,-0.023015,-0.0047838
-0.35044,-0.21825,0.033323,0.91019,-0.0506,-0.023016,-0.0047998
-0.35041,-0.21808,0.033152,0.91025,-0.050579,-0.022978,-0.0047753
-0.35037,-0.21816,0.033137,0.91025,-0.050578,-0.02298,-0.00479
-0.35041,-0.21797,0.033037,0.91028,-0.050583,-0.022967,-0.0047603
-0.35036,-0.21805,0.033038,0.91028,-0.050585,-0.02297,-0.0047792
-0.35032,-0.21811,0.033028,0.91028,-0.050581,-0.022973,-0.0047885
-0.35031,-0.21792,0.032855,0.91034,-0.050558,-0.022935,-0.0047616
-0.35029,-0.21798,0.03284,0.91033,-0.050555,-0.022935,-0.0047738
-0.35024,-0.21806,0.032849,0.91033,-0.050551,-0.022942,-0.0047877
-0.3503,-0.21777,0.032708,0.91038,-0.050558,-0.022926,-0.0047404
-0.35036,-0.21748,0.032574,0.91043,-0.050542,-0.022926,-0.004667
-0.35034,-0.21743,0.032457,0.91046,-0.050512,-0.022898,-0.0046567
-0.35039,-0.21714,0.032326,0.91051,-0.050511,-0.022891,-0.0046024
-0.35037,-0.21723,0.032325,0.9105,-0.050511,-0.022889,-0.0046219
-0.35034,-0.21728,0.032312,0.9105,-0.050505,-0.022891,-0.0046308
-0.35032,-0.21732,0.032297,0.9105,-0.050499,-0.022891,-0.004638
-0.35031,-0.21742,0.032226,0.91048,-0.050461,-0.022859,-0.0046605
-0.35028,-0.21746,0.032219,0.91048,-0.050456,-0.022861,-0.0046679
-0.35027,-0.21745,0.032184,0.91049,-0.050454,-0.02286,-0.0046636
-0.35028,-0.21728,0.032109,0.91053,-0.050457,-0.022858,-0.0046349
-0.35026,-0.21713,0.032041,0.91057,-0.050455,-0.022865,-0.0046046
-0.35023,-0.2172,0.031959,0.91057,-0.050425,-0.022835,-0.0046222
-0.3502,-0.21728,0.031957,0.91056,-0.05042,-0.022837,-0.0046365
-0.35017,-0.21732,0.031943,0.91057,-0.050415,-0.02284,-0.0046431
-0.35013,-0.21739,0.031937,0.91056,-0.050409,-0.022843,-0.0046559
-0.35012,-0.21723,0.031868,0.91061,-0.050416,-0.022839,-0.004631
-0.35007,-0.2173,0.031787,0.91062,-0.050392,-0.022815,-0.0046482
-0.35012,-0.21701,0.031663,0.91067,-0.050401,-0.022798,-0.0046009
-0.3501,-0.21707,0.031655,0.91066,-0.050401,-0.022798,-0.0046161
-0.35012,-0.21686,0.031573,0.91071,-0.050408,-0.022788,-0.0045833
-0.35017,-0.21658,0.031449,0.91076,-0.050397,-0.022789,-0.0045219
-0.35019,-0.21636,0.031296,0.91081,-0.05036,-0.022763,-0.004477
-0.35016,-0.21645,0.031305,0.9108,-0.05036,-0.022763,-0.0044966
-0.35016,-0.21631,0.031246,0.91084,-0.050365,-0.02276,-0.0044733
-0.35016,-0.21634,0.03123,0.91083,-0.05036,-0.022758,-0.0044808
-0.35017,-0.2163,0.031208,0.91084,-0.050357,-0.022753,-0.0044752
-0.35015,-0.21631,0.031126,0.91085,-0.050326,-0.022725,-0.0044832
-0.35012,-0.21636,0.031126,0.91085,-0.050323,-0.022728,-0.0044933
-0.35009,-0.21638,0.031123,0.91085,-0.05032,-0.022731,-0.0044994
-0.35006,-0.21644,0.031129,0.91085,-0.050313,-0.022733,-0.0045121
-0.35008,-0.21625,0.031064,0.91089,-0.050318,-0.022726,-0.0044827
-0.35009,-0.2163,0.030973,0.91087,-0.050284,-0.02269,-0.004496
-0.35008,-0.21635,0.030973,0.91087,-0.050277,-0.02269,-0.0045058
-0.35009,-0.2162,0.0309,0.9109,-0.050281,-0.022686,-0.0044811
-0.3501,-0.21601,0.030834,0.91095,-0.050276,-0.022688,-0.0044425
-0.35007,-0.21598,0.030806,0.91096,-0.050277,-0.022692,-0.0044358
-0.35008,-0.21601,0.030717,0.91095,-0.050244,-0.02266,-0.0044462
-0.35007,-0.21604,0.0307,0.91095,-0.05024,-0.022659,-0.0044515
-0.35005,-0.21607,0.030686,0.91095,-0.050234,-0.02266,-0.0044571
-0.35004,-0.21604,0.030643,0.91097,-0.050233,-0.02266,-0.0044494
-0.35004,-0.2159,0.030577,0.911,-0.050234,-0.022658,-0.0044238
-0.35002,-0.21593,0.030486,0.91101,-0.050205,-0.022631,-0.0044346
-0.35,-0.21595,0.030468,0.91101,-0.050201,-0.02263,-0.0044395
-0.34996,-0.21599,0.030459,0.91101,-0.050197,-0.022634,-0.0044472
-0.34992,-0.21606,0.030456,0.91102,-0.050193,-0.022638,-0.0044598
-0.34991,-0.21608,0.030434,0.91101,-0.050187,-0.022636,-0.0044616
-0.34992,-0.21592,0.030286,0.91105,-0.050166,-0.022605,-0.004441
-0.34986,-0.216,0.030304,0.91106,-0.050167,-0.022609,-0.0044588
-0.34988,-0.21595,0.030265,0.91106,-0.050164,-0.022603,-0.0044533
-0.34987,-0.21599,0.030264,0.91106,-0.050159,-0.022602,-0.0044607
-0.34983,-0.21604,0.030261,0.91106,-0.050156,-0.022607,-0.0044709
-0.34983,-0.21611,0.030193,0.91105,-0.050123,-0.022577,-0.0044878
-0.34981,-0.21612,0.030184,0.91105,-0.050121,-0.022578,-0.0044893
-0.34979,-0.21599,0.030129,0.91109,-0.050125,-0.022578,-0.0044691
-0.34978,-0.216,0.030119,0.91109,-0.050122,-0.022578,-0.0044718
-0.34978,-0.21599,0.03009,0.9111,-0.050117,-0.022575,-0.0044709
-0.34971,-0.21611,0.030046,0.9111,-0.050091,-0.022557,-0.0044989
-0.34971,-0.21615,0.030034,0.91109,-0.050084,-0.022555,-0.0045047
-0.34971,-0.2162,0.03003,0.91108,-0.050076,-0.022554,-0.0045137
-0.34968,-0.21627,0.030042,0.91107,-0.050071,-0.022556,-0.0045261
-0.34967,-0.21611,0.029975,0.91111,-0.050078,-0.022553,-0.0045011
-0.34967,-0.21608,0.029871,0.91112,-0.050052,-0.022526,-0.0044994
-0.34967,-0.21606,0.029839,0.91113,-0.050049,-0.022523,-0.0044952
-0.34969,-0.21587,0.029759,0.91117,-0.050052,-0.022518,-0.0044603
-0.34966,-0.21589,0.029765,0.91118,-0.050051,-0.02252,-0.0044661
-0.34964,-0.2159,0.029764,0.91118,-0.050048,-0.022522,-0.0044711
-0.34967,-0.21586,0.02965,0.91118,-0.050019,-0.02249,-0.00447
-0.34963,-0.21584,0.029632,0.9112,-0.05002,-0.022493,-0.0044672
-0.34964,-0.21578,0.029586,0.91122,-0.050018,-0.022489,-0.0044562
-0.34963,-0.21577,0.029556,0.91122,-0.050015,-0.022489,-0.0044545
-0.34961,-0.21576,0.029536,0.91124,-0.050015,-0.022491,-0.0044506
-0.3496,-0.2157,0.029412,0.91126,-0.049989,-0.022465,-0.0044438
-0.34959,-0.21564,0.029373,0.91127,-0.049987,-0.022464,-0.0044312
-0.34958,-0.21564,0.029359,0.91128,-0.049984,-0.022463,-0.004432
-0.34954,-0.21568,0.029362,0.91129,-0.049981,-0.022467,-0.0044422
-0.34956,-0.21567,0.029328,0.91128,-0.049976,-0.022461,-0.0044397
-0.34958,-0.21563,0.0292,0.91129,-0.049948,-0.022429,-0.0044341
-0.34958,-0.21567,0.029189,0.91128,-0.049942,-0.022427,-0.0044421
-0.3495,-0.21578,0.029224,0.91128,-0.049937,-0.022437,-0.0044644
-0.34947,-0.21583,0.029222,0.91128,-0.04993,-0.02244,-0.0044725
-0.34944,-0.2159,0.029223,0.91128,-0.049926,-0.022443,-0.0044857
-0.34945,-0.2159,0.029126,0.91128,-0.049897,-0.022415,-0.0044906
-0.34944,-0.21571,0.029062,0.91133,-0.049903,-0.022414,-0.0044569
-0.3494,-0.21577,0.029068,0.91133,-0.049905,-0.022417,-0.0044705
-0.34935,-0.21583,0.02907,0.91133,-0.049901,-0.022422,-0.0044818
-0.34933,-0.21589,0.029071,0.91133,-0.049894,-0.022425,-0.0044914
-0.34929,-0.21595,0.028988,0.91133,-0.049867,-0.022405,-0.0045081
-0.3493,-0.2159,0.028953,0.91134,-0.049865,-0.022401,-0.0045002
-0.34925,-0.21599,0.028976,0.91134,-0.049865,-0.022406,-0.0045189
-0.34926,-0.21596,0.028942,0.91134,-0.049861,-0.0224,-0.0045146
-0.3493,-0.21588,0.028888,0.91135,-0.049853,-0.022394,-0.0045006
-0.34933,-0.2158,0.028755,0.91135,-0.049825,-0.022365,-0.0044889
-0.34935,-0.21576,0.028735,0.91136,-0.04982,-0.022362,-0.0044823
-0.34932,-0.21582,0.028739,0.91136,-0.049817,-0.022364,-0.0044918
-0.34936,-0.21572,0.02868,0.91137,-0.049814,-0.022353,-0.0044747
-0.34937,-0.21569,0.028651,0.91137,-0.04981,-0.022351,-0.0044693
-0.34937,-0.21565,0.028553,0.91138,-0.049783,-0.022324,-0.0044693
-0.34933,-0.21572,0.028562,0.91138,-0.049783,-0.022328,-0.0044832
-0.3493,-0.21576,0.028566,0.91138,-0.049779,-0.022331,-0.0044914
-0.34933,-0.21571,0.028523,0.91138,-0.049774,-0.022326,-0.0044845
-0.34931,-0.21576,0.028526,0.91138,-0.049771,-0.022326,-0.0044941
-0.34932,-0.21578,0.028429,0.91138,-0.049742,-0.022301,-0.0045031
-0.34929,-0.21574,0.028406,0.9114,-0.049743,-0.022301,-0.0044965
-0.34929,-0.21578,0.028392,0.91139,-0.049737,-0.022296,-0.0045026
-0.3493,-0.21573,0.028356,0.9114,-0.049734,-0.022294,-0.0044969
-0.34929,-0.21576,0.028348,0.91139,-0.04973,-0.022294,-0.0045027
-0.34927,-0.21575,0.028264,0.91141,-0.049705,-0.022273,-0.0045069
-0.34926,-0.21581,0.02826,0.9114,-0.0497,-0.022272,-0.0045163
-0.34924,-0.21578,0.028236,0.91141,-0.049699,-0.022271,-0.0045121
-0.34921,-0.21582,0.028231,0.91142,-0.049697,-0.022274,-0.0045199
-0.34918,-0.21584,0.028224,0.91142,-0.049694,-0.022276,-0.0045227
-0.34917,-0.21582,0.02814,0.91143,-0.049669,-0.022254,-0.0045262
-0.34914,-0.21585,0.028137,0.91144,-0.049666,-0.022255,-0.0045337
-0.34913,-0.21586,0.02812,0.91144,-0.049662,-0.022254,-0.004535
-0.34913,-0.21573,0.028062,0.91147,-0.049662,-0.022253,-0.0045134
-0.3491,-0.2157,0.028059,0.91149,-0.049661,-0.022256,-0.0045096
-0.34908,-0.21575,0.027973,0.91149,-0.049636,-0.022235,-0.0045235
-0.34909,-0.21573,0.027954,0.91149,-0.049632,-0.022232,-0.0045207
-0.34908,-0.21575,0.027948,0.91149,-0.049627,-0.022231,-0.0045261
-0.34908,-0.21574,0.027934,0.91149,-0.049623,-0.022229,-0.0045255
-0.34904,-0.21582,0.027953,0.91149,-0.04962,-0.022233,-0.0045409
-0.34903,-0.21583,0.027866,0.91149,-0.049595,-0.022212,-0.0045491
-0.34902,-0.21586,0.027865,0.91149,-0.04959,-0.022212,-0.0045554
-0.34899,-0.21586,0.027863,0.9115,-0.049589,-0.022214,-0.0045551
-0.34898,-0.21581,0.027838,0.91152,-0.049587,-0.022215,-0.0045473
-0.34897,-0.21581,0.027824,0.91152,-0.049584,-0.022215,-0.0045487
-0.34896,-0.21578,0.027732,0.91153,-0.049559,-0.022194,-0.0045508
-0.34895,-0.21581,0.027722,0.91153,-0.049554,-0.022193,-0.0045554
-0.34894,-0.21583,0.027718,0.91153,-0.04955,-0.022193,-0.004562
-0.34893,-0.21573,0.027671,0.91156,-0.049552,-0.022193,-0.0045422
-0.34892,-0.21575,0.027663,0.91156,-0.049548,-0.022191,-0.0045483
-0.3489,-0.21572,0.027569,0.91158,-0.049528,-0.022171,-0.0045479
-0.34889,-0.21579,0.027578,0.91157,-0.049524,-0.022171,-0.0045609
-0.34882,-0.21589,0.027619,0.91157,-0.049521,-0.02218,-0.0045821
-0.3488,-0.21584,0.027596,0.91158,-0.049521,-0.02218,-0.004577
-0.34879,-0.21587,0.027596,0.91159,-0.049519,-0.022181,-0.0045834
-0.34879,-0.21586,0.027504,0.91159,-0.049492,-0.022157,-0.0045896
-0.34882,-0.2158,0.027465,0.91159,-0.049486,-0.022153,-0.0045801
-0.34882,-0.21579,0.02745,0.91159,-0.049481,-0.022151,-0.0045793
-0.34883,-0.21573,0.027426,0.91161,-0.049477,-0.022149,-0.0045688
-0.34883,-0.2157,0.027405,0.91161,-0.049474,-0.022149,-0.0045649
-0.34876,-0.21581,0.027353,0.91162,-0.049455,-0.022136,-0.0045938
-0.34874,-0.21581,0.027338,0.91162,-0.049451,-0.022135,-0.0045951
-0.34871,-0.21586,0.027352,0.91162,-0.04945,-0.02214,-0.0046064
-0.34869,-0.21586,0.02734,0.91163,-0.049447,-0.02214,-0.0046071
-0.34871,-0.21581,0.027297,0.91164,-0.049442,-0.022134,-0.0045964
-0.34874,-0.21576,0.027191,0.91164,-0.049414,-0.02211,-0.0045908
-0.34875,-0.21568,0.027158,0.91166,-0.04941,-0.022107,-0.004574
-0.34876,-0.21562,0.027132,0.91167,-0.049404,-0.022106,-0.0045613
-0.34874,-0.21562,0.027116,0.91167,-0.049404,-0.022107,-0.0045609
-0.34873,-0.2156,0.027098,0.91169,-0.049401,-0.022107,-0.0045577
-0.34872,-0.21561,0.02701,0.91169,-0.049379,-0.022088,-0.0045648
-0.34868,-0.21561,0.027004,0.9117,-0.049379,-0.022091,-0.0045648
-0.3487,-0.21549,0.026959,0.91173,-0.049377,-0.022088,-0.004544
-0.34873,-0.21542,0.026924,0.91173,-0.04937,-0.022085,-0.0045275
-0.34874,-0.21531,0.02688,0.91176,-0.049366,-0.022083,-0.0045027
-0.34877,-0.21524,0.026767,0.91177,-0.049341,-0.022062,-0.004492
-0.34878,-0.21509,0.026706,0.9118,-0.04934,-0.022059,-0.0044589
-0.3488,-0.21498,0.026661,0.91182,-0.049334,-0.022057,-0.0044331
-0.34879,-0.21496,0.026659,0.91183,-0.049333,-0.022059,-0.00443
-0.34879,-0.2149,0.026637,0.91184,-0.049329,-0.022058,-0.0044199
-0.3488,-0.21487,0.026544,0.91185,-0.049305,-0.022037,-0.0044194
-0.34881,-0.21478,0.026497,0.91187,-0.049302,-0.022034,-0.0043975
-0.34882,-0.21468,0.026457,0.91189,-0.049298,-0.022033,-0.0043753
-0.34883,-0.21463,0.026437,0.91189,-0.049292,-0.022031,-0.0043654
-0.34884,-0.21462,0.026422,0.91189,-0.049286,-0.022029,-0.0043647
-0.34886,-0.21454,0.026305,0.91191,-0.049262,-0.022006,-0.004351
-0.34888,-0.21445,0.026265,0.91192,-0.049256,-0.022003,-0.0043305
-0.34886,-0.21445,0.026258,0.91193,-0.049255,-0.022004,-0.0043313
-0.34889,-0.21439,0.026227,0.91194,-0.04925,-0.021999,-0.0043184
-0.34889,-0.21421,0.026163,0.91198,-0.049252,-0.021999,-0.0042769
-0.34891,-0.21417,0.026063,0.91198,-0.049225,-0.021978,-0.0042729
-0.3489,-0.2142,0.026059,0.91198,-0.049221,-0.021977,-0.0042795
-0.34891,-0.21402,0.025999,0.91202,-0.049225,-0.021973,-0.0042446
-0.34893,-0.21398,0.025972,0.91202,-0.04922,-0.021973,-0.0042348
-0.34892,-0.214,0.025963,0.91202,-0.049217,-0.021972,-0.0042393
-0.3489,-0.214,0.025898,0.91203,-0.049199,-0.021955,-0.0042482
-0.34886,-0.21404,0.025908,0.91204,-0.0492,-0.02196,-0.0042587
-0.34889,-0.21395,0.025873,0.91205,-0.049197,-0.021955,-0.0042427
-0.3489,-0.21393,0.025861,0.91205,-0.04919,-0.021952,-0.0042379
-0.34888,-0.21394,0.025867,0.91205,-0.04919,-0.021953,-0.0042435
-0.34889,-0.21391,0.02577,0.91206,-0.049168,-0.021933,-0.0042414
-0.34891,-0.21383,0.025738,0.91207,-0.049165,-0.021929,-0.0042232
-0.34894,-0.21377,0.025709,0.91207,-0.049158,-0.021925,-0.0042058
-0.34892,-0.21378,0.025714,0.91208,-0.049159,-0.021925,-0.0042099
-0.34895,-0.21371,0.025684,0.91209,-0.049155,-0.021922,-0.0041943
-0.34897,-0.21367,0.025588,0.91209,-0.049132,-0.021902,-0.0041897
-0.34897,-0.21364,0.02557,0.9121,-0.049129,-0.0219,-0.0041821
-0.34899,-0.21357,0.025538,0.91211,-0.049127,-0.021897,-0.0041653
-0.34899,-0.2135,0.02552,0.91213,-0.049127,-0.021897,-0.0041497
-0.34899,-0.21346,0.025501,0.91214,-0.049125,-0.021896,-0.0041393
-0.34899,-0.21345,0.025415,0.91214,-0.049104,-0.021878,-0.0041431
-0.349,-0.21338,0.025386,0.91215,-0.049101,-0.021875,-0.0041279
-0.34901,-0.21331,0.025361,0.91216,-0.049099,-0.021873,-0.0041104
-0.34904,-0.21323,0.025327,0.91218,-0.049095,-0.021871,-0.0040893
-0.34899,-0.21328,0.025349,0.91218,-0.049099,-0.021877,-0.0041076
-0.34899,-0.21321,0.025247,0.9122,-0.049083,-0.021859,-0.0040981
-0.34895,-0.21322,0.025254,0.91221,-0.049087,-0.021864,-0.0041044
-0.34895,-0.21315,0.025223,0.91223,-0.049088,-0.021863,-0.0040883
-0.34893,-0.21299,0.025186,0.91228,-0.049095,-0.021866,-0.0040496
-0.34894,-0.21291,0.025152,0.91229,-0.04909,-0.021866,-0.0040272
-0.34891,-0.2129,0.025085,0.91231,-0.049075,-0.021852,-0.0040336
-0.34893,-0.21282,0.025054,0.91232,-0.049073,-0.02185,-0.004017
-0.34895,-0.21275,0.025028,0.91233,-0.049069,-0.021848,-0.0039976
-0.34895,-0.21267,0.025001,0.91235,-0.049069,-0.021848,-0.0039779
-0.34895,-0.21263,0.024979,0.91236,-0.049067,-0.021847,-0.0039657
-0.34897,-0.21254,0.02486,0.91238,-0.049047,-0.021828,-0.0039485
-0.34898,-0.21247,0.024832,0.91239,-0.049044,-0.021828,-0.0039295
-0.34893,-0.21249,0.024843,0.9124,-0.04905,-0.021834,-0.0039406
-0.34893,-0.21241,0.024814,0.91242,-0.049051,-0.021833,-0.0039233
-0.34894,-0.21233,0.024783,0.91244,-0.04905,-0.021833,-0.0039004
-0.34895,-0.21224,0.024672,0.91246,-0.04903,-0.021816,-0.0038832
-0.3489,-0.21228,0.024688,0.91246,-0.049035,-0.021821,-0.0038987
-0.34887,-0.21232,0.024698,0.91247,-0.049036,-0.021826,-0.0039094
-0.34882,-0.21235,0.024704,0.91248,-0.049042,-0.021832,-0.0039181
-0.34879,-0.21221,0.024672,0.91253,-0.049051,-0.021833,-0.0038896
-0.3488,-0.21211,0.024556,0.91255,-0.04903,-0.021817,-0.0038698
-0.3488,-0.21203,0.024529,0.91257,-0.049028,-0.021816,-0.0038472
-0.3488,-0.21198,0.024518,0.91258,-0.049027,-0.021816,-0.0038362
-0.34881,-0.21192,0.0245,0.91259,-0.049025,-0.021816,-0.0038221
-0.34881,-0.21188,0.024492,0.9126,-0.049022,-0.021815,-0.0038146
-0.34875,-0.21185,0.024424,0.91263,-0.049019,-0.021809,-0.003817
-0.34873,-0.21171,0.024384,0.91268,-0.049025,-0.021813,-0.0037844
-0.34874,-0.21162,0.024345,0.91269,-0.04902,-0.021813,-0.0037592
-0.34869,-0.21169,0.024373,0.91269,-0.049024,-0.021819,-0.0037845
-0.34866,-0.21169,0.024375,0.9127,-0.049028,-0.021824,-0.0037892
-0.34868,-0.21163,0.024272,0.91271,-0.049009,-0.021804,-0.0037811
-0.34861,-0.2116,0.02428,0.91275,-0.049022,-0.021815,-0.0037781
-0.34862,-0.21153,0.02425,0.91276,-0.049021,-0.021814,-0.0037623
-0.34868,-0.21074,0.024052,0.91292,-0.049028,-0.021809,-0.0035402
-0.34869,-0.21066,0.024019,0.91294,-0.049015,-0.021821,-0.0035054
-0.34869,-0.21063,0.023926,0.91295,-0.048997,-0.021805,-0.0035035
-0.34868,-0.21061,0.023917,0.91296,-0.048997,-0.021806,-0.0034994
-0.34869,-0.21056,0.0239,0.91297,-0.048997,-0.021807,-0.0034898
-0.34869,-0.21052,0.023887,0.91298,-0.048997,-0.021808,-0.0034804
-0.34864,-0.21054,0.023892,0.91299,-0.049006,-0.021814,-0.0034893
-0.34863,-0.21049,0.02381,0.91301,-0.048992,-0.0218,-0.0034863
-0.34863,-0.21042,0.023789,0.91302,-0.048993,-0.0218,-0.0034708
-0.34863,-0.21035,0.023762,0.91304,-0.048994,-0.0218,-0.0034537
-0.34861,-0.21033,0.023762,0.91305,-0.048995,-0.021802,-0.0034529
-0.34858,-0.2102,0.023734,0.9131,-0.049007,-0.021807,-0.0034236
-0.34858,-0.21014,0.023631,0.91311,-0.048988,-0.021793,-0.0034136
-0.34853,-0.21017,0.023655,0.91312,-0.048996,-0.0218,-0.0034284
-0.3485,-0.21004,0.02363,0.91317,-0.049009,-0.021803,-0.0034032
-0.34844,-0.21008,0.023656,0.91318,-0.049016,-0.02181,-0.0034207
-0.34841,-0.20999,0.023643,0.91321,-0.049027,-0.021812,-0.0034034
-0.34841,-0.20994,0.023548,0.91323,-0.049011,-0.021799,-0.0033964
-0.3484,-0.20988,0.023529,0.91324,-0.049012,-0.0218,-0.0033826
-0.34839,-0.2098,0.023502,0.91327,-0.049018,-0.021803,-0.0033621
-0.34837,-0.2097,0.023471,0.9133,-0.049023,-0.021806,-0.0033367
-0.34831,-0.20979,0.023508,0.9133,-0.04903,-0.021814,-0.0033689
-0.34826,-0.20989,0.023463,0.9133,-0.049015,-0.021808,-0.0034021
-0.34821,-0.20994,0.023486,0.9133,-0.049017,-0.021816,-0.0034198
-0.34816,-0.20999,0.023506,0.91331,-0.049022,-0.021823,-0.0034359
-0.34813,-0.20989,0.023487,0.91334,-0.049031,-0.021823,-0.0034163
-0.34812,-0.20979,0.023453,0.91337,-0.049033,-0.021827,-0.0033926
-0.34812,-0.20968,0.023343,0.9134,-0.04902,-0.021816,-0.0033698
-0.34809,-0.20956,0.023323,0.91344,-0.049026,-0.021821,-0.0033388
-0.34809,-0.20945,0.023294,0.91347,-0.049026,-0.021824,-0.0033102
-0.34809,-0.20932,0.023266,0.9135,-0.049026,-0.021827,-0.0032754
-0.34809,-0.20926,0.023247,0.91351,-0.049024,-0.021827,-0.0032613
-0.34809,-0.20916,0.02314,0.91354,-0.04901,-0.021813,-0.0032422
-0.34808,-0.20909,0.023122,0.91356,-0.049012,-0.021815,-0.0032258
-0.34809,-0.20898,0.023085,0.91358,-0.049012,-0.021814,-0.0031978
-0.34808,-0.20895,0.023071,0.91359,-0.049012,-0.021816,-0.0031908
-0.34806,-0.20888,0.023054,0.91361,-0.049019,-0.021818,-0.0031748
-0.34802,-0.20897,0.023009,0.91361,-0.049005,-0.021808,-0.0032096
-0.34802,-0.20888,0.022974,0.91363,-0.04901,-0.021805,-0.0031916
-0.34799,-0.20879,0.022959,0.91367,-0.049016,-0.021809,-0.00317
-0.34793,-0.20888,0.02299,0.91367,-0.049022,-0.021816,-0.0031985
-0.34794,-0.2088,0.022952,0.91368,-0.049026,-0.021813,-0.0031818
-0.34799,-0.20805,0.022705,0.91384,-0.049022,-0.021793,-0.0029712
-0.34797,-0.20792,0.02269,0.91388,-0.049008,-0.021814,-0.0029138
-0.34798,-0.20781,0.022661,0.9139,-0.049007,-0.021815,-0.002884
-0.34796,-0.20773,0.022633,0.91392,-0.04901,-0.021817,-0.002864
-0.34796,-0.20768,0.022613,0.91394,-0.049012,-0.021817,-0.002852
-0.34791,-0.20776,0.02256,0.91394,-0.048999,-0.021809,-0.0028838
-0.34796,-0.20694,0.022382,0.91411,-0.049046,-0.021784,-0.0026865
-0.34796,-0.20686,0.022356,0.91413,-0.049033,-0.021797,-0.0026482
-0.34796,-0.20683,0.022342,0.91414,-0.049031,-0.021795,-0.0026402
-0.34793,-0.20689,0.02236,0.91413,-0.049032,-0.021799,-0.0026624
-0.3479,-0.20696,0.022312,0.91413,-0.049015,-0.02179,-0.002691
-0.34786,-0.20702,0.022333,0.91413,-0.049016,-0.021796,-0.0027098
-0.34781,-0.20708,0.022357,0.91414,-0.049018,-0.021803,-0.0027296
-0.34781,-0.20703,0.022341,0.91415,-0.04902,-0.021802,-0.0027201
-0.34781,-0.20698,0.022325,0.91416,-0.049019,-0.0218,-0.0027119
-0.34781,-0.20696,0.022236,0.91417,-0.049001,-0.021786,-0.0027124
-0.34778,-0.20702,0.022258,0.91416,-0.049001,-0.021791,-0.0027352
-0.34779,-0.20694,0.022237,0.91418,-0.049005,-0.021788,-0.0027188
-0.34778,-0.20691,0.022227,0.91419,-0.049005,-0.021789,-0.0027128
-0.34774,-0.20698,0.022258,0.91419,-0.049008,-0.021795,-0.0027388
-0.34771,-0.20705,0.022201,0.91419,-0.04899,-0.021787,-0.0027655
-0.34767,-0.20709,0.02223,0.91419,-0.04899,-0.021792,-0.0027843
-0.34764,-0.20717,0.022253,0.91419,-0.04899,-0.021798,-0.0028059
-0.34764,-0.20707,0.02223,0.91421,-0.048995,-0.021796,-0.0027884
-0.3476,-0.20713,0.02226,0.91421,-0.048999,-0.0218,-0.0028121
-0.3476,-0.2067,0.022106,0.91431,-0.049011,-0.021775,-0.0027212
-0.34759,-0.2066,0.022092,0.91434,-0.049005,-0.021784,-0.00269
-0.34756,-0.20667,0.022118,0.91433,-0.049006,-0.021787,-0.0027145
-0.34756,-0.20624,0.022032,0.91443,-0.049036,-0.021774,-0.0026184
-0.34758,-0.20581,0.021948,0.91452,-0.049001,-0.021802,-0.0024581
-0.34754,-0.20589,0.021904,0.91452,-0.048993,-0.021788,-0.0024966
-0.34751,-0.20593,0.021926,0.91452,-0.048993,-0.021793,-0.0025104
-0.34758,-0.20512,0.021746,0.91468,-0.049031,-0.021769,-0.0023079
-0.34766,-0.20431,0.021582,0.91484,-0.048893,-0.021853,-0.0018879
-0.34762,-0.20438,0.021623,0.91483,-0.048907,-0.021848,-0.0019363
-0.34762,-0.20436,0.021537,0.91484,-0.048891,-0.021833,-0.0019395
-0.34769,-0.20356,0.021378,0.91499,-0.048924,-0.021813,-0.0017334
-0.34777,-0.20273,0.021196,0.91515,-0.048781,-0.021902,-0.0013021
-0.34774,-0.20278,0.021234,0.91515,-0.048792,-0.0219,-0.0013361
-0.34771,-0.20282,0.02126,0.91516,-0.048793,-0.021906,-0.001354
-0.34772,-0.20277,0.021164,0.91517,-0.048775,-0.021889,-0.0013512
-0.34769,-0.20281,0.021188,0.91517,-0.048778,-0.021892,-0.0013703
-0.34766,-0.20285,0.021211,0.91517,-0.048778,-0.021896,-0.0013857
-0.34762,-0.20288,0.021233,0.91518,-0.048781,-0.021902,-0.0014003
-0.3476,-0.20295,0.021259,0.91517,-0.048779,-0.021906,-0.0014231
-0.34757,-0.20301,0.0212,0.91517,-0.048763,-0.021897,-0.0014491
-0.34753,-0.20306,0.021215,0.91517,-0.048765,-0.021901,-0.0014664
-0.34758,-0.20228,0.021051,0.91533,-0.048808,-0.021878,-0.0012825
-0.34759,-0.20225,0.021039,0.91534,-0.048801,-0.021884,-0.0012691
-0.34757,-0.20215,0.021016,0.91536,-0.048809,-0.021885,-0.0012501
-0.34753,-0.20223,0.020958,0.91536,-0.048796,-0.021875,-0.001282
-0.34758,-0.20145,0.020785,0.91552,-0.048847,-0.021848,-0.0011027
-0.34755,-0.20152,0.020811,0.91551,-0.04886,-0.021843,-0.0011441
-0.34752,-0.20158,0.020827,0.91551,-0.048858,-0.021847,-0.0011635
-0.3475,-0.20164,0.020847,0.9155,-0.048854,-0.021849,-0.0011825
-0.34749,-0.2017,0.02079,0.9155,-0.048834,-0.021839,-0.0012078
-0.34746,-0.20175,0.02081,0.91549,-0.048832,-0.021842,-0.0012249
-0.34744,-0.20181,0.020827,0.91549,-0.048829,-0.021845,-0.0012436
-0.34741,-0.20186,0.020844,0.91549,-0.048829,-0.021849,-0.0012622
-0.34742,-0.20185,0.020835,0.91549,-0.048827,-0.021847,-0.0012619
-0.34739,-0.20191,0.020786,0.91549,-0.048813,-0.021838,-0.0012916
-0.34737,-0.20199,0.02081,0.91548,-0.048809,-0.021843,-0.0013138
-0.34734,-0.20205,0.020831,0.91548,-0.048807,-0.021847,-0.0013347
-0.34731,-0.20211,0.02085,0.91548,-0.048807,-0.021852,-0.0013528
-0.34737,-0.20139,0.020683,0.91561,-0.048845,-0.021827,-0.0011849
-0.34737,-0.20138,0.020595,0.91562,-0.048822,-0.021818,-0.0011822
-0.34735,-0.20142,0.020611,0.91562,-0.048822,-0.021821,-0.001199
-0.34741,-0.20069,0.020453,0.91576,-0.04886,-0.021795,-0.0010315
-0.34738,-0.20074,0.020482,0.91576,-0.048868,-0.021791,-0.0010607
-0.34738,-0.20073,0.020471,0.91576,-0.048866,-0.02179,-0.0010602
-0.34744,-0.20004,0.020241,0.9159,-0.048882,-0.021758,-0.00088934
-0.34741,-0.20011,0.02028,0.91589,-0.048892,-0.021752,-0.00093259
-0.34738,-0.20017,0.020304,0.91589,-0.048889,-0.021756,-0.00095327
-0.34737,-0.20017,0.020303,0.91589,-0.048888,-0.021756,-0.00095692
-0.34738,-0.20013,0.020288,0.9159,-0.048887,-0.021754,-0.00095169
-0.34744,-0.19945,0.020065,0.91603,-0.048896,-0.021725,-0.00077767
-0.34751,-0.19872,0.01991,0.91616,-0.048786,-0.021791,-0.00043075
-0.34748,-0.19878,0.019943,0.91616,-0.048798,-0.021787,-0.00046858
-0.34754,-0.19799,0.019761,0.91631,-0.048846,-0.021758,-0.00028733
-0.34761,-0.19727,0.019598,0.91644,-0.048724,-0.021835,8.4557e-05
-0.34769,-0.19648,0.019333,0.91659,-0.048589,-0.021898,0.00046683
-0.3477,-0.19644,0.019314,0.91659,-0.048577,-0.021902,0.00048453
-0.3477,-0.19641,0.019302,0.9166,-0.048576,-0.021901,0.00048631
-0.34776,-0.1957,0.019142,0.91673,-0.048605,-0.021881,0.00066467
-0.34783,-0.19499,0.018975,0.91686,-0.048506,-0.021946,0.0010027
-0.34792,-0.19421,0.018722,0.917,-0.048379,-0.022,0.0013777
-0.34789,-0.19427,0.018755,0.91699,-0.048389,-0.021995,0.0013356
-0.34786,-0.19432,0.018771,0.91699,-0.04839,-0.021999,0.001316
-0.34784,-0.19438,0.018784,0.91699,-0.048389,-0.022002,0.001297
-0.34781,-0.19443,0.018802,0.91699,-0.048389,-0.022006,0.0012769
-0.34788,-0.19365,0.018552,0.91714,-0.048423,-0.021962,0.0014547
-0.34785,-0.1937,0.018578,0.91713,-0.048435,-0.02196,0.0014164
-0.34791,-0.19297,0.018404,0.91727,-0.048482,-0.02193,0.0015848
-0.34788,-0.193,0.018422,0.91727,-0.04849,-0.021931,0.0015628
-0.34784,-0.19307,0.018452,0.91727,-0.048491,-0.021936,0.0015362
-0.34781,-0.19313,0.018403,0.91727,-0.048475,-0.021929,0.0015072
-0.3478,-0.19312,0.018401,0.91728,-0.048476,-0.021929,0.001503
-0.34777,-0.19318,0.018429,0.91728,-0.048479,-0.021934,0.0014782
-0.34777,-0.19315,0.018421,0.91728,-0.04848,-0.021931,0.0014778
-0.34773,-0.19322,0.018445,0.91728,-0.048482,-0.021937,0.0014507
-0.3477,-0.19331,0.018395,0.91728,-0.048465,-0.02193,0.0014169
-0.34767,-0.19337,0.018416,0.91728,-0.048465,-0.021935,0.0013957
-0.34768,-0.19334,0.018404,0.91728,-0.048462,-0.021931,0.0013961
-0.34774,-0.19266,0.018249,0.9174,-0.048491,-0.021912,0.0015727
-0.34771,-0.19272,0.018284,0.9174,-0.048504,-0.02191,0.0015333
-0.34778,-0.192,0.018044,0.91753,-0.048536,-0.021863,0.0017037
-0.34775,-0.19206,0.018082,0.91753,-0.048546,-0.021856,0.0016601
-0.34782,-0.19128,0.017891,0.91767,-0.048596,-0.02182,0.0018473
-0.34789,-0.19055,0.017718,0.91779,-0.048479,-0.021895,0.0022289
-0.34789,-0.19049,0.0177,0.91781,-0.04847,-0.021904,0.0022542
-0.34796,-0.18979,0.017461,0.91793,-0.048479,-0.021875,0.0024299
-0.34802,-0.18906,0.017292,0.91806,-0.048373,-0.021944,0.0027891
-0.3481,-0.18831,0.017108,0.91819,-0.048263,-0.022014,0.0031715
-0.34809,-0.1883,0.017105,0.9182,-0.048262,-0.022019,0.0031709
-0.34816,-0.18753,0.016929,0.91833,-0.048294,-0.021994,0.0033712
-0.34818,-0.18749,0.016831,0.91833,-0.048267,-0.021987,0.0033821
-0.34823,-0.1868,0.016667,0.91846,-0.048293,-0.021969,0.0035702
-0.34821,-0.18686,0.01669,0.91845,-0.048302,-0.021967,0.0035324
-0.34828,-0.1861,0.016512,0.91858,-0.048356,-0.021929,0.0037181
-0.34825,-0.18617,0.016543,0.91858,-0.04837,-0.021928,0.0036736
-0.3483,-0.18549,0.016305,0.9187,-0.048403,-0.021886,0.0038267
-0.34827,-0.18555,0.01634,0.9187,-0.048416,-0.021884,0.0037851
-0.34825,-0.18556,0.016346,0.91871,-0.048417,-0.021885,0.0037748
-0.34831,-0.18486,0.016187,0.91883,-0.048457,-0.021858,0.0039523
-0.34827,-0.18493,0.016225,0.91883,-0.048469,-0.021856,0.0039078
-0.34832,-0.18424,0.015985,0.91895,-0.0485,-0.021815,0.0040584
-0.3483,-0.18431,0.016018,0.91895,-0.048511,-0.021813,0.0040153
-0.34827,-0.18436,0.016041,0.91894,-0.048509,-0.021817,0.003992
-0.34826,-0.1844,0.01605,0.91894,-0.048505,-0.021817,0.0039747
-0.34823,-0.18446,0.016079,0.91894,-0.048504,-0.021823,0.003949
-0.34828,-0.1838,0.015854,0.91906,-0.048535,-0.021783,0.0040886
-0.34835,-0.1831,0.015704,0.91917,-0.048434,-0.021844,0.0044193
-0.34842,-0.18237,0.015522,0.91929,-0.048328,-0.021914,0.004779
-0.3484,-0.18244,0.015548,0.91929,-0.048339,-0.021909,0.0047335
-0.34837,-0.1825,0.015572,0.91929,-0.048337,-0.021913,0.0047081
-0.34837,-0.18247,0.015486,0.9193,-0.048325,-0.0219,0.0046992
-0.34834,-0.18251,0.015511,0.9193,-0.048327,-0.021903,0.0046767
-0.34831,-0.18258,0.015539,0.9193,-0.048327,-0.021908,0.0046512
-0.34836,-0.18189,0.015381,0.91942,-0.048373,-0.021878,0.0048089
-0.34833,-0.18196,0.015414,0.91941,-0.048384,-0.021876,0.0047641
-0.3483,-0.18204,0.015369,0.91941,-0.04837,-0.02187,0.0047293
-0.34826,-0.18211,0.015398,0.91941,-0.048368,-0.021875,0.0047017
-0.34823,-0.18218,0.015427,0.91941,-0.048367,-0.021881,0.0046746
-0.3482,-0.18224,0.015451,0.91941,-0.048366,-0.021886,0.0046497
-0.34817,-0.18231,0.01548,0.9194,-0.048366,-0.021891,0.0046224
-0.34814,-0.18238,0.015433,0.9194,-0.048351,-0.021885,0.0045898
-0.3481,-0.18245,0.015463,0.9194,-0.04835,-0.021891,0.004561
-0.34815,-0.18178,0.015304,0.91952,-0.048403,-0.021858,0.0047102
-0.34812,-0.18185,0.015344,0.91952,-0.048414,-0.021854,0.0046627
-0.34809,-0.18192,0.015368,0.91951,-0.048412,-0.02186,0.0046367
-0.34814,-0.18127,0.015145,0.91963,-0.04845,-0.021816,0.0047796
-0.34812,-0.18134,0.015173,0.91962,-0.048459,-0.02181,0.0047345
-0.34811,-0.18128,0.015153,0.91963,-0.048464,-0.021807,0.00474
-0.34808,-0.18138,0.015184,0.91963,-0.048463,-0.021811,0.004704
-0.34814,-0.18063,0.015012,0.91975,-0.048526,-0.021768,0.0048699
-0.34822,-0.17987,0.014745,0.91988,-0.048394,-0.021832,0.0052633
-0.34819,-0.17995,0.014784,0.91987,-0.048409,-0.021828,0.005209
-0.34824,-0.17928,0.01463,0.91999,-0.048462,-0.021795,0.0053547
-0.3482,-0.17936,0.01467,0.91998,-0.048474,-0.021791,0.0053055
-0.3482,-0.17935,0.014665,0.91999,-0.048473,-0.02179,0.0052989
-0.34817,-0.17943,0.014621,0.91998,-0.04846,-0.021785,0.0052612
-0.34813,-0.17949,0.014646,0.91999,-0.048461,-0.021792,0.0052372
-0.34818,-0.17883,0.014493,0.9201,-0.048507,-0.021763,0.0053862
-0.34815,-0.17889,0.014528,0.9201,-0.048516,-0.021759,0.005344
-0.34813,-0.17895,0.014551,0.92009,-0.048511,-0.021762,0.0053192
-0.34818,-0.17832,0.014333,0.9202,-0.048545,-0.02172,0.0054583
-0.34825,-0.17759,0.014158,0.92032,-0.048446,-0.021784,0.0058062
-0.34822,-0.17771,0.014213,0.92031,-0.048463,-0.021773,0.0057294
-0.34827,-0.17704,0.014058,0.92042,-0.048525,-0.021731,0.0058713
-0.34834,-0.17635,0.013894,0.92053,-0.048427,-0.02179,0.0062091
-0.3484,-0.17571,0.013667,0.92063,-0.048325,-0.021836,0.0065252
-0.34838,-0.17579,0.0137,0.92062,-0.048335,-0.021829,0.0064732
-0.34844,-0.17512,0.013551,0.92073,-0.048388,-0.021792,0.0066258
-0.34851,-0.17443,0.013382,0.92083,-0.048289,-0.021851,0.0069654
-0.34851,-0.17439,0.013369,0.92084,-0.048281,-0.021856,0.00698
-0.34848,-0.17448,0.01332,0.92084,-0.048267,-0.021849,0.0069385
-0.34846,-0.17457,0.013344,0.92083,-0.048261,-0.021854,0.0069076
-0.34852,-0.17389,0.013192,0.92094,-0.048316,-0.021816,0.0070636
-0.34858,-0.17323,0.013029,0.92104,-0.04822,-0.021875,0.0073961
-0.34865,-0.17257,0.012879,0.92114,-0.048128,-0.02193,0.0077159
-0.34872,-0.1719,0.01264,0.92124,-0.048019,-0.021977,0.0080401
-0.34877,-0.17126,0.012492,0.92134,-0.047931,-0.022035,0.0083544
-0.34875,-0.17132,0.012518,0.92134,-0.047939,-0.022031,0.0083132
-0.34875,-0.17128,0.012501,0.92135,-0.047941,-0.022026,0.008314
-0.3488,-0.17063,0.012368,0.92145,-0.047966,-0.022008,0.0084884
-0.34886,-0.16999,0.012142,0.92155,-0.047867,-0.022054,0.0087931
-0.34891,-0.16936,0.011992,0.92165,-0.047784,-0.022109,0.0090949
-0.34889,-0.16945,0.012026,0.92164,-0.047797,-0.022105,0.0090384
-0.34889,-0.16942,0.012021,0.92164,-0.047799,-0.0221,0.0090323
-0.34887,-0.1695,0.012048,0.92164,-0.047797,-0.022103,0.0089967
-0.34892,-0.16886,0.011843,0.92174,-0.047839,-0.022058,0.009136
-0.34898,-0.16819,0.011692,0.92184,-0.047744,-0.022114,0.0094647
-0.34896,-0.16828,0.011728,0.92183,-0.047757,-0.022107,0.009404
-0.34892,-0.16836,0.011758,0.92183,-0.047755,-0.022113,0.0093707
-0.34897,-0.1677,0.011621,0.92193,-0.047809,-0.022079,0.0095189
-0.34903,-0.16704,0.011393,0.92203,-0.047703,-0.022128,0.009842
-0.3491,-0.16639,0.011262,0.92213,-0.04761,-0.022177,0.010164
-0.34906,-0.16648,0.011306,0.92212,-0.047626,-0.022172,0.010101
-0.34911,-0.16583,0.011161,0.92223,-0.04768,-0.022138,0.010245
-0.34916,-0.16519,0.011019,0.92232,-0.047594,-0.022191,0.010554
-0.34922,-0.16457,0.010805,0.92241,-0.047498,-0.022231,0.01085
-0.34928,-0.16392,0.010677,0.92251,-0.047411,-0.022277,0.011155
-0.34934,-0.16329,0.010541,0.9226,-0.047326,-0.022328,0.01146
-0.34939,-0.16264,0.010409,0.92269,-0.04724,-0.022376,0.011763
-0.34946,-0.16199,0.010269,0.92279,-0.04715,-0.022427,0.012074
-0.34951,-0.16134,0.010049,0.92288,-0.04705,-0.022471,0.012382
-0.34957,-0.16071,0.009919,0.92297,-0.046965,-0.022519,0.012689
