0.94884,0.046038,-0.0019668,-0.31238,0.055883,-0.059256,0.069322
0.94884,0.046038,-0.0019668,-0.31238,0.055883,-0.059256,0.069322
0.94884,0.046038,-0.0019668,-0.31238,0.055883,-0.059256,0.069322
0.94981,0.04053,-0.0061082,-0.31013,0.057556,-0.062147,0.065115
0.95122,0.037058,-0.004477,-0.30624,0.056126,-0.06503,0.065703
0.95073,0.039259,-0.0021701,-0.3075,0.055731,-0.063285,0.067659
0.94817,0.053256,0.00079596,-0.31326,0.055055,-0.058093,0.072138
0.94832,0.048928,-0.00048669,-0.31352,0.055876,-0.059397,0.071096
0.95809,0.059067,0.0069275,-0.28021,0.04836,-0.07052,0.076077
0.95697,0.055719,0.0059766,-0.28472,0.051835,-0.070977,0.074448
0.95695,0.05704,-0.022092,-0.28373,0.053657,-0.070084,0.066669
0.9616,0.072584,-0.018534,-0.26404,0.052617,-0.082014,0.073179
0.95996,0.077807,-0.017187,-0.26856,0.054403,-0.078991,0.074914
0.95903,0.075671,-0.016608,-0.2725,0.05429,-0.077217,0.074581
0.95968,0.064718,-0.035507,-0.27122,0.056332,-0.078438,0.065239
0.96022,0.070175,-0.05476,-0.2647,0.043754,-0.086511,0.063302
0.96414,0.072911,-0.051146,-0.24999,0.038033,-0.089073,0.065875
0.96361,0.07244,-0.047744,-0.25285,0.040296,-0.088697,0.064869
0.96309,0.071195,-0.044855,-0.25568,0.040736,-0.087184,0.0654
0.96219,0.070513,-0.04274,-0.2596,0.04135,-0.085377,0.065815
0.96173,0.069011,-0.040674,-0.26201,0.041586,-0.084186,0.066288
0.96113,0.06815,-0.038718,-0.26475,0.042123,-0.082869,0.066589
0.96059,0.06722,-0.037009,-0.26717,0.042489,-0.081751,0.06685
0.95999,0.066145,-0.035802,-0.26976,0.042944,-0.080749,0.066997
0.9601,0.057921,-0.045825,-0.26973,0.044602,-0.081225,0.062891
0.96033,0.048989,-0.055183,-0.26893,0.036746,-0.077168,0.058758
0.9603,0.040817,-0.063655,-0.26853,0.030001,-0.073494,0.055382
0.96021,0.04053,-0.060624,-0.26958,0.03278,-0.072618,0.055345
0.96016,0.033905,-0.068264,-0.26887,0.034997,-0.073598,0.053183
0.95977,0.033746,-0.065637,-0.27093,0.037604,-0.072687,0.053228
0.95932,0.034093,-0.0638,-0.27288,0.037749,-0.072195,0.053873
0.95898,0.034635,-0.061975,-0.27444,0.03788,-0.071762,0.054483
0.95867,0.035134,-0.060232,-0.27584,0.038046,-0.071359,0.055025
0.9582,0.035746,-0.059034,-0.27765,0.038302,-0.070916,0.055477
0.95794,0.035798,-0.0576,-0.27885,0.038498,-0.070611,0.055938
0.9576,0.036449,-0.056367,-0.28018,0.038723,-0.070214,0.056356
0.95734,0.036772,-0.055117,-0.28126,0.038902,-0.069922,0.056754
0.95704,0.0369,-0.054081,-0.28245,0.039184,-0.069651,0.057075
0.95677,0.037035,-0.05327,-0.28351,0.039455,-0.069421,0.057361
0.9566,0.037138,-0.05239,-0.28425,0.039751,-0.069217,0.057645
0.95629,0.038795,-0.051211,-0.28526,0.039857,-0.06871,0.058122
0.95611,0.039058,-0.050484,-0.28596,0.039958,-0.068521,0.058339
0.95594,0.039255,-0.049624,-0.28665,0.040208,-0.06833,0.058569
0.95576,0.039611,-0.048752,-0.28736,0.040397,-0.06814,0.058831
0.95555,0.039828,-0.048191,-0.28814,0.040642,-0.067975,0.059014
0.95533,0.040104,-0.047467,-0.28892,0.040849,-0.067793,0.059212
0.95515,0.040183,-0.046894,-0.2896,0.04108,-0.067661,0.059371
0.95502,0.040333,-0.046193,-0.29012,0.041295,-0.067521,0.059538
0.95482,0.040395,-0.045629,-0.29088,0.041539,-0.067388,0.059676
0.95457,0.040675,-0.045119,-0.29174,0.041759,-0.067202,0.059832
0.95442,0.040887,-0.044503,-0.29228,0.041917,-0.067073,0.059988
0.95421,0.042491,-0.043587,-0.29287,0.041973,-0.066711,0.060309
0.9541,0.042443,-0.043058,-0.29333,0.042062,-0.06666,0.060431
0.95395,0.042402,-0.042609,-0.2939,0.042282,-0.066582,0.060519
0.95379,0.042439,-0.042178,-0.29444,0.04248,-0.066497,0.060623
0.95372,0.042491,-0.041717,-0.29474,0.042668,-0.066437,0.060735
0.95365,0.042525,-0.041243,-0.29504,0.042836,-0.066383,0.060832
0.95348,0.042672,-0.040803,-0.29562,0.04304,-0.066257,0.060925
0.95338,0.042747,-0.040246,-0.29601,0.043171,-0.066186,0.061042
0.95322,0.042768,-0.039936,-0.29655,0.043351,-0.0661,0.061116
0.95308,0.04301,-0.039662,-0.29701,0.043516,-0.066006,0.061201
0.95298,0.043139,-0.039223,-0.29736,0.043652,-0.065937,0.061291
0.95291,0.043111,-0.038839,-0.29766,0.043823,-0.065873,0.061355
0.95283,0.043046,-0.038535,-0.29796,0.043991,-0.065824,0.061416
0.95271,0.043011,-0.038253,-0.29837,0.044153,-0.065759,0.061472
0.95263,0.043106,-0.037996,-0.29866,0.044305,-0.065693,0.061533
0.95255,0.043132,-0.037698,-0.29895,0.044444,-0.065628,0.06161
0.95245,0.043092,-0.037305,-0.29931,0.044587,-0.065561,0.061668
0.95239,0.04306,-0.037084,-0.29954,0.044721,-0.06553,0.061709
0.95233,0.042997,-0.036841,-0.29977,0.044865,-0.065497,0.061744
0.95229,0.042979,-0.036517,-0.29993,0.044983,-0.065471,0.061797
0.95225,0.042804,-0.036256,-0.30012,0.045112,-0.065454,0.061828
0.95222,0.042753,-0.03598,-0.30026,0.045256,-0.065404,0.061859
0.95215,0.04282,-0.035758,-0.30049,0.045392,-0.065347,0.061915
0.95211,0.042806,-0.035501,-0.30067,0.045504,-0.065312,0.061972
0.95206,0.042792,-0.035357,-0.30083,0.045628,-0.065285,0.062002
0.95197,0.04281,-0.035163,-0.30114,0.045766,-0.065217,0.062046
0.95196,0.04271,-0.034951,-0.30122,0.045882,-0.065196,0.062076
0.95194,0.042658,-0.034747,-0.30131,0.045993,-0.065179,0.062113
0.95192,0.042622,-0.034477,-0.30141,0.046092,-0.065159,0.062148
0.95186,0.042669,-0.034271,-0.3016,0.046193,-0.065122,0.06219
0.95173,0.042799,-0.034151,-0.302,0.046296,-0.065063,0.062231
0.95171,0.042674,-0.033846,-0.30213,0.046383,-0.06504,0.062268
0.95165,0.043552,-0.033334,-0.30226,0.046391,-0.064914,0.062448
0.95161,0.043554,-0.033226,-0.30238,0.046465,-0.064906,0.062478
0.95153,0.043686,-0.033183,-0.30263,0.046581,-0.064853,0.062509
0.95146,0.043731,-0.033015,-0.30285,0.046661,-0.064808,0.062548
0.95146,0.043669,-0.032809,-0.30287,0.046738,-0.06479,0.062572
0.95144,0.043645,-0.032635,-0.30298,0.046824,-0.064766,0.062593
0.95141,0.043609,-0.032476,-0.30309,0.046902,-0.064748,0.062614
0.95135,0.043587,-0.03234,-0.30329,0.046988,-0.064725,0.062645
0.95129,0.043599,-0.032179,-0.30348,0.047069,-0.064691,0.062675
0.95127,0.043559,-0.032005,-0.30359,0.047158,-0.064656,0.062695
0.9512,0.043622,-0.031863,-0.3038,0.047245,-0.064619,0.062727
0.95118,0.043583,-0.031635,-0.30391,0.047297,-0.064612,0.062755
0.95113,0.043629,-0.031491,-0.30406,0.047373,-0.064582,0.062799
0.95109,0.043673,-0.031292,-0.3042,0.047437,-0.06455,0.062837
0.95106,0.043703,-0.031118,-0.30432,0.047512,-0.064508,0.062858
0.95106,0.043629,-0.031015,-0.30435,0.047579,-0.064513,0.062862
0.95102,0.043701,-0.030876,-0.30445,0.047641,-0.064486,0.062899
0.95099,0.043742,-0.030761,-0.30457,0.047701,-0.064461,0.062924
0.95098,0.043714,-0.030642,-0.30462,0.047768,-0.064448,0.062937
0.95094,0.043682,-0.03046,-0.30477,0.047854,-0.0644,0.062952
0.95086,0.04368,-0.03041,-0.30503,0.047938,-0.064367,0.062967
0.95078,0.043729,-0.030385,-0.30527,0.048007,-0.064324,0.062986
0.9507,0.043799,-0.030303,-0.3055,0.048075,-0.064279,0.063011
0.95065,0.044327,-0.029988,-0.30561,0.048085,-0.064204,0.063094
0.95058,0.044879,-0.029591,-0.30579,0.048048,-0.064046,0.063148
0.9505,0.044923,-0.029534,-0.30605,0.048085,-0.064017,0.063167
0.95043,0.044913,-0.029435,-0.30625,0.048144,-0.063989,0.063189
0.95044,0.044861,-0.029288,-0.30627,0.04819,-0.063989,0.063213
0.95045,0.044845,-0.029136,-0.30625,0.048225,-0.063992,0.063231
0.95046,0.044764,-0.028937,-0.30624,0.048284,-0.06397,0.063238
0.95045,0.044728,-0.028801,-0.30629,0.048339,-0.06396,0.063251
0.95037,0.045235,-0.028456,-0.30649,0.048353,-0.063874,0.063351
0.95036,0.04519,-0.028375,-0.30654,0.048385,-0.063887,0.063366
0.95031,0.045233,-0.028293,-0.3067,0.048445,-0.063868,0.063391
0.95027,0.045175,-0.028164,-0.30684,0.04852,-0.063823,0.063406
0.95025,0.045152,-0.028011,-0.30692,0.048557,-0.063818,0.063429
0.9502,0.045181,-0.027916,-0.30707,0.048612,-0.063794,0.063446
0.95018,0.045211,-0.027823,-0.30716,0.048658,-0.063773,0.063466
0.95016,0.045207,-0.027695,-0.30722,0.048696,-0.063767,0.063479
0.95012,0.045113,-0.027592,-0.30736,0.048761,-0.063732,0.063482
0.95006,0.045098,-0.027552,-0.30755,0.048823,-0.063709,0.06349
0.95006,0.045084,-0.027588,-0.30757,0.048876,-0.063704,0.063493
0.95003,0.045083,-0.027526,-0.30766,0.048936,-0.063689,0.063509
0.95,0.045074,-0.02746,-0.30775,0.048986,-0.063672,0.063526
0.95001,0.04496,-0.027263,-0.30777,0.049039,-0.063648,0.063538
0.95,0.044918,-0.027164,-0.3078,0.049072,-0.063654,0.063551
0.94995,0.045383,-0.026883,-0.30791,0.049072,-0.063582,0.063644
0.94993,0.045351,-0.026839,-0.30799,0.049106,-0.063581,0.063657
0.94988,0.045795,-0.026572,-0.3081,0.049119,-0.063515,0.063745
0.94984,0.045757,-0.026499,-0.30822,0.049174,-0.063479,0.063752
0.94981,0.045736,-0.026404,-0.30835,0.049212,-0.063462,0.063768
0.94975,0.045725,-0.026355,-0.30854,0.049258,-0.063442,0.06378
0.94976,0.045639,-0.026258,-0.30853,0.04929,-0.063448,0.063789
0.94971,0.045636,-0.026219,-0.30866,0.049338,-0.063434,0.063802
0.94972,0.045498,-0.026165,-0.30868,0.049398,-0.06341,0.063794
0.94966,0.045496,-0.026121,-0.30885,0.049453,-0.063388,0.063807
0.94962,0.0455,-0.026117,-0.30898,0.049492,-0.063374,0.063818
0.94958,0.045923,-0.025883,-0.30906,0.049496,-0.063316,0.063891
0.94954,0.045959,-0.025905,-0.30918,0.049532,-0.063298,0.063899
0.94952,0.045962,-0.025777,-0.30925,0.049574,-0.063261,0.063918
0.94949,0.045935,-0.025749,-0.30936,0.049614,-0.063256,0.063925
0.94946,0.045907,-0.025761,-0.30945,0.049655,-0.063249,0.063937
0.9494,0.046302,-0.025539,-0.30959,0.049666,-0.06319,0.06401
0.94938,0.046295,-0.025461,-0.30967,0.049681,-0.06319,0.064029
0.94935,0.046212,-0.025386,-0.30976,0.049745,-0.063155,0.064029
0.94933,0.046226,-0.025377,-0.30981,0.04978,-0.063148,0.064037
0.9493,0.046197,-0.025354,-0.30993,0.049817,-0.06314,0.064047
0.94926,0.046164,-0.025313,-0.31006,0.049855,-0.063127,0.064057
0.94922,0.046199,-0.025268,-0.31018,0.04989,-0.063104,0.064071
0.94919,0.046137,-0.025202,-0.31027,0.049947,-0.063065,0.064069
0.94919,0.046058,-0.025107,-0.3103,0.049972,-0.063068,0.06408
0.94916,0.046041,-0.025074,-0.31039,0.050013,-0.063059,0.064089
0.94913,0.046003,-0.025052,-0.31051,0.050052,-0.063044,0.064097
0.9491,0.045943,-0.025014,-0.3106,0.050084,-0.063039,0.064105
0.94908,0.045857,-0.024945,-0.31068,0.050144,-0.063004,0.064104
0.94908,0.045778,-0.024909,-0.31071,0.050169,-0.063011,0.064103
0.94908,0.04569,-0.024852,-0.31072,0.0502,-0.063013,0.064102
0.94904,0.045609,-0.024806,-0.31084,0.050239,-0.063002,0.064107
0.94901,0.045567,-0.024801,-0.31093,0.050273,-0.062992,0.064109
0.94898,0.045426,-0.024729,-0.31108,0.050323,-0.062958,0.064107
0.94893,0.045405,-0.024711,-0.31122,0.050356,-0.062945,0.064119
0.9489,0.045362,-0.024689,-0.31131,0.050388,-0.062936,0.064125
0.94889,0.045417,-0.024599,-0.31137,0.050402,-0.062922,0.064146
0.94884,0.045401,-0.024566,-0.31151,0.050431,-0.062911,0.064155
0.94881,0.045357,-0.024499,-0.31162,0.050482,-0.062871,0.064153
0.94878,0.045349,-0.024484,-0.31171,0.050513,-0.062854,0.064161
0.94875,0.045286,-0.024473,-0.3118,0.05054,-0.062851,0.064162
0.94872,0.045279,-0.024469,-0.3119,0.050571,-0.062837,0.064168
0.94872,0.045196,-0.024467,-0.31193,0.050597,-0.062843,0.064164
0.94871,0.045064,-0.02441,-0.31197,0.050651,-0.062819,0.06415
0.9487,0.045,-0.024412,-0.31201,0.05068,-0.062821,0.064143
0.94868,0.044976,-0.024388,-0.31208,0.050705,-0.062817,0.064148
0.94866,0.044954,-0.02433,-0.31214,0.050727,-0.062812,0.064158
0.94862,0.045295,-0.024136,-0.31223,0.050723,-0.062763,0.064218
0.94859,0.045286,-0.024061,-0.31233,0.050759,-0.062721,0.064221
0.94855,0.045287,-0.024048,-0.31246,0.050782,-0.062707,0.064226
0.94853,0.045238,-0.024047,-0.31253,0.050807,-0.062705,0.064229
0.94851,0.04514,-0.024043,-0.3126,0.050833,-0.062702,0.064224
0.94849,0.045084,-0.024041,-0.31267,0.050857,-0.062701,0.064223
0.94847,0.044971,-0.02396,-0.31274,0.050906,-0.062674,0.064217
0.94847,0.044931,-0.023902,-0.31275,0.05092,-0.06268,0.064218
0.94844,0.044933,-0.023893,-0.31284,0.05095,-0.062672,0.064223
0.94842,0.044952,-0.023843,-0.31289,0.050969,-0.062662,0.064232
0.94839,0.044939,-0.023832,-0.313,0.050994,-0.062653,0.064241
0.9484,0.044812,-0.023761,-0.31301,0.051034,-0.062639,0.064235
0.94838,0.044787,-0.02374,-0.31305,0.051056,-0.062638,0.064235
0.94838,0.044718,-0.023724,-0.31308,0.051076,-0.062639,0.064234
0.94837,0.044668,-0.023685,-0.3131,0.051089,-0.062642,0.064235
0.94833,0.044667,-0.023694,-0.31324,0.051119,-0.062629,0.064243
0.94829,0.044613,-0.02362,-0.31336,0.051158,-0.062589,0.064245
0.94827,0.044599,-0.023597,-0.31342,0.051179,-0.062582,0.064247
0.94827,0.044561,-0.02354,-0.31343,0.05119,-0.062586,0.064254
0.94824,0.044597,-0.023524,-0.31354,0.051216,-0.062569,0.064266
0.9482,0.044616,-0.023516,-0.31365,0.051236,-0.062554,0.064272
0.94818,0.044519,-0.023449,-0.31372,0.051273,-0.062528,0.06427
0.94817,0.044765,-0.023282,-0.31373,0.05126,-0.062505,0.064318
0.94815,0.044736,-0.0233,-0.31379,0.05128,-0.06251,0.064322
0.94812,0.04468,-0.023316,-0.31388,0.051301,-0.062507,0.064325
0.94811,0.044695,-0.023278,-0.31393,0.051316,-0.062502,0.064335
0.94811,0.04468,-0.023143,-0.31395,0.05134,-0.062471,0.064343
0.94808,0.044628,-0.023142,-0.31402,0.051357,-0.062477,0.064346
0.94806,0.044626,-0.023124,-0.31411,0.051378,-0.062465,0.064352
0.94804,0.04458,-0.023099,-0.31416,0.051395,-0.062462,0.064359
0.94802,0.044538,-0.023109,-0.31423,0.051413,-0.06246,0.064362
0.94801,0.044551,-0.022974,-0.31427,0.051436,-0.062427,0.064374
0.94797,0.044564,-0.022997,-0.31437,0.051458,-0.062416,0.064381
0.94796,0.044546,-0.023018,-0.31442,0.051478,-0.062414,0.06438
0.94796,0.044624,-0.022975,-0.31441,0.051481,-0.062414,0.06439
0.94796,0.04459,-0.022917,-0.3144,0.051488,-0.06242,0.064396
0.94795,0.04452,-0.022863,-0.31447,0.051529,-0.06239,0.064393
0.94793,0.044517,-0.022902,-0.31453,0.051548,-0.062387,0.064393
0.94791,0.044559,-0.022892,-0.31459,0.051556,-0.06238,0.0644
0.94788,0.044674,-0.022852,-0.31465,0.051561,-0.062362,0.064418
0.94787,0.044918,-0.022693,-0.31465,0.051536,-0.06233,0.06445
0.94787,0.044877,-0.022638,-0.31468,0.051565,-0.062301,0.064449
0.94785,0.044854,-0.022673,-0.31473,0.051583,-0.062299,0.064446
0.94785,0.044828,-0.022695,-0.31474,0.051598,-0.062302,0.064443
0.94784,0.044785,-0.022683,-0.31476,0.05161,-0.062305,0.064443
0.94784,0.044751,-0.022697,-0.31476,0.051623,-0.062309,0.06444
0.94783,0.044929,-0.022476,-0.31479,0.051632,-0.062259,0.064481
0.94784,0.044878,-0.022498,-0.31477,0.051652,-0.062271,0.064483
0.94784,0.044837,-0.022497,-0.31476,0.051663,-0.062277,0.064482
0.94782,0.044825,-0.022503,-0.31483,0.051678,-0.062273,0.064485
0.94782,0.044805,-0.022515,-0.31484,0.051692,-0.062278,0.064481
0.94782,0.044737,-0.022461,-0.31486,0.051721,-0.062252,0.064478
0.9478,0.04473,-0.022493,-0.31491,0.051733,-0.062249,0.06448
0.94777,0.044702,-0.022515,-0.31499,0.051749,-0.062244,0.064484
0.94777,0.044647,-0.022513,-0.315,0.05176,-0.062248,0.064485
0.94775,0.044626,-0.022513,-0.31506,0.051776,-0.062244,0.064488
0.94773,0.044533,-0.022464,-0.31515,0.051808,-0.062213,0.064489
0.94771,0.044555,-0.022489,-0.31521,0.051826,-0.062207,0.064493
0.94769,0.044532,-0.022499,-0.31528,0.051837,-0.062203,0.064495
0.94766,0.044523,-0.02251,-0.31536,0.051851,-0.062196,0.064502
0.94765,0.044574,-0.022491,-0.31538,0.051856,-0.062191,0.064511
0.94765,0.044487,-0.022457,-0.3154,0.051895,-0.062168,0.064508
0.94764,0.044534,-0.022462,-0.31543,0.051904,-0.062163,0.064517
0.94762,0.044555,-0.022447,-0.31547,0.051913,-0.062156,0.064527
0.94761,0.044518,-0.022476,-0.3155,0.051928,-0.062158,0.064529
0.9476,0.044717,-0.022352,-0.31552,0.05192,-0.062139,0.064564
0.9476,0.044687,-0.022269,-0.31555,0.051944,-0.062107,0.064567
0.94759,0.044863,-0.02215,-0.31554,0.051928,-0.062087,0.064596
0.94756,0.044854,-0.022192,-0.31562,0.051949,-0.062083,0.064604
0.94757,0.044806,-0.022169,-0.3156,0.051958,-0.06209,0.06461
0.94758,0.044781,-0.022135,-0.3156,0.051962,-0.062096,0.064615
0.94757,0.044752,-0.022063,-0.31564,0.051994,-0.06206,0.06462
0.94757,0.044714,-0.022057,-0.31562,0.052003,-0.062063,0.064624
0.94755,0.044709,-0.022065,-0.31568,0.05202,-0.062058,0.06463
0.94753,0.044696,-0.022078,-0.31574,0.052034,-0.062055,0.064632
0.94753,0.044675,-0.02205,-0.31575,0.052039,-0.062058,0.06464
0.94752,0.04461,-0.022003,-0.3158,0.052074,-0.06203,0.064637
0.9475,0.044632,-0.02199,-0.31585,0.052083,-0.062024,0.064645
0.94751,0.044629,-0.021978,-0.31585,0.052089,-0.062028,0.064648
0.94749,0.044607,-0.022,-0.3159,0.052105,-0.062026,0.06465
0.94748,0.044632,-0.021973,-0.31593,0.052111,-0.062021,0.064661
0.94747,0.044603,-0.02189,-0.31597,0.052138,-0.06199,0.064664
0.94746,0.044555,-0.021896,-0.31601,0.052148,-0.061995,0.064665
0.94745,0.044578,-0.021871,-0.31603,0.052155,-0.061993,0.064673
0.94745,0.044557,-0.021858,-0.31604,0.052163,-0.061996,0.064676
0.94745,0.044546,-0.02184,-0.31603,0.052167,-0.062001,0.064681
0.94743,0.04465,-0.021689,-0.3161,0.052188,-0.06195,0.064704
0.94743,0.044679,-0.021649,-0.3161,0.052186,-0.061946,0.064713
0.94742,0.044634,-0.021646,-0.31611,0.052195,-0.061954,0.064716
0.94742,0.044646,-0.021606,-0.31614,0.052203,-0.061952,0.064725
0.9474,0.044619,-0.02163,-0.31618,0.052218,-0.061952,0.064726
0.94739,0.044577,-0.021548,-0.31622,0.052247,-0.061922,0.064728
0.94738,0.044542,-0.021569,-0.31627,0.052259,-0.061922,0.06473
0.94737,0.044492,-0.021586,-0.31629,0.052269,-0.061922,0.064731
0.94737,0.044483,-0.021567,-0.31629,0.052277,-0.061922,0.064737
0.94736,0.044496,-0.021564,-0.31632,0.052285,-0.061918,0.064745
0.94735,0.044486,-0.021481,-0.31638,0.052314,-0.06188,0.064754
0.94734,0.044528,-0.021453,-0.31639,0.052318,-0.061874,0.064766
0.94733,0.04451,-0.021487,-0.31642,0.05233,-0.061872,0.06477
0.94732,0.044546,-0.021459,-0.31646,0.052336,-0.061866,0.06478
0.9473,0.044528,-0.021501,-0.3165,0.05235,-0.061865,0.064782
0.94729,0.044439,-0.021485,-0.31654,0.052386,-0.061832,0.06478
0.94729,0.044419,-0.021505,-0.31656,0.052398,-0.06183,0.064785
0.94728,0.044435,-0.021485,-0.31658,0.052404,-0.061826,0.064794
0.94729,0.044431,-0.021474,-0.31657,0.052414,-0.061825,0.064801
0.94728,0.044404,-0.021512,-0.31658,0.052427,-0.061827,0.064802
0.94728,0.044331,-0.021458,-0.3166,0.052465,-0.061795,0.0648
0.94729,0.044299,-0.021452,-0.31659,0.052475,-0.061798,0.064804
0.94729,0.044309,-0.021462,-0.31659,0.052484,-0.061798,0.06481
0.94728,0.044336,-0.021432,-0.3166,0.052487,-0.061793,0.064823
0.94729,0.044301,-0.021433,-0.31657,0.052496,-0.061798,0.064829
0.94729,0.044258,-0.021387,-0.31659,0.052531,-0.061764,0.064832
0.94728,0.04425,-0.021411,-0.31662,0.052546,-0.061761,0.064834
0.94727,0.044232,-0.021401,-0.31665,0.052556,-0.06176,0.06484
0.94727,0.04425,-0.021374,-0.31665,0.052564,-0.061757,0.064847
0.94726,0.044223,-0.021387,-0.31668,0.052573,-0.061757,0.064849
0.94724,0.044215,-0.021305,-0.31674,0.052603,-0.061718,0.064857
0.94723,0.044214,-0.021333,-0.31679,0.052616,-0.061715,0.064858
0.94724,0.04417,-0.021316,-0.31676,0.052623,-0.061721,0.064864
0.94723,0.044154,-0.021309,-0.31678,0.052633,-0.061721,0.064868
0.94722,0.044167,-0.021297,-0.31683,0.052641,-0.061715,0.064876
0.94721,0.044085,-0.021241,-0.31686,0.052679,-0.061683,0.064878
0.94721,0.044081,-0.021245,-0.31687,0.052687,-0.061683,0.064883
0.9472,0.044063,-0.021259,-0.3169,0.052698,-0.061683,0.064887
0.9472,0.044055,-0.021234,-0.3169,0.052706,-0.061682,0.064896
0.9472,0.044047,-0.021206,-0.3169,0.052711,-0.061682,0.064906
0.94719,0.044015,-0.021106,-0.31693,0.052741,-0.061647,0.064914
0.94718,0.044017,-0.02109,-0.31697,0.052751,-0.061645,0.064918
0.94717,0.044013,-0.02106,-0.31698,0.05276,-0.061642,0.06493
0.94717,0.044002,-0.021038,-0.31701,0.052768,-0.061639,0.064939
0.94715,0.043998,-0.021065,-0.31705,0.052782,-0.061634,0.064945
0.94715,0.043907,-0.021013,-0.31708,0.052816,-0.061603,0.064945
0.94715,0.043923,-0.020981,-0.31708,0.052822,-0.061603,0.064951
0.94714,0.043907,-0.020978,-0.3171,0.052829,-0.061602,0.064957
0.94715,0.043859,-0.02099,-0.3171,0.052839,-0.061605,0.06496
0.94714,0.043872,-0.020949,-0.31711,0.052842,-0.061603,0.06497
0.94715,0.043847,-0.020873,-0.31711,0.052873,-0.061567,0.064974
0.94713,0.043814,-0.020898,-0.31715,0.052886,-0.061566,0.064977
0.94711,0.043892,-0.020857,-0.3172,0.052892,-0.061556,0.064987
0.9471,0.043861,-0.020886,-0.31725,0.052902,-0.061555,0.064992
0.94711,0.043808,-0.020878,-0.31723,0.052911,-0.061559,0.064998
0.94709,0.043762,-0.020796,-0.31728,0.052946,-0.061521,0.065006
0.94708,0.043811,-0.020754,-0.31732,0.052946,-0.061513,0.065018
0.94707,0.043823,-0.020713,-0.31735,0.052946,-0.06151,0.065031
0.94707,0.04383,-0.020662,-0.31736,0.052947,-0.061507,0.065044
0.94706,0.043786,-0.020661,-0.31738,0.052956,-0.061513,0.065048
0.94706,0.043717,-0.0206,-0.31741,0.052992,-0.061477,0.06505
0.94705,0.043732,-0.02057,-0.31743,0.052998,-0.061472,0.06506
0.94704,0.043729,-0.020527,-0.31746,0.052999,-0.061469,0.065072
0.94704,0.043743,-0.020491,-0.31747,0.053001,-0.061468,0.065081
0.94704,0.043742,-0.02049,-0.31746,0.053011,-0.061467,0.065083
0.94704,0.043675,-0.020425,-0.31747,0.053046,-0.061434,0.065085
0.94703,0.043706,-0.020392,-0.3175,0.053051,-0.061426,0.065098
0.94702,0.043755,-0.020356,-0.31753,0.053053,-0.061416,0.065111
0.947,0.043729,-0.02034,-0.3176,0.053058,-0.061412,0.06512
0.94699,0.043734,-0.020295,-0.31763,0.053061,-0.061409,0.065131
0.94698,0.043672,-0.020238,-0.31768,0.053101,-0.061371,0.065133
0.94697,0.043653,-0.020203,-0.3177,0.053105,-0.06137,0.065144
0.94696,0.043663,-0.020184,-0.31773,0.05311,-0.061366,0.065153
0.94695,0.043623,-0.020192,-0.31777,0.05312,-0.061366,0.065159
0.94694,0.043586,-0.020209,-0.31779,0.053129,-0.061366,0.065162
0.94694,0.043522,-0.020133,-0.31782,0.053165,-0.061332,0.065165
0.94693,0.043516,-0.02011,-0.31785,0.053173,-0.061327,0.065174
0.94691,0.043507,-0.020114,-0.3179,0.053181,-0.061321,0.06518
0.9469,0.043485,-0.020125,-0.31794,0.053187,-0.06132,0.065185
0.94689,0.04344,-0.020152,-0.31797,0.053197,-0.061322,0.065184
0.94688,0.043351,-0.020111,-0.31801,0.053236,-0.061286,0.065182
0.94688,0.043305,-0.020111,-0.31801,0.053244,-0.061288,0.065184
0.94688,0.043286,-0.020107,-0.31803,0.053252,-0.061288,0.065187
0.94688,0.043266,-0.020103,-0.31804,0.053258,-0.061289,0.06519
0.94687,0.043236,-0.02012,-0.31807,0.053268,-0.06129,0.06519
0.94686,0.043194,-0.020036,-0.3181,0.053305,-0.061251,0.065194
0.94686,0.043149,-0.020029,-0.31811,0.053311,-0.061255,0.0652
0.94685,0.043164,-0.019994,-0.31813,0.053313,-0.061251,0.065211
0.94684,0.043165,-0.019971,-0.31817,0.053316,-0.061248,0.06522
0.94683,0.04321,-0.019924,-0.31819,0.053319,-0.061243,0.065226
0.94681,0.043143,-0.019851,-0.31826,0.053352,-0.061205,0.06523
0.94681,0.043166,-0.019814,-0.31827,0.053351,-0.061204,0.065239
0.94681,0.043173,-0.019775,-0.31827,0.053353,-0.061202,0.065247
0.9468,0.043168,-0.019714,-0.31829,0.053353,-0.061203,0.065257
0.9468,0.043136,-0.019712,-0.31831,0.053359,-0.061207,0.06526
0.9468,0.043059,-0.019627,-0.31832,0.053393,-0.061174,0.065262
0.94679,0.043061,-0.019599,-0.31835,0.053399,-0.061171,0.06527
0.94678,0.043065,-0.019584,-0.31839,0.053405,-0.061168,0.065276
0.94678,0.043045,-0.019567,-0.31838,0.053409,-0.061172,0.065282
0.94677,0.043021,-0.019557,-0.31842,0.053417,-0.061172,0.065285
0.94677,0.042938,-0.019497,-0.31844,0.053458,-0.061138,0.065284
0.94677,0.042955,-0.019456,-0.31845,0.053461,-0.061139,0.065291
0.94677,0.042969,-0.019405,-0.31844,0.053463,-0.061139,0.0653
0.94677,0.042948,-0.019385,-0.31845,0.053467,-0.061142,0.065304
0.94676,0.04293,-0.019376,-0.31847,0.053476,-0.061143,0.065306
0.94676,0.042851,-0.01929,-0.31848,0.05351,-0.061112,0.065308
0.94676,0.042888,-0.019262,-0.3185,0.053515,-0.061107,0.065317
0.94675,0.042896,-0.019235,-0.31853,0.05352,-0.061104,0.065322
0.94675,0.042883,-0.019204,-0.31853,0.053524,-0.061105,0.065329
0.94674,0.042892,-0.019164,-0.31854,0.05353,-0.061101,0.06534
0.94675,0.042812,-0.019077,-0.31854,0.053565,-0.061069,0.065344
0.94675,0.042805,-0.019044,-0.31853,0.05357,-0.061071,0.065351
0.94675,0.042786,-0.019018,-0.31854,0.053574,-0.061072,0.065357
0.94675,0.042759,-0.019013,-0.31856,0.053583,-0.061073,0.065361
0.94675,0.042743,-0.018989,-0.31856,0.053588,-0.061075,0.065366
0.94674,0.042664,-0.018923,-0.31859,0.053627,-0.061042,0.065365
0.94673,0.042682,-0.018892,-0.31862,0.05363,-0.06104,0.065372
0.94673,0.042708,-0.018858,-0.31864,0.053633,-0.061035,0.06538
0.94672,0.042674,-0.018848,-0.31865,0.05364,-0.061039,0.065386
0.94672,0.042679,-0.018831,-0.31868,0.053647,-0.061034,0.065391
0.9467,0.042599,-0.018772,-0.31872,0.053682,-0.061001,0.065392
0.94671,0.042574,-0.018752,-0.31872,0.053687,-0.061004,0.065396
0.9467,0.042567,-0.01872,-0.31873,0.053694,-0.061002,0.065403
0.94671,0.042538,-0.018701,-0.31873,0.053699,-0.061004,0.065409
0.9467,0.042568,-0.018678,-0.31875,0.053701,-0.061002,0.065416
0.9467,0.0425,-0.018601,-0.31876,0.053736,-0.060968,0.065418
0.9467,0.04251,-0.01859,-0.31876,0.053743,-0.060966,0.065422
0.9467,0.042482,-0.018588,-0.31878,0.053753,-0.060966,0.065425
0.94669,0.042438,-0.018582,-0.31879,0.053761,-0.060965,0.065429
0.94668,0.042431,-0.018584,-0.31883,0.053769,-0.060963,0.065432
0.94668,0.042359,-0.018512,-0.31886,0.053805,-0.060927,0.065435
0.94667,0.042348,-0.01849,-0.31889,0.053812,-0.060923,0.065442
0.94667,0.042326,-0.018461,-0.31889,0.053816,-0.060926,0.065449
0.94667,0.042293,-0.018446,-0.31889,0.053825,-0.060927,0.065453
0.94666,0.042279,-0.018427,-0.3189,0.053831,-0.060927,0.065457
0.94665,0.04221,-0.018352,-0.31895,0.053869,-0.060891,0.065458
0.94665,0.042211,-0.018326,-0.31897,0.053874,-0.060888,0.065466
0.94664,0.042215,-0.018315,-0.31898,0.053881,-0.060886,0.065469
0.94663,0.042199,-0.018297,-0.31901,0.053886,-0.060884,0.065476
0.94664,0.04218,-0.018275,-0.31901,0.053891,-0.060886,0.065479
0.94663,0.042158,-0.018176,-0.31904,0.053925,-0.060845,0.065485
0.94661,0.042147,-0.018186,-0.31908,0.053934,-0.060845,0.065486
0.94661,0.042187,-0.018154,-0.31911,0.053936,-0.060841,0.065493
0.9466,0.042171,-0.018143,-0.31913,0.053942,-0.060844,0.065496
0.94659,0.042164,-0.018126,-0.31916,0.053946,-0.060841,0.065501
0.94659,0.042109,-0.018062,-0.31917,0.053985,-0.060805,0.065502
0.94658,0.042091,-0.018058,-0.3192,0.053991,-0.060806,0.065504
0.94657,0.04208,-0.018055,-0.31923,0.053997,-0.060807,0.065506
0.94657,0.042062,-0.018044,-0.31923,0.054,-0.060809,0.065509
0.94657,0.042036,-0.018052,-0.31925,0.054007,-0.060813,0.065509
0.94657,0.041966,-0.017973,-0.31925,0.054045,-0.060781,0.065509
0.94656,0.041998,-0.017944,-0.31928,0.054045,-0.060779,0.065515
0.94655,0.042,-0.017929,-0.3193,0.054049,-0.060778,0.065518
0.94655,0.042039,-0.0179,-0.31932,0.054051,-0.060772,0.065524
0.94655,0.04204,-0.017859,-0.3193,0.054052,-0.060774,0.065532
0.94655,0.041981,-0.017774,-0.31931,0.054087,-0.060739,0.065536
0.94655,0.041985,-0.017754,-0.31933,0.05409,-0.060738,0.06554
0.94654,0.041993,-0.017733,-0.31936,0.054093,-0.060735,0.065544
0.94653,0.041981,-0.017733,-0.31937,0.0541,-0.060738,0.065545
0.94653,0.041963,-0.017729,-0.31937,0.054107,-0.06074,0.065546
0.94652,0.041897,-0.017664,-0.31943,0.054143,-0.060703,0.065547
0.9465,0.041926,-0.017626,-0.31947,0.054141,-0.060701,0.065555
0.9465,0.04193,-0.01763,-0.31947,0.054149,-0.060703,0.065552
0.94651,0.041923,-0.017604,-0.31946,0.054152,-0.060705,0.065557
0.9465,0.041927,-0.017594,-0.31949,0.054157,-0.060705,0.06556
0.94649,0.041858,-0.017544,-0.31953,0.054194,-0.06067,0.06556
0.94648,0.04188,-0.017517,-0.31955,0.054195,-0.060667,0.065567
0.94647,0.041916,-0.017485,-0.31958,0.054196,-0.06066,0.065573
0.94647,0.041932,-0.017481,-0.31959,0.0542,-0.060659,0.065573
0.94646,0.041912,-0.017488,-0.31962,0.054205,-0.06066,0.065575
0.94645,0.041885,-0.017395,-0.31965,0.054237,-0.060623,0.06558
0.94644,0.041888,-0.017385,-0.31967,0.054241,-0.060621,0.065583
0.94644,0.04192,-0.017344,-0.31966,0.054241,-0.060622,0.065589
0.94644,0.041949,-0.017337,-0.31968,0.054245,-0.060619,0.065589
0.94643,0.041923,-0.017346,-0.31971,0.054249,-0.060621,0.065592
0.94642,0.041896,-0.017257,-0.31974,0.05428,-0.060585,0.065596
0.94642,0.04187,-0.017265,-0.31975,0.054286,-0.060589,0.065597
0.94641,0.041886,-0.017253,-0.31976,0.054289,-0.06059,0.0656
0.9464,0.041935,-0.017227,-0.31979,0.054289,-0.060584,0.065607
0.9464,0.041955,-0.017206,-0.3198,0.054288,-0.060584,0.06561
0.9464,0.041931,-0.017133,-0.31979,0.054318,-0.060552,0.065612
0.9464,0.041909,-0.017142,-0.31982,0.054325,-0.060554,0.065612
0.94639,0.041932,-0.017118,-0.31982,0.054328,-0.060551,0.065618
0.94639,0.041936,-0.017114,-0.31983,0.054332,-0.060551,0.065621
0.94638,0.041954,-0.017102,-0.31986,0.054334,-0.060551,0.065621
0.94638,0.041883,-0.017052,-0.31988,0.054369,-0.060521,0.065619
0.94637,0.041885,-0.017057,-0.31989,0.054374,-0.060522,0.065621
0.94637,0.041941,-0.017035,-0.31991,0.054378,-0.060516,0.065628
0.94636,0.041954,-0.017011,-0.31992,0.054377,-0.060514,0.065632
0.94635,0.041957,-0.016992,-0.31995,0.054378,-0.060513,0.065636
0.94634,0.041883,-0.016942,-0.31999,0.054413,-0.060481,0.065637
0.94633,0.041892,-0.016942,-0.32001,0.054414,-0.06048,0.065638
0.94633,0.041915,-0.016923,-0.32002,0.054415,-0.060479,0.065641
0.94633,0.041919,-0.01692,-0.32003,0.054418,-0.060481,0.065642
0.94632,0.041892,-0.016923,-0.32005,0.054424,-0.060483,0.065643
0.94631,0.041906,-0.016843,-0.32009,0.054454,-0.060443,0.065648
0.9463,0.041918,-0.016826,-0.32012,0.054452,-0.06044,0.065651
0.94629,0.041901,-0.016832,-0.32015,0.054456,-0.060442,0.065652
0.94628,0.041878,-0.016835,-0.32017,0.054461,-0.060442,0.065653
0.94628,0.041917,-0.016807,-0.32017,0.054465,-0.060439,0.065657
0.94628,0.041895,-0.016724,-0.32018,0.054496,-0.060402,0.06566
0.94628,0.041872,-0.016716,-0.3202,0.0545,-0.060404,0.065665
0.94627,0.041847,-0.016709,-0.32022,0.054505,-0.060407,0.065668
0.94627,0.041843,-0.016687,-0.32024,0.054508,-0.060407,0.065672
0.94626,0.041826,-0.016678,-0.32027,0.054511,-0.060406,0.065677
0.94625,0.041775,-0.016618,-0.32031,0.054544,-0.060371,0.065679
0.94624,0.041805,-0.016588,-0.32032,0.054543,-0.060368,0.065685
0.94624,0.041783,-0.016584,-0.32033,0.054546,-0.060372,0.065687
0.94623,0.041819,-0.016551,-0.32036,0.054545,-0.060369,0.065694
0.94622,0.041821,-0.01655,-0.32037,0.05455,-0.06037,0.065694
0.94622,0.041823,-0.016466,-0.32039,0.054581,-0.060333,0.065696
0.94621,0.041818,-0.016471,-0.3204,0.054587,-0.060333,0.065698
0.9462,0.041839,-0.016456,-0.32044,0.054586,-0.06033,0.065702
0.9462,0.041833,-0.016468,-0.32045,0.054592,-0.060331,0.065702
0.9462,0.041819,-0.016479,-0.32046,0.054597,-0.060336,0.0657
0.94619,0.041763,-0.016426,-0.32049,0.054632,-0.060302,0.065699
0.94619,0.041776,-0.016406,-0.32048,0.054634,-0.060303,0.065703
0.94619,0.041749,-0.016412,-0.32048,0.054641,-0.060308,0.065703
0.94619,0.041784,-0.016384,-0.32049,0.054641,-0.060305,0.065708
0.94618,0.041781,-0.016383,-0.32051,0.054645,-0.060306,0.06571
0.94619,0.041753,-0.016315,-0.3205,0.054682,-0.060273,0.065709
0.94618,0.041757,-0.016307,-0.32051,0.054684,-0.060275,0.06571
0.94617,0.041847,-0.016261,-0.32054,0.054677,-0.060266,0.06572
0.94616,0.041846,-0.016253,-0.32056,0.054678,-0.060266,0.065723
0.94617,0.041825,-0.016238,-0.32056,0.054681,-0.060268,0.065726
0.94616,0.041753,-0.016178,-0.32058,0.054716,-0.060237,0.065726
0.94616,0.041732,-0.016168,-0.32058,0.054722,-0.060239,0.065729
0.94616,0.041728,-0.016172,-0.3206,0.054726,-0.060237,0.06573
0.94615,0.041709,-0.016173,-0.32062,0.054731,-0.060237,0.065732
0.94615,0.041685,-0.016173,-0.32063,0.054737,-0.060238,0.065734
0.94614,0.041598,-0.016118,-0.32065,0.054771,-0.060206,0.065735
0.94614,0.041564,-0.01612,-0.32067,0.054777,-0.060207,0.065737
0.94613,0.041539,-0.016125,-0.32069,0.054782,-0.060208,0.065737
0.94614,0.041539,-0.016121,-0.32066,0.054791,-0.06021,0.065733
0.94614,0.041509,-0.016111,-0.32068,0.054796,-0.060211,0.065734
0.94614,0.041428,-0.016061,-0.3207,0.05483,-0.06018,0.065735
0.94613,0.041403,-0.01606,-0.32072,0.054835,-0.06018,0.065737
0.94613,0.041408,-0.016053,-0.32073,0.05484,-0.060178,0.065739
0.94612,0.041414,-0.016044,-0.32075,0.054842,-0.060176,0.065742
0.94612,0.041429,-0.016019,-0.32074,0.054842,-0.060174,0.065747
0.94612,0.041368,-0.015969,-0.32077,0.054877,-0.060141,0.065747
0.94611,0.041366,-0.015988,-0.32079,0.054881,-0.060141,0.065746
0.9461,0.041407,-0.015969,-0.32081,0.054881,-0.060137,0.06575
0.9461,0.041386,-0.015974,-0.32082,0.054885,-0.060141,0.065753
0.94609,0.04137,-0.015976,-0.32084,0.05489,-0.060141,0.065754
0.94609,0.04132,-0.015922,-0.32086,0.054922,-0.060109,0.065754
0.94609,0.041285,-0.015924,-0.32087,0.054926,-0.060113,0.065754
0.94609,0.041274,-0.015925,-0.32086,0.054933,-0.060114,0.065755
0.94609,0.041259,-0.01592,-0.32086,0.054935,-0.060117,0.065756
0.94609,0.041262,-0.015922,-0.32087,0.054941,-0.060116,0.065755
0.94609,0.041222,-0.015861,-0.32089,0.054971,-0.060083,0.065755
0.94609,0.041233,-0.01584,-0.32088,0.054973,-0.060083,0.065757
0.94608,0.041225,-0.015847,-0.3209,0.054978,-0.060082,0.065758
0.94608,0.041228,-0.01585,-0.32091,0.054981,-0.060081,0.06576
0.94607,0.04123,-0.015851,-0.32092,0.054986,-0.06008,0.065761
0.94608,0.041145,-0.015805,-0.32093,0.055021,-0.060052,0.065761
0.94607,0.041145,-0.015796,-0.32094,0.055024,-0.060052,0.065764
0.94607,0.041149,-0.0158,-0.32096,0.055026,-0.060051,0.065765
0.94606,0.041148,-0.015816,-0.32097,0.055029,-0.060051,0.065763
0.94606,0.041175,-0.015801,-0.32097,0.05503,-0.060051,0.065766
0.94606,0.041111,-0.015757,-0.32098,0.055065,-0.060021,0.065763
0.94606,0.041136,-0.015737,-0.32099,0.055067,-0.060019,0.065766
0.94605,0.041136,-0.015739,-0.32101,0.05507,-0.060018,0.065768
0.94605,0.041134,-0.015738,-0.32102,0.055074,-0.060018,0.06577
0.94605,0.041134,-0.015738,-0.32102,0.055079,-0.060017,0.065771
0.94604,0.041073,-0.015684,-0.32105,0.055111,-0.059986,0.06577
0.94604,0.04109,-0.015669,-0.32106,0.055114,-0.059983,0.065773
0.94603,0.0411,-0.015656,-0.32107,0.055116,-0.059981,0.065774
0.94603,0.041109,-0.015643,-0.32108,0.055118,-0.059979,0.065774
0.94602,0.041136,-0.015619,-0.32109,0.055118,-0.059976,0.065777
0.94602,0.041064,-0.015568,-0.32111,0.055151,-0.059947,0.065775
0.94602,0.041121,-0.015531,-0.32112,0.05515,-0.059942,0.065782
0.94601,0.041116,-0.015525,-0.32114,0.055151,-0.059942,0.065782
0.94601,0.041111,-0.01552,-0.32116,0.055152,-0.059942,0.065784
0.946,0.041091,-0.015525,-0.32118,0.055156,-0.059944,0.065784
0.946,0.041045,-0.015451,-0.32118,0.055185,-0.059915,0.065784
0.946,0.041045,-0.015449,-0.3212,0.055189,-0.059915,0.065785
0.94599,0.041075,-0.015425,-0.32121,0.055189,-0.059911,0.065789
0.94599,0.041062,-0.015419,-0.32121,0.055194,-0.059913,0.06579
0.94599,0.041068,-0.01541,-0.32122,0.055198,-0.059912,0.065791
0.94599,0.041005,-0.015358,-0.32122,0.055232,-0.059884,0.065787
0.94599,0.041001,-0.01536,-0.32124,0.055237,-0.059884,0.065786
0.94598,0.041008,-0.015356,-0.32125,0.055242,-0.059883,0.065786
0.94598,0.040999,-0.015351,-0.32126,0.055246,-0.059884,0.065786
0.94598,0.041006,-0.015342,-0.32125,0.055252,-0.059883,0.065785
0.94598,0.040942,-0.015285,-0.32126,0.055284,-0.059856,0.065782
0.94598,0.040943,-0.015281,-0.32127,0.055288,-0.059855,0.065783
0.94598,0.040993,-0.015253,-0.32127,0.055288,-0.05985,0.065786
0.94597,0.040997,-0.015251,-0.32128,0.055292,-0.05985,0.065786
0.94598,0.041023,-0.015231,-0.32127,0.055295,-0.059848,0.065789
0.94597,0.040954,-0.015184,-0.32128,0.055329,-0.059821,0.065789
0.94598,0.041002,-0.01514,-0.32127,0.055331,-0.059817,0.065794
0.94598,0.041008,-0.015127,-0.32126,0.055335,-0.059816,0.065796
0.94599,0.041012,-0.015113,-0.32125,0.05534,-0.059815,0.065797
0.94598,0.041001,-0.015114,-0.32125,0.055345,-0.059817,0.065798
0.94598,0.040995,-0.015033,-0.32126,0.055371,-0.059787,0.065799
0.94598,0.040989,-0.015035,-0.32126,0.055378,-0.059789,0.065799
0.94598,0.041047,-0.015008,-0.32128,0.055377,-0.059785,0.065802
0.94597,0.041041,-0.015012,-0.32128,0.055381,-0.059788,0.065802
0.94598,0.041045,-0.015006,-0.32128,0.055386,-0.059789,0.0658
0.94597,0.041047,-0.014921,-0.3213,0.055409,-0.059759,0.065801
0.94597,0.041048,-0.014922,-0.32131,0.055412,-0.059761,0.065801
0.94597,0.041038,-0.014911,-0.32129,0.055419,-0.059762,0.065801
0.94597,0.041118,-0.01486,-0.3213,0.055418,-0.059755,0.065807
0.94596,0.041199,-0.014817,-0.32131,0.055406,-0.059743,0.065805
0.94596,0.041159,-0.014737,-0.32133,0.055432,-0.059714,0.065805
0.94596,0.041234,-0.014686,-0.32132,0.055428,-0.059705,0.065808
0.94595,0.041229,-0.014693,-0.32134,0.055432,-0.059707,0.065808
0.94595,0.041232,-0.014697,-0.32135,0.055435,-0.059708,0.065807
0.94595,0.041233,-0.014694,-0.32135,0.055438,-0.059709,0.065807
0.94595,0.041165,-0.014651,-0.32137,0.055469,-0.059684,0.065805
0.94595,0.041171,-0.014644,-0.32136,0.055473,-0.059685,0.065804
0.94595,0.041189,-0.014638,-0.32136,0.055476,-0.059685,0.065804
0.94594,0.041232,-0.014609,-0.32137,0.055474,-0.059682,0.065807
0.94594,0.041279,-0.014585,-0.32136,0.055471,-0.059678,0.065808
0.94595,0.041219,-0.014533,-0.32137,0.055502,-0.059654,0.065806
0.94595,0.041214,-0.014536,-0.32136,0.055508,-0.059655,0.065805
0.94595,0.041218,-0.014539,-0.32137,0.055511,-0.059657,0.065804
0.94595,0.041215,-0.014546,-0.32137,0.055516,-0.059659,0.065802
0.94595,0.041257,-0.014514,-0.32136,0.055516,-0.059656,0.065806
0.94596,0.041193,-0.014454,-0.32134,0.055551,-0.059632,0.065803
0.94595,0.041272,-0.014412,-0.32135,0.055548,-0.059625,0.065809
0.94595,0.041269,-0.014419,-0.32135,0.055553,-0.059627,0.065808
0.94594,0.041324,-0.014389,-0.32137,0.055549,-0.059623,0.065813
0.94594,0.041396,-0.014349,-0.32138,0.05554,-0.059614,0.065815
0.94593,0.041392,-0.014256,-0.32139,0.055559,-0.059583,0.065814
0.94593,0.04138,-0.014252,-0.32139,0.055564,-0.059584,0.065815
0.94593,0.041415,-0.014221,-0.32139,0.055563,-0.059582,0.065819
0.94593,0.041418,-0.014222,-0.32141,0.055566,-0.059583,0.065818
0.94592,0.041433,-0.014213,-0.32142,0.055566,-0.059582,0.06582
0.94592,0.041382,-0.014151,-0.32144,0.055591,-0.059558,0.065817
0.94592,0.041382,-0.014151,-0.32144,0.055595,-0.059559,0.065817
0.94592,0.041381,-0.014146,-0.32145,0.055597,-0.05956,0.065818
0.94592,0.041371,-0.014147,-0.32145,0.055601,-0.059561,0.065819
0.94592,0.041423,-0.014108,-0.32144,0.055601,-0.059557,0.065822
0.94591,0.041373,-0.01406,-0.32148,0.055625,-0.059534,0.065819
0.94591,0.041378,-0.014057,-0.32149,0.055628,-0.059536,0.065817
0.94591,0.041421,-0.014031,-0.32147,0.05563,-0.059534,0.06582
0.9459,0.041474,-0.013994,-0.32148,0.055623,-0.059529,0.065821
0.94591,0.041491,-0.013979,-0.32147,0.055625,-0.059528,0.065821
0.9459,0.041445,-0.013925,-0.32149,0.055651,-0.059506,0.065817
0.9459,0.04145,-0.01392,-0.3215,0.055653,-0.059505,0.065817
0.9459,0.04146,-0.013918,-0.3215,0.055655,-0.059506,0.065816
0.9459,0.041479,-0.013911,-0.32151,0.055657,-0.059505,0.065815
0.9459,0.041526,-0.01389,-0.3215,0.055655,-0.059502,0.065815
0.9459,0.041478,-0.013831,-0.3215,0.055684,-0.05948,0.065811
0.9459,0.041486,-0.013828,-0.3215,0.055687,-0.059481,0.065811
0.9459,0.041486,-0.013828,-0.3215,0.055691,-0.059482,0.065809
0.9459,0.041479,-0.013832,-0.3215,0.055696,-0.059484,0.065808
0.9459,0.041484,-0.013833,-0.3215,0.055699,-0.059485,0.065808
0.9459,0.041477,-0.013757,-0.32151,0.05572,-0.059461,0.065807
0.9459,0.041471,-0.013761,-0.3215,0.055725,-0.059464,0.065806
0.9459,0.041493,-0.013752,-0.32151,0.055726,-0.059463,0.065807
0.94589,0.041496,-0.013754,-0.32152,0.055728,-0.059464,0.065806
0.94589,0.041499,-0.013756,-0.32151,0.055732,-0.059466,0.065805
0.94589,0.041441,-0.013709,-0.32153,0.055759,-0.059447,0.0658
0.94589,0.041449,-0.013705,-0.32153,0.055762,-0.059448,0.0658
0.9459,0.041485,-0.013679,-0.32152,0.055763,-0.059447,0.065803
0.94589,0.041497,-0.013685,-0.32152,0.055766,-0.059447,0.065802
0.9459,0.041512,-0.013682,-0.32151,0.055769,-0.059447,0.065801
0.9459,0.04144,-0.013634,-0.32151,0.055797,-0.059429,0.065796
0.9459,0.041443,-0.013628,-0.3215,0.055803,-0.05943,0.065796
0.9459,0.041448,-0.013637,-0.3215,0.055807,-0.059431,0.065794
0.9459,0.041444,-0.013639,-0.3215,0.055811,-0.059433,0.065792
0.94591,0.041482,-0.013601,-0.32147,0.055814,-0.05943,0.065796
0.94591,0.041453,-0.013544,-0.32149,0.055836,-0.059408,0.065792
0.94591,0.041462,-0.01353,-0.32148,0.055839,-0.059408,0.065793
0.94591,0.041514,-0.013495,-0.32147,0.055836,-0.059404,0.065797
0.94592,0.041515,-0.013486,-0.32146,0.055839,-0.059404,0.065797
0.94592,0.041514,-0.013482,-0.32145,0.055843,-0.059406,0.065798
0.94592,0.041485,-0.013416,-0.32147,0.055865,-0.059385,0.065795
0.94592,0.041498,-0.0134,-0.32145,0.055868,-0.059386,0.065794
0.94592,0.041526,-0.013386,-0.32145,0.055869,-0.059386,0.065793
0.94593,0.041541,-0.013377,-0.32143,0.055873,-0.059386,0.065792
0.94593,0.041554,-0.01336,-0.32142,0.055876,-0.059387,0.065792
0.94593,0.041528,-0.013285,-0.32143,0.055897,-0.059367,0.065788
0.94593,0.041553,-0.013279,-0.32144,0.055897,-0.059366,0.065787
0.94592,0.041564,-0.013273,-0.32144,0.055897,-0.059367,0.065786
0.94593,0.041569,-0.013272,-0.32143,0.055903,-0.059369,0.065785
0.94593,0.041595,-0.013265,-0.32143,0.055907,-0.05937,0.065783
0.94593,0.041571,-0.013195,-0.32144,0.055928,-0.059349,0.065778
0.94593,0.041571,-0.013195,-0.32144,0.055932,-0.059351,0.065777
0.94593,0.041552,-0.013199,-0.32142,0.055938,-0.059356,0.065775
0.94593,0.041559,-0.013204,-0.32143,0.055941,-0.059358,0.065774
0.94593,0.041552,-0.013208,-0.32142,0.055945,-0.059361,0.065774
0.94593,0.041519,-0.013157,-0.32143,0.055967,-0.059344,0.065769
0.94594,0.041569,-0.013121,-0.32141,0.055966,-0.059342,0.065771
0.94594,0.041569,-0.013119,-0.3214,0.05597,-0.059344,0.065769
0.94594,0.041565,-0.013119,-0.3214,0.055973,-0.059347,0.065769
0.94594,0.041565,-0.013125,-0.3214,0.055977,-0.059349,0.065768
0.94594,0.041514,-0.013075,-0.3214,0.056,-0.059333,0.065763
0.94594,0.041539,-0.013067,-0.32141,0.056001,-0.059332,0.065764
0.94594,0.04153,-0.01307,-0.32141,0.056004,-0.059335,0.065762
0.94594,0.041551,-0.013063,-0.32141,0.056005,-0.059335,0.065763
0.94593,0.041584,-0.013052,-0.32142,0.056003,-0.059333,0.065762
0.94593,0.041565,-0.012982,-0.32143,0.056023,-0.059313,0.065758
0.94593,0.041579,-0.012971,-0.32143,0.056025,-0.059311,0.065759
0.94594,0.041578,-0.012969,-0.3214,0.056033,-0.059313,0.065758
0.94594,0.041617,-0.012956,-0.3214,0.056033,-0.059311,0.065759
0.94594,0.041635,-0.012945,-0.3214,0.056034,-0.05931,0.065758
0.94594,0.041597,-0.012877,-0.32141,0.056054,-0.059293,0.065755
0.94594,0.041585,-0.012881,-0.32141,0.056058,-0.059295,0.065755
0.94594,0.041581,-0.01288,-0.32141,0.05606,-0.059297,0.065757
0.94594,0.041602,-0.01287,-0.3214,0.056062,-0.059296,0.065757
0.94594,0.041604,-0.012859,-0.3214,0.056065,-0.059297,0.065757
0.94594,0.041557,-0.012792,-0.32141,0.056087,-0.059281,0.065752
0.94594,0.041568,-0.01278,-0.32141,0.056086,-0.059282,0.065753
0.94594,0.041567,-0.012781,-0.32142,0.056087,-0.059284,0.065753
0.94594,0.041587,-0.01276,-0.3214,0.05609,-0.059283,0.065754
0.94594,0.041588,-0.012762,-0.3214,0.056091,-0.059285,0.065754
0.94594,0.041545,-0.012699,-0.32141,0.056112,-0.059269,0.065751
0.94594,0.041545,-0.012699,-0.32141,0.056115,-0.05927,0.065751
0.94594,0.04156,-0.012692,-0.32142,0.056115,-0.059271,0.065752
0.94594,0.041562,-0.012693,-0.32141,0.056118,-0.059273,0.065752
0.94594,0.04157,-0.012691,-0.32141,0.05612,-0.059275,0.065752
0.94594,0.041529,-0.01263,-0.32143,0.056139,-0.059259,0.065749
0.94594,0.041534,-0.012624,-0.32142,0.056141,-0.059261,0.065747
0.94594,0.041539,-0.01262,-0.32141,0.056143,-0.059262,0.065748
0.94594,0.04158,-0.012592,-0.32142,0.056138,-0.05926,0.06575
0.94594,0.041594,-0.01258,-0.32141,0.056139,-0.05926,0.065751
0.94594,0.04155,-0.012532,-0.32142,0.05616,-0.059246,0.065745
0.94594,0.041577,-0.012523,-0.32141,0.056164,-0.059246,0.065744
0.94595,0.041588,-0.012531,-0.3214,0.056167,-0.059248,0.065742
0.94594,0.041603,-0.012527,-0.3214,0.056168,-0.059248,0.065742
0.94595,0.041596,-0.01253,-0.32139,0.056174,-0.059251,0.065741
0.94595,0.041551,-0.012467,-0.3214,0.056194,-0.059237,0.065737
0.94595,0.041554,-0.012468,-0.3214,0.056196,-0.059238,0.065737
0.94595,0.041563,-0.012456,-0.3214,0.056196,-0.059238,0.065738
0.94595,0.04158,-0.012439,-0.3214,0.056196,-0.059238,0.06574
0.94595,0.041586,-0.012433,-0.3214,0.056197,-0.05924,0.06574
0.94594,0.041552,-0.012369,-0.32142,0.056216,-0.059225,0.065735
0.94594,0.041562,-0.012368,-0.32142,0.056218,-0.059225,0.065734
0.94595,0.041565,-0.012362,-0.32141,0.056221,-0.059227,0.065734
0.94595,0.041601,-0.012344,-0.3214,0.05622,-0.059226,0.065733
0.94595,0.041604,-0.012339,-0.32141,0.056221,-0.059227,0.065733
0.94595,0.041571,-0.012275,-0.32141,0.05624,-0.059213,0.065729
0.94595,0.041568,-0.012274,-0.3214,0.056244,-0.059215,0.065728
0.94595,0.041552,-0.012277,-0.3214,0.056247,-0.059219,0.065727
0.94596,0.041569,-0.012266,-0.32139,0.05625,-0.059219,0.065728
0.94596,0.041573,-0.012265,-0.32138,0.056251,-0.059221,0.065728
0.94595,0.041541,-0.012206,-0.32141,0.056266,-0.059208,0.065722
0.94595,0.041571,-0.012198,-0.32142,0.056265,-0.059206,0.065721
0.94594,0.041583,-0.01219,-0.32142,0.056265,-0.059206,0.06572
0.94594,0.041607,-0.012177,-0.32143,0.056264,-0.059205,0.06572
0.94594,0.041624,-0.01217,-0.32143,0.056264,-0.059204,0.06572
0.94594,0.041559,-0.01212,-0.32143,0.056284,-0.059194,0.065715
0.94594,0.041569,-0.012114,-0.32144,0.056285,-0.059194,0.065716
0.94594,0.04157,-0.012115,-0.32144,0.056287,-0.059196,0.065715
0.94594,0.041577,-0.012108,-0.32144,0.056288,-0.059197,0.065715
0.94594,0.041606,-0.012094,-0.32143,0.056291,-0.059195,0.065714
0.94593,0.041578,-0.012029,-0.32146,0.056306,-0.05918,0.065709
0.94593,0.041609,-0.012017,-0.32147,0.056303,-0.059178,0.065708
0.94593,0.041633,-0.012007,-0.32147,0.056302,-0.059177,0.065708
0.94593,0.041646,-0.011997,-0.32146,0.056306,-0.059177,0.065708
0.94593,0.041658,-0.01199,-0.32145,0.056309,-0.059178,0.065708
0.94594,0.041612,-0.011933,-0.32145,0.05633,-0.059164,0.065704
0.94594,0.04162,-0.011926,-0.32144,0.056331,-0.059165,0.065704
0.94594,0.041653,-0.01191,-0.32144,0.05633,-0.059164,0.065705
0.94593,0.041678,-0.0119,-0.32145,0.056328,-0.059162,0.065705
0.94594,0.041711,-0.011879,-0.32144,0.056329,-0.059159,0.065704
0.94594,0.041687,-0.011805,-0.32145,0.056348,-0.059143,0.065698
0.94593,0.041729,-0.011786,-0.32145,0.056345,-0.059139,0.065697
0.94593,0.041763,-0.011765,-0.32145,0.056344,-0.059135,0.065697
0.94593,0.041772,-0.011757,-0.32144,0.056345,-0.059136,0.065698
0.94593,0.041791,-0.011742,-0.32145,0.056344,-0.059135,0.065699
0.94593,0.041753,-0.011679,-0.32147,0.056359,-0.059122,0.065695
0.94593,0.041779,-0.01166,-0.32147,0.056358,-0.05912,0.065697
0.94592,0.041805,-0.011639,-0.32147,0.056354,-0.059118,0.065697
0.94592,0.041819,-0.011627,-0.32149,0.056351,-0.059117,0.065698
0.94592,0.041827,-0.011616,-0.32149,0.056351,-0.059117,0.065699
0.94591,0.041804,-0.011542,-0.32151,0.056366,-0.059101,0.065694
0.94591,0.041831,-0.011521,-0.32152,0.056364,-0.059098,0.065693
0.94591,0.041842,-0.011513,-0.32152,0.056364,-0.059098,0.065692
0.9459,0.041863,-0.011497,-0.32153,0.056363,-0.059096,0.065692
0.9459,0.041913,-0.011468,-0.32153,0.056358,-0.059091,0.06569
0.9459,0.04188,-0.011404,-0.32154,0.056374,-0.059076,0.065684
0.9459,0.04188,-0.011403,-0.32155,0.056375,-0.059076,0.065682
0.9459,0.04193,-0.011374,-0.32155,0.056372,-0.059073,0.065682
0.94589,0.041947,-0.011361,-0.32155,0.05637,-0.059071,0.065681
0.94589,0.041954,-0.011354,-0.32155,0.056373,-0.05907,0.06568
0.9459,0.041908,-0.011282,-0.32156,0.056391,-0.059058,0.065677
0.9459,0.041908,-0.011282,-0.32156,0.056394,-0.059059,0.065676
0.94589,0.041932,-0.011269,-0.32157,0.056393,-0.059057,0.065676
0.94588,0.041945,-0.011264,-0.32158,0.056391,-0.059056,0.065675
0.94588,0.041945,-0.011264,-0.32158,0.056395,-0.059057,0.065674
0.94588,0.041913,-0.011194,-0.3216,0.056411,-0.059043,0.065668
0.94588,0.041943,-0.011176,-0.3216,0.056412,-0.059041,0.065667
0.94588,0.041973,-0.011157,-0.32161,0.056412,-0.059038,0.065664
0.94587,0.041973,-0.011152,-0.32162,0.056412,-0.059038,0.065665
0.94587,0.041994,-0.011138,-0.32163,0.056412,-0.059035,0.065666
0.94587,0.041957,-0.011074,-0.32164,0.05643,-0.059021,0.065661
0.94587,0.041967,-0.011066,-0.32164,0.056431,-0.059019,0.065661
0.94587,0.041993,-0.011052,-0.32163,0.056435,-0.059016,0.06566
0.94587,0.042017,-0.011035,-0.32163,0.056437,-0.059014,0.065658
0.94587,0.042031,-0.011025,-0.32162,0.05644,-0.059012,0.065657
0.94587,0.041988,-0.010966,-0.32163,0.056458,-0.058999,0.065652
0.94587,0.042011,-0.010955,-0.32162,0.056463,-0.058997,0.065652
0.94588,0.04203,-0.010935,-0.3216,0.056468,-0.058994,0.065652
0.94588,0.042053,-0.010917,-0.32159,0.056473,-0.05899,0.065652
0.94589,0.042043,-0.010918,-0.32157,0.056481,-0.058991,0.065653
0.94589,0.042014,-0.010846,-0.32157,0.056501,-0.058978,0.06565
0.94589,0.042015,-0.010838,-0.32157,0.056505,-0.05898,0.06565
0.94589,0.042039,-0.010825,-0.32156,0.056507,-0.058977,0.065651
0.9459,0.042075,-0.010793,-0.32154,0.05651,-0.058974,0.065651
0.9459,0.042102,-0.010776,-0.32153,0.056511,-0.05897,0.06565
0.9459,0.042055,-0.01071,-0.32153,0.056531,-0.058959,0.065646
0.94591,0.042075,-0.010691,-0.32152,0.056536,-0.058956,0.065647
0.94591,0.042099,-0.010676,-0.32151,0.056539,-0.058953,0.065646
0.94591,0.042127,-0.010661,-0.3215,0.056544,-0.05895,0.065643
0.94591,0.042146,-0.010647,-0.3215,0.056546,-0.058949,0.065642
0.94591,0.042127,-0.010573,-0.3215,0.056564,-0.058935,0.065636
0.94592,0.042143,-0.010551,-0.32148,0.056568,-0.058932,0.065637
0.94592,0.04214,-0.010542,-0.32147,0.056575,-0.058933,0.065639
0.94593,0.042162,-0.010522,-0.32146,0.056579,-0.058931,0.06564
0.94593,0.042185,-0.010506,-0.32145,0.056582,-0.058928,0.065639
0.94593,0.042157,-0.010431,-0.32146,0.056598,-0.058914,0.065634
0.94594,0.04215,-0.010424,-0.32143,0.056607,-0.058916,0.065635
0.94594,0.042147,-0.01042,-0.32141,0.056616,-0.058917,0.065635
0.94595,0.042143,-0.010414,-0.32138,0.056624,-0.058918,0.065637
0.94596,0.042175,-0.010381,-0.32136,0.056628,-0.058916,0.065638
0.94596,0.042154,-0.010306,-0.32136,0.056644,-0.058902,0.065632
0.94596,0.04218,-0.010285,-0.32137,0.056642,-0.058899,0.06563
0.94596,0.042194,-0.010271,-0.32135,0.056647,-0.058897,0.065631
0.94597,0.042214,-0.010256,-0.32134,0.056653,-0.058893,0.065631
0.94597,0.04223,-0.010244,-0.32133,0.056658,-0.058892,0.06563
0.94598,0.04218,-0.010167,-0.32131,0.05668,-0.058881,0.065628
0.94598,0.042213,-0.010135,-0.32129,0.056683,-0.058878,0.065629
0.94599,0.042237,-0.010113,-0.32128,0.056686,-0.058874,0.065629
0.94599,0.042221,-0.010116,-0.32126,0.056695,-0.058876,0.065631
0.946,0.042224,-0.010109,-0.32124,0.056703,-0.058876,0.065631
0.946,0.042193,-0.010037,-0.32125,0.05672,-0.058864,0.065626
0.94601,0.042198,-0.010017,-0.32122,0.056728,-0.058864,0.065628
0.94601,0.042218,-0.0099994,-0.32121,0.05673,-0.058862,0.065628
0.94601,0.042384,-0.0098725,-0.32119,0.056711,-0.058844,0.065618
0.94602,0.042409,-0.0098563,-0.32118,0.056711,-0.058836,0.065612
0.94602,0.042367,-0.0097891,-0.32119,0.056729,-0.058824,0.065607
0.94602,0.042371,-0.0097767,-0.32117,0.056736,-0.058823,0.065609
0.94602,0.042384,-0.0097641,-0.32116,0.056741,-0.05882,0.06561
0.94603,0.042397,-0.009752,-0.32116,0.056745,-0.058818,0.06561
0.94603,0.042403,-0.0097516,-0.32114,0.056753,-0.058818,0.065609
0.94603,0.042365,-0.009678,-0.32115,0.056771,-0.058808,0.065606
0.94603,0.042391,-0.0096634,-0.32114,0.056773,-0.058806,0.065603
0.94603,0.04241,-0.0096462,-0.32114,0.056775,-0.058804,0.065603
0.94603,0.042417,-0.0096254,-0.32114,0.056775,-0.058803,0.065604
0.94604,0.042441,-0.0095909,-0.32113,0.056777,-0.058802,0.065606
0.94604,0.042411,-0.0095212,-0.32113,0.056793,-0.05879,0.065601
0.94604,0.042403,-0.0095151,-0.32113,0.056798,-0.058793,0.065603
0.94604,0.042431,-0.0094853,-0.32111,0.056801,-0.058792,0.065604
0.94605,0.042421,-0.0094843,-0.3211,0.056809,-0.058794,0.065607
0.94605,0.042442,-0.0094673,-0.32108,0.056815,-0.058795,0.065608
0.94605,0.042409,-0.0093968,-0.32108,0.056833,-0.058784,0.065604
0.94606,0.042426,-0.009382,-0.32107,0.056837,-0.058784,0.065604
0.94606,0.042448,-0.0093616,-0.32106,0.056841,-0.058782,0.065604
0.94606,0.042476,-0.0093301,-0.32104,0.056843,-0.058779,0.065604
0.94607,0.04246,-0.0093291,-0.32102,0.056853,-0.058782,0.065607
0.94608,0.042395,-0.0092786,-0.32101,0.056877,-0.058777,0.065603
0.94609,0.042386,-0.009278,-0.32099,0.056885,-0.058779,0.065604
0.9461,0.042383,-0.0092757,-0.32097,0.056895,-0.058782,0.065604
0.9461,0.042407,-0.0092488,-0.32094,0.056899,-0.058783,0.065605
0.94611,0.042436,-0.0092267,-0.32093,0.056903,-0.05878,0.065603
0.94611,0.042411,-0.0091398,-0.32092,0.056921,-0.058768,0.065598
0.94612,0.042437,-0.0091086,-0.3209,0.056923,-0.058766,0.065598
0.94612,0.042463,-0.0090823,-0.32089,0.056925,-0.058764,0.065598
0.94613,0.042493,-0.009055,-0.32087,0.056926,-0.058762,0.065597
0.94613,0.042511,-0.0090372,-0.32086,0.05693,-0.058761,0.065597
0.94613,0.042488,-0.0089631,-0.32086,0.056946,-0.05875,0.065592
0.94613,0.042501,-0.0089453,-0.32085,0.056949,-0.058748,0.065594
0.94613,0.042528,-0.0089242,-0.32085,0.056949,-0.058746,0.065593
0.94613,0.042538,-0.008912,-0.32084,0.056953,-0.058746,0.065594
0.94614,0.042556,-0.0088909,-0.32083,0.056956,-0.058745,0.065595
0.94614,0.042493,-0.0088386,-0.32083,0.056977,-0.05874,0.065592
0.94614,0.042518,-0.0088198,-0.32082,0.056981,-0.058739,0.065592
0.94615,0.042539,-0.0087921,-0.32081,0.056981,-0.058738,0.065592
0.94615,0.042525,-0.0088017,-0.3208,0.056989,-0.058742,0.065595
0.94615,0.042553,-0.0087846,-0.32079,0.056994,-0.058742,0.065595
0.94615,0.042659,-0.0086017,-0.32079,0.056989,-0.058718,0.065578
0.94616,0.042683,-0.0085705,-0.32077,0.056984,-0.058711,0.065572
0.94616,0.042714,-0.0085437,-0.32076,0.056985,-0.058708,0.065571
0.94616,0.042739,-0.0085266,-0.32075,0.056988,-0.058706,0.065569
0.94616,0.042761,-0.0085078,-0.32075,0.056989,-0.058705,0.065568
0.94617,0.042703,-0.0084552,-0.32074,0.057011,-0.058699,0.065564
0.94617,0.042873,-0.00832,-0.32072,0.056999,-0.05869,0.06556
0.94617,0.042901,-0.0083032,-0.32071,0.056995,-0.058683,0.065551
0.94617,0.042922,-0.0082965,-0.32071,0.056999,-0.058683,0.065549
0.94617,0.042917,-0.008297,-0.3207,0.057006,-0.058686,0.06555
0.94617,0.04286,-0.0082444,-0.3207,0.057025,-0.05868,0.065545
0.94618,0.042852,-0.0082404,-0.32068,0.057032,-0.058681,0.065547
0.94619,0.04285,-0.0082413,-0.32067,0.05704,-0.058684,0.065547
0.94619,0.042876,-0.008226,-0.32065,0.057046,-0.058684,0.065544
0.94619,0.042897,-0.0082158,-0.32065,0.057049,-0.058684,0.065543
0.94619,0.042867,-0.0081513,-0.32065,0.057066,-0.058675,0.065535
0.9462,0.04286,-0.0081533,-0.32064,0.057073,-0.058677,0.065537
0.9462,0.042885,-0.0081342,-0.32063,0.057076,-0.058677,0.065537
0.9462,0.042903,-0.0081239,-0.32062,0.05708,-0.058676,0.065535
0.94621,0.042895,-0.008124,-0.32061,0.057089,-0.058678,0.065537
0.94621,0.042843,-0.0080746,-0.32061,0.057108,-0.058673,0.06553
0.94621,0.042833,-0.0080709,-0.3206,0.057113,-0.058675,0.065532
0.94622,0.042823,-0.0080727,-0.32059,0.05712,-0.058677,0.065534
0.94622,0.04285,-0.0080531,-0.32058,0.057122,-0.058677,0.065534
0.94622,0.042843,-0.0080514,-0.32057,0.057129,-0.05868,0.065536
0.94622,0.042884,-0.0079219,-0.32057,0.057136,-0.058668,0.065529
0.94622,0.042913,-0.0078993,-0.32056,0.057135,-0.058664,0.065525
0.94623,0.042907,-0.0079026,-0.32055,0.057142,-0.058667,0.065526
0.94623,0.042997,-0.0078249,-0.32053,0.057137,-0.058664,0.065526
0.94623,0.043086,-0.0077485,-0.32052,0.057115,-0.058648,0.065511
0.94623,0.043025,-0.0076946,-0.32052,0.057135,-0.058644,0.065509
0.94623,0.043026,-0.0076882,-0.32052,0.05714,-0.058645,0.065509
0.94623,0.043192,-0.0075568,-0.32051,0.057124,-0.058635,0.065506
0.94623,0.043355,-0.0074189,-0.32049,0.057069,-0.058592,0.065446
0.94623,0.043344,-0.0074242,-0.32048,0.057078,-0.058595,0.065453
0.94623,0.043308,-0.0073641,-0.32049,0.057095,-0.058588,0.065447
0.94623,0.043462,-0.0072306,-0.32047,0.057083,-0.058577,0.065442
0.94623,0.043632,-0.0070951,-0.32045,0.057023,-0.058533,0.065382
0.94624,0.043622,-0.0070883,-0.32043,0.057033,-0.058533,0.065387
0.94625,0.043607,-0.0070837,-0.32041,0.057042,-0.058535,0.065391
0.94625,0.043574,-0.0070148,-0.32042,0.057058,-0.058527,0.065386
0.94625,0.04357,-0.0070127,-0.3204,0.057066,-0.05853,0.065387
0.94626,0.043564,-0.0070109,-0.32039,0.057071,-0.058532,0.065389
0.94626,0.043562,-0.0070037,-0.32037,0.057079,-0.058534,0.06539
0.94627,0.043554,-0.0070053,-0.32036,0.057084,-0.058536,0.065391
0.94627,0.043502,-0.0069511,-0.32036,0.057104,-0.058531,0.065386
0.94628,0.043497,-0.0069493,-0.32035,0.057111,-0.058533,0.065386
0.94627,0.043653,-0.0068195,-0.32033,0.057099,-0.058523,0.065385
0.94628,0.043663,-0.0068041,-0.32033,0.057099,-0.05852,0.065383
0.94628,0.043683,-0.0067813,-0.32031,0.057101,-0.05852,0.065385
0.94628,0.043629,-0.0067292,-0.32032,0.05712,-0.058515,0.065379
0.94628,0.043785,-0.0066011,-0.3203,0.05711,-0.058506,0.065379
0.94628,0.043781,-0.0066054,-0.32031,0.057113,-0.05851,0.065382
0.94628,0.043778,-0.0066104,-0.3203,0.057118,-0.058512,0.065381
0.94628,0.043774,-0.0066126,-0.3203,0.057121,-0.058514,0.065381
0.94628,0.04372,-0.0065606,-0.32032,0.057135,-0.058508,0.065376
0.94628,0.043713,-0.0065599,-0.32031,0.05714,-0.05851,0.065377
0.94628,0.043708,-0.0065603,-0.32031,0.057145,-0.058511,0.065377
0.94629,0.0437,-0.0065607,-0.32029,0.057151,-0.058513,0.065379
0.94629,0.043713,-0.0065536,-0.32029,0.057154,-0.058513,0.065378
0.94629,0.043658,-0.0064971,-0.3203,0.057171,-0.058508,0.065373
0.94629,0.04365,-0.0065014,-0.32029,0.057178,-0.05851,0.065374
0.9463,0.043645,-0.0065051,-0.32027,0.057185,-0.058512,0.065374
0.9463,0.043639,-0.006502,-0.32027,0.057188,-0.058514,0.065375
0.9463,0.043787,-0.0063866,-0.32026,0.057177,-0.058506,0.065373
0.9463,0.043748,-0.0063258,-0.32027,0.05719,-0.058496,0.065366
0.9463,0.043743,-0.0063268,-0.32026,0.057196,-0.058498,0.065367
0.94629,0.043891,-0.0062084,-0.32025,0.057183,-0.05849,0.065365
0.94629,0.043891,-0.0062084,-0.32025,0.057187,-0.058492,0.065367
0.9463,0.043903,-0.006203,-0.32025,0.057191,-0.058493,0.065367
0.94629,0.043992,-0.0060355,-0.32025,0.057191,-0.058476,0.065356
0.9463,0.043984,-0.0060371,-0.32024,0.057198,-0.058479,0.065361
0.9463,0.043974,-0.0060405,-0.32023,0.057204,-0.058482,0.065362
0.9463,0.043979,-0.0060339,-0.32022,0.057209,-0.058483,0.065363
0.94631,0.043987,-0.0060203,-0.32021,0.057214,-0.058482,0.065365
0.94631,0.044076,-0.005848,-0.32019,0.057215,-0.058465,0.065354
0.94631,0.044226,-0.0057275,-0.32018,0.057168,-0.05843,0.065307
0.94631,0.044215,-0.0057209,-0.32017,0.057173,-0.058433,0.065312
0.94631,0.044375,-0.0055958,-0.32016,0.057162,-0.058424,0.065312
0.9463,0.044529,-0.0054816,-0.32016,0.057108,-0.058387,0.065258
0.9463,0.044645,-0.0053009,-0.32016,0.057069,-0.058341,0.065198
0.9463,0.044659,-0.0052908,-0.32015,0.05707,-0.058337,0.065196
0.9463,0.044673,-0.0052849,-0.32014,0.057074,-0.058338,0.065196
0.9463,0.044819,-0.0051735,-0.32013,0.057063,-0.058328,0.065191
0.9463,0.044956,-0.005053,-0.32011,0.057021,-0.058294,0.06515
0.94629,0.045074,-0.0048701,-0.32011,0.056983,-0.05825,0.06509
0.9463,0.045064,-0.00487,-0.3201,0.056991,-0.058253,0.065096
0.9463,0.045062,-0.0048693,-0.3201,0.056996,-0.058254,0.065097
0.9463,0.04506,-0.0048699,-0.32009,0.057001,-0.058256,0.065098
0.9463,0.04505,-0.004871,-0.32009,0.057005,-0.058257,0.0651
0.9463,0.045159,-0.0046867,-0.32009,0.057006,-0.058243,0.065093
0.9463,0.045153,-0.0046844,-0.32008,0.057012,-0.058246,0.065098
0.9463,0.045301,-0.00457,-0.32007,0.057004,-0.058239,0.065098
0.9463,0.045301,-0.0045673,-0.32007,0.057008,-0.058239,0.065101
0.9463,0.04529,-0.0045653,-0.32006,0.057013,-0.058242,0.065104
0.94631,0.045228,-0.0045082,-0.32006,0.05703,-0.058236,0.065103
0.94631,0.045228,-0.004501,-0.32005,0.057035,-0.058236,0.065107
0.94631,0.045214,-0.0044966,-0.32004,0.057042,-0.058237,0.065111
0.94632,0.04522,-0.0044781,-0.32003,0.057046,-0.058236,0.065116
0.94632,0.045205,-0.0044773,-0.32001,0.057055,-0.058238,0.065121
0.94632,0.045139,-0.0044277,-0.32002,0.057071,-0.058234,0.065118
0.94633,0.045132,-0.004427,-0.32001,0.057077,-0.058236,0.065119
0.94633,0.045144,-0.0044196,-0.32001,0.057079,-0.058237,0.06512
0.94632,0.045285,-0.0043107,-0.32,0.057068,-0.058228,0.065112
0.94633,0.045278,-0.0043119,-0.31999,0.057077,-0.058228,0.065117
0.94632,0.045376,-0.0041407,-0.31999,0.057081,-0.058215,0.065109
0.94633,0.045369,-0.0041416,-0.31998,0.057087,-0.058218,0.065113
0.94632,0.04553,-0.0040169,-0.31998,0.057076,-0.058212,0.065111
0.94632,0.045673,-0.0038966,-0.31996,0.057029,-0.058175,0.06506
0.94632,0.045696,-0.0038833,-0.31995,0.057029,-0.05817,0.065054
0.94632,0.045794,-0.0037168,-0.31995,0.057029,-0.058153,0.065041
0.94632,0.045948,-0.0035999,-0.31994,0.056983,-0.058117,0.06499
0.94631,0.046111,-0.0034789,-0.31993,0.056933,-0.058082,0.064935
0.94631,0.046119,-0.00347,-0.31992,0.056936,-0.058078,0.064935
0.94631,0.046278,-0.003346,-0.31992,0.056922,-0.058069,0.064927
0.9463,0.046249,-0.0032804,-0.31994,0.056927,-0.05806,0.064917
0.9463,0.046397,-0.0031727,-0.31994,0.056912,-0.058051,0.064907
0.9463,0.046392,-0.003175,-0.31994,0.056917,-0.058053,0.064911
0.94629,0.04655,-0.0030518,-0.31994,0.056908,-0.058048,0.064906
0.94629,0.046543,-0.0030595,-0.31992,0.056919,-0.058047,0.064913
0.94629,0.046634,-0.0028954,-0.31993,0.056922,-0.058036,0.064905
0.94629,0.046629,-0.0028954,-0.31993,0.056925,-0.058039,0.06491
0.94629,0.046638,-0.0028948,-0.31993,0.056929,-0.05804,0.064911
0.94629,0.046784,-0.0027846,-0.31992,0.05692,-0.058033,0.064904
0.94629,0.046778,-0.0027858,-0.31991,0.056924,-0.058037,0.064909
0.94628,0.04687,-0.0026229,-0.31992,0.056928,-0.058025,0.064903
0.94628,0.046863,-0.0026236,-0.31992,0.056931,-0.058028,0.064909
0.94628,0.046861,-0.0026266,-0.31991,0.056935,-0.05803,0.06491
0.94628,0.04686,-0.0026324,-0.31991,0.056938,-0.058033,0.06491
0.94629,0.046852,-0.0026358,-0.31991,0.056942,-0.058036,0.064912
0.94628,0.04694,-0.0024758,-0.31991,0.056947,-0.058025,0.064907
0.94628,0.047083,-0.0023599,-0.3199,0.056904,-0.057993,0.064863
0.94627,0.047238,-0.0022429,-0.31989,0.056856,-0.057959,0.064812
0.94627,0.047232,-0.0022447,-0.31989,0.056861,-0.057963,0.064817
0.94627,0.047221,-0.0022504,-0.31989,0.056862,-0.057965,0.06482
0.94627,0.047177,-0.0021834,-0.31991,0.056874,-0.057959,0.064819
0.94627,0.047177,-0.0021834,-0.31991,0.056877,-0.057961,0.06482
0.94627,0.047177,-0.0021834,-0.31991,0.056881,-0.057963,0.064821
0.94627,0.047323,-0.0020741,-0.3199,0.056873,-0.057958,0.064819
0.94627,0.047319,-0.0020743,-0.31989,0.056879,-0.057961,0.064823
0.94627,0.047266,-0.0020264,-0.31991,0.056893,-0.057957,0.06482
0.94627,0.047259,-0.00203,-0.3199,0.056897,-0.05796,0.064822
0.94627,0.047249,-0.0020369,-0.31989,0.056902,-0.057963,0.064824
0.94627,0.047242,-0.0020418,-0.31989,0.056906,-0.057965,0.064825
0.94628,0.047235,-0.0020476,-0.31989,0.05691,-0.057968,0.064827
0.94627,0.047181,-0.0019966,-0.3199,0.056924,-0.057964,0.064823
0.94627,0.04717,-0.0020038,-0.3199,0.056928,-0.057967,0.064825
0.94627,0.04731,-0.0018963,-0.3199,0.056921,-0.057963,0.064825
0.94627,0.047308,-0.0018997,-0.3199,0.056925,-0.057967,0.064828
0.94627,0.047302,-0.001904,-0.3199,0.056928,-0.057968,0.064829
0.94626,0.047391,-0.001744,-0.31991,0.056933,-0.057959,0.064822
0.94626,0.047386,-0.001748,-0.31991,0.056936,-0.057963,0.064827
0.94626,0.047408,-0.0017375,-0.3199,0.05694,-0.057964,0.064827
0.94626,0.047399,-0.001745,-0.3199,0.056944,-0.057967,0.064829
0.94625,0.047555,-0.0016265,-0.31991,0.056937,-0.057964,0.064828
0.94624,0.047672,-0.0014524,-0.31992,0.056895,-0.057921,0.064761
0.94624,0.047666,-0.0014578,-0.31992,0.056901,-0.057925,0.064767
0.94624,0.047798,-0.0013552,-0.31991,0.056896,-0.057921,0.064769
0.94624,0.047788,-0.0013587,-0.31991,0.0569,-0.057926,0.064775
0.94624,0.047795,-0.0013507,-0.31991,0.056903,-0.057926,0.064777
0.94624,0.047732,-0.0013012,-0.31991,0.05692,-0.057922,0.064777
0.94624,0.047724,-0.0013033,-0.31991,0.056924,-0.057924,0.06478
0.94624,0.047853,-0.0012003,-0.31991,0.056915,-0.057919,0.064782
0.94624,0.047848,-0.0011976,-0.31991,0.056917,-0.057923,0.064787
0.94624,0.04784,-0.0012022,-0.3199,0.05692,-0.057925,0.064789
0.94623,0.047918,-0.0010439,-0.31991,0.056924,-0.057916,0.064784
0.94623,0.04807,-0.00092716,-0.3199,0.056881,-0.057882,0.064737
0.94623,0.048053,-0.00093605,-0.3199,0.056887,-0.057888,0.064746
0.94622,0.048189,-0.00082848,-0.3199,0.056882,-0.057886,0.064748
0.94622,0.048336,-0.00071897,-0.3199,0.056836,-0.057856,0.064701
0.94621,0.048424,-0.00056341,-0.31991,0.056806,-0.057821,0.06465
0.94621,0.048412,-0.00056926,-0.31991,0.056811,-0.057825,0.064657
0.9462,0.048548,-0.00046109,-0.31991,0.056804,-0.057822,0.064657
0.9462,0.048695,-0.00035128,-0.31991,0.056759,-0.057791,0.064609
0.9462,0.048712,-0.00033671,-0.3199,0.056758,-0.057788,0.064607
0.9462,0.048653,-0.00029236,-0.31991,0.056773,-0.057784,0.064605
0.9462,0.048641,-0.00030348,-0.3199,0.056777,-0.057786,0.064606
0.9462,0.048776,-0.00019593,-0.3199,0.056773,-0.057783,0.064605
0.94619,0.048912,-9.3789e-05,-0.3199,0.056729,-0.057755,0.06456
0.94618,0.04905,9.253e-06,-0.3199,0.056688,-0.057727,0.064515
0.94617,0.049146,0.00016972,-0.31991,0.056655,-0.057692,0.064462
0.94617,0.049274,0.00026854,-0.3199,0.056616,-0.057664,0.06442
0.94617,0.049268,0.00026497,-0.3199,0.056621,-0.057666,0.064425
0.94617,0.049285,0.00027187,-0.3199,0.056622,-0.057667,0.064427
0.94616,0.049417,0.00037695,-0.3199,0.056611,-0.05766,0.064419
0.94615,0.0495,0.00052402,-0.31991,0.056581,-0.057628,0.064371
0.94615,0.049624,0.00062096,-0.31991,0.056542,-0.057602,0.064334
0.94615,0.049607,0.00061468,-0.3199,0.056549,-0.057606,0.064345
0.94615,0.04962,0.00061716,-0.31991,0.056552,-0.057607,0.064346
0.94615,0.04961,0.00060867,-0.3199,0.056556,-0.057609,0.064349
0.94614,0.049689,0.00076875,-0.31991,0.056562,-0.057601,0.064345
0.94614,0.04983,0.00087934,-0.31991,0.056519,-0.057573,0.064299
0.94614,0.049819,0.00087167,-0.31991,0.056523,-0.057577,0.064308
0.94614,0.049807,0.00086659,-0.31991,0.056526,-0.057579,0.064311
0.94613,0.049941,0.00097801,-0.31991,0.056522,-0.057577,0.064312
0.94612,0.050027,0.0011414,-0.31992,0.056491,-0.057542,0.064261
0.94612,0.050159,0.0012443,-0.31992,0.056451,-0.057515,0.064216
0.94612,0.050146,0.0012388,-0.31991,0.056456,-0.05752,0.064225
0.94611,0.050277,0.0013442,-0.31991,0.056453,-0.057518,0.064226
0.9461,0.050407,0.0014483,-0.31991,0.056412,-0.057493,0.064183
0.94609,0.050488,0.0016015,-0.31993,0.056383,-0.057463,0.064137
0.94609,0.050617,0.00171,-0.31993,0.056343,-0.057438,0.064097
0.94608,0.050746,0.0018115,-0.31993,0.056303,-0.057414,0.064054
0.94607,0.050879,0.001917,-0.31993,0.056265,-0.057389,0.064013
0.94606,0.051016,0.0020224,-0.31993,0.056222,-0.057364,0.063969
0.94605,0.051102,0.0021783,-0.31995,0.056192,-0.057333,0.063919
0.94605,0.051227,0.0022852,-0.31994,0.056156,-0.057308,0.063878
