0.98914,-0.0052635,-0.011609,-0.14639,0.049694,0.11837,0.033667
0.98914,-0.0052635,-0.011609,-0.14639,0.049694,0.11837,0.033667
0.98914,-0.0052635,-0.011609,-0.14639,0.049694,0.11837,0.033667
0.98914,-0.0052635,-0.011609,-0.14639,0.049694,0.11837,0.033667
0.98914,-0.0052635,-0.011609,-0.14639,0.049694,0.11837,0.033667
0.98914,-0.0052635,-0.011609,-0.14639,0.049694,0.11837,0.033667
0.98914,-0.0052635,-0.011609,-0.14639,0.049694,0.11837,0.033667
0.98914,-0.0052604,-0.011605,-0.14639,0.049707,0.11836,0.033672
0.98914,-0.0052604,-0.011605,-0.14639,0.049707,0.11836,0.033672
0.98914,-0.0052604,-0.011605,-0.14639,0.049707,0.11836,0.033672
0.98914,-0.0052604,-0.011605,-0.14639,0.049707,0.11836,0.033672
0.98914,-0.0052604,-0.011605,-0.14639,0.049707,0.11836,0.033672
0.98915,-0.0052573,-0.011601,-0.14639,0.049719,0.11835,0.033676
0.98915,-0.0052573,-0.011601,-0.14639,0.049719,0.11835,0.033676
0.98915,-0.0052573,-0.011601,-0.14639,0.049719,0.11835,0.033676
0.98915,-0.0052573,-0.011601,-0.14639,0.049719,0.11835,0.033676
0.98915,-0.0052573,-0.011601,-0.14639,0.049719,0.11835,0.033676
0.98915,-0.0052542,-0.011597,-0.14639,0.049731,0.11834,0.033681
0.98915,-0.0052542,-0.011597,-0.14639,0.049731,0.11834,0.033681
0.98915,-0.0052542,-0.011597,-0.14639,0.049731,0.11834,0.033681
0.98915,-0.0052542,-0.011597,-0.14639,0.049731,0.11834,0.033681
0.98915,-0.0052542,-0.011597,-0.14639,0.049731,0.11834,0.033681
0.98915,-0.0052511,-0.011594,-0.14638,0.049744,0.11833,0.033685
0.98915,-0.0052511,-0.011594,-0.14638,0.049744,0.11833,0.033685
0.98915,-0.0052511,-0.011594,-0.14638,0.049744,0.11833,0.033686
0.98915,-0.0052511,-0.011594,-0.14638,0.049744,0.11833,0.033686
0.98915,-0.0052511,-0.011594,-0.14638,0.049744,0.11833,0.033686
0.98915,-0.0052481,-0.01159,-0.14638,0.049756,0.11831,0.03369
0.98915,-0.0052481,-0.01159,-0.14638,0.049756,0.11831,0.03369
0.98915,-0.0052481,-0.01159,-0.14638,0.049756,0.11831,0.03369
0.98915,-0.0052481,-0.01159,-0.14638,0.049756,0.11831,0.03369
0.98915,-0.0052481,-0.01159,-0.14638,0.049756,0.11831,0.03369
0.98915,-0.005245,-0.011586,-0.14638,0.049769,0.1183,0.033695
0.98915,-0.005245,-0.011586,-0.14638,0.049769,0.1183,0.033695
0.98915,-0.005245,-0.011586,-0.14638,0.049769,0.1183,0.033695
0.98915,-0.005245,-0.011586,-0.14638,0.049769,0.1183,0.033695
0.98915,-0.005245,-0.011586,-0.14638,0.049769,0.1183,0.033695
0.98915,-0.0052419,-0.011582,-0.14637,0.049781,0.11829,0.033699
0.98915,-0.0052419,-0.011582,-0.14637,0.049781,0.11829,0.033699
0.98915,-0.0052419,-0.011582,-0.14637,0.049781,0.11829,0.0337
0.98915,-0.0052419,-0.011582,-0.14637,0.049781,0.11829,0.0337
0.98915,-0.0052419,-0.011582,-0.14637,0.049781,0.11829,0.0337
0.98915,-0.0052388,-0.011578,-0.14637,0.049793,0.11828,0.033704
0.98915,-0.0052388,-0.011578,-0.14637,0.049793,0.11828,0.033704
0.98915,-0.0052388,-0.011578,-0.14637,0.049794,0.11828,0.033704
0.98915,-0.0052388,-0.011578,-0.14637,0.049794,0.11828,0.033704
0.98915,-0.0052388,-0.011578,-0.14637,0.049794,0.11828,0.033704
0.98915,-0.0052357,-0.011575,-0.14637,0.049806,0.11827,0.033709
0.98915,-0.0052357,-0.011575,-0.14637,0.049806,0.11827,0.033709
0.98915,-0.0052357,-0.011575,-0.14637,0.049806,0.11827,0.033709
0.98915,-0.0052357,-0.011575,-0.14637,0.049806,0.11827,0.033709
0.98915,-0.0052357,-0.011575,-0.14637,0.049806,0.11827,0.033709
0.98915,-0.0052327,-0.011571,-0.14636,0.049818,0.11826,0.033713
0.98915,-0.0052327,-0.011571,-0.14636,0.049818,0.11826,0.033713
0.98915,-0.0052327,-0.011571,-0.14636,0.049818,0.11826,0.033713
0.98915,-0.0052327,-0.011571,-0.14636,0.049818,0.11826,0.033713
0.98915,-0.0052327,-0.011571,-0.14636,0.049818,0.11826,0.033713
0.98915,-0.0052296,-0.011567,-0.14636,0.049831,0.11824,0.033718
0.98915,-0.0052296,-0.011567,-0.14636,0.049831,0.11824,0.033718
0.98915,-0.0052296,-0.011567,-0.14636,0.049831,0.11824,0.033718
0.98915,-0.0052296,-0.011567,-0.14636,0.049831,0.11824,0.033718
0.98915,-0.0052296,-0.011567,-0.14636,0.049831,0.11824,0.033718
0.98915,-0.0052265,-0.011563,-0.14636,0.049843,0.11823,0.033722
0.98915,-0.0052265,-0.011563,-0.14636,0.049843,0.11823,0.033722
0.98915,-0.0052265,-0.011563,-0.14636,0.049843,0.11823,0.033722
0.98915,-0.0052265,-0.011563,-0.14636,0.049843,0.11823,0.033722
0.98915,-0.0052265,-0.011563,-0.14636,0.049843,0.11823,0.033722
0.98915,-0.0052234,-0.011559,-0.14636,0.049855,0.11822,0.033727
0.98915,-0.0052234,-0.011559,-0.14636,0.049855,0.11822,0.033727
0.98915,-0.0052234,-0.011559,-0.14636,0.049855,0.11822,0.033727
0.98915,-0.0052234,-0.011559,-0.14636,0.049855,0.11822,0.033727
0.98915,-0.0052234,-0.011559,-0.14636,0.049855,0.11822,0.033727
0.98915,-0.0052203,-0.011556,-0.14635,0.049867,0.11821,0.033731
0.98915,-0.0052203,-0.011556,-0.14635,0.049868,0.11821,0.033731
0.98915,-0.0052203,-0.011556,-0.14635,0.049868,0.11821,0.033731
0.98915,-0.0052203,-0.011556,-0.14635,0.049868,0.11821,0.033731
0.98915,-0.0052203,-0.011556,-0.14635,0.049868,0.11821,0.033731
0.98915,-0.0052172,-0.011552,-0.14635,0.04988,0.1182,0.033736
0.98915,-0.0052172,-0.011552,-0.14635,0.04988,0.1182,0.033736
0.98915,-0.0052172,-0.011552,-0.14635,0.04988,0.1182,0.033736
0.98915,-0.0052172,-0.011552,-0.14635,0.04988,0.1182,0.033736
0.98915,-0.0052172,-0.011552,-0.14635,0.04988,0.1182,0.033736
0.98915,-0.0052142,-0.011548,-0.14635,0.049892,0.11819,0.03374
0.98915,-0.0052142,-0.011548,-0.14635,0.049892,0.11819,0.03374
0.98915,-0.0052142,-0.011548,-0.14635,0.049892,0.11819,0.03374
0.98915,-0.0052142,-0.011548,-0.14635,0.049892,0.11819,0.03374
0.98915,-0.0052142,-0.011548,-0.14635,0.049893,0.11819,0.03374
0.98915,-0.0052111,-0.011544,-0.14634,0.049905,0.11817,0.033744
0.98915,-0.0052111,-0.011544,-0.14634,0.049905,0.11817,0.033745
0.98915,-0.0052111,-0.011544,-0.14634,0.049905,0.11818,0.033745
0.98915,-0.0052111,-0.011544,-0.14634,0.049905,0.11818,0.033745
0.98915,-0.0052111,-0.011544,-0.14634,0.049905,0.11818,0.033745
0.98915,-0.005208,-0.011541,-0.14634,0.049917,0.11816,0.033749
0.98915,-0.005208,-0.011541,-0.14634,0.049917,0.11816,0.033749
0.98915,-0.005208,-0.011541,-0.14634,0.049917,0.11816,0.033749
0.98915,-0.005208,-0.011541,-0.14634,0.049917,0.11816,0.033749
0.98915,-0.005208,-0.011541,-0.14634,0.049917,0.11816,0.033749
0.98915,-0.005205,-0.011537,-0.14634,0.049929,0.11815,0.033753
0.98915,-0.005205,-0.011537,-0.14634,0.049929,0.11815,0.033753
0.98915,-0.005205,-0.011537,-0.14634,0.049929,0.11815,0.033754
0.98915,-0.005205,-0.011537,-0.14634,0.049929,0.11815,0.033754
0.98915,-0.005205,-0.011537,-0.14634,0.049929,0.11815,0.033754
0.98915,-0.0052019,-0.011533,-0.14634,0.049942,0.11814,0.033758
0.98915,-0.0052019,-0.011533,-0.14634,0.049942,0.11814,0.033758
0.98915,-0.0052019,-0.011533,-0.14634,0.049942,0.11814,0.033758
0.98915,-0.0052019,-0.011533,-0.14634,0.049942,0.11814,0.033758
0.98915,-0.0052019,-0.011533,-0.14634,0.049942,0.11814,0.033758
0.98915,-0.0051988,-0.011529,-0.14633,0.049954,0.11813,0.033762
0.98915,-0.0051988,-0.011529,-0.14633,0.049954,0.11813,0.033763
0.98915,-0.0051988,-0.011529,-0.14633,0.049954,0.11813,0.033763
0.98915,-0.0051988,-0.011529,-0.14633,0.049954,0.11813,0.033763
0.98915,-0.0051988,-0.011529,-0.14633,0.049954,0.11813,0.033763
0.98916,-0.0051958,-0.011526,-0.14633,0.049966,0.11812,0.033767
0.98916,-0.0051958,-0.011526,-0.14633,0.049966,0.11812,0.033767
0.98916,-0.0051958,-0.011526,-0.14633,0.049966,0.11812,0.033767
0.98916,-0.0051958,-0.011526,-0.14633,0.049966,0.11812,0.033767
0.98916,-0.0051958,-0.011526,-0.14633,0.049967,0.11812,0.033767
0.98916,-0.0051927,-0.011522,-0.14633,0.049978,0.11811,0.033771
0.98916,-0.0051927,-0.011522,-0.14633,0.049979,0.11811,0.033772
0.98916,-0.0051927,-0.011522,-0.14633,0.049979,0.11811,0.033772
0.98916,-0.0051927,-0.011522,-0.14633,0.049979,0.11811,0.033772
0.98916,-0.0051927,-0.011522,-0.14633,0.049979,0.11811,0.033772
0.98916,-0.0051896,-0.011518,-0.14632,0.049991,0.1181,0.033776
0.98916,-0.0051896,-0.011518,-0.14632,0.049991,0.1181,0.033776
0.98916,-0.0051896,-0.011518,-0.14632,0.049991,0.1181,0.033776
0.98916,-0.0051896,-0.011518,-0.14632,0.049991,0.1181,0.033776
0.98916,-0.0051896,-0.011518,-0.14632,0.049991,0.1181,0.033776
0.98916,-0.0051866,-0.011515,-0.14632,0.050003,0.11808,0.03378
0.98916,-0.0051866,-0.011515,-0.14632,0.050003,0.11808,0.03378
0.98916,-0.0051866,-0.011515,-0.14632,0.050003,0.11808,0.03378
0.98916,-0.0051866,-0.011515,-0.14632,0.050003,0.11808,0.03378
0.98916,-0.0051866,-0.011515,-0.14632,0.050003,0.11808,0.03378
0.98916,-0.0051835,-0.011511,-0.14632,0.050015,0.11807,0.033785
0.98916,-0.0051835,-0.011511,-0.14632,0.050015,0.11807,0.033785
0.98916,-0.0051835,-0.011511,-0.14632,0.050015,0.11807,0.033785
0.98916,-0.0051835,-0.011511,-0.14632,0.050015,0.11807,0.033785
0.98916,-0.0051835,-0.011511,-0.14632,0.050015,0.11807,0.033785
0.98916,-0.0051804,-0.011507,-0.14632,0.050027,0.11806,0.033789
0.98916,-0.0051804,-0.011507,-0.14632,0.050027,0.11806,0.033789
0.98916,-0.0051804,-0.011507,-0.14632,0.050027,0.11806,0.033789
0.98916,-0.0051804,-0.011507,-0.14632,0.050027,0.11806,0.033789
0.98916,-0.0051804,-0.011507,-0.14632,0.050027,0.11806,0.033789
0.98916,-0.0051773,-0.011504,-0.14631,0.050039,0.11805,0.033793
0.98916,-0.0051773,-0.011504,-0.14631,0.050039,0.11805,0.033793
0.98916,-0.0051773,-0.011504,-0.14631,0.050039,0.11805,0.033793
0.98916,-0.0051773,-0.011504,-0.14631,0.050039,0.11805,0.033793
0.98916,-0.0051773,-0.011504,-0.14631,0.050039,0.11805,0.033793
0.98916,-0.0051743,-0.0115,-0.14631,0.050051,0.11804,0.033798
0.98916,-0.0051743,-0.0115,-0.14631,0.050051,0.11804,0.033798
0.98916,-0.0051743,-0.0115,-0.14631,0.050051,0.11804,0.033798
0.98916,-0.0051743,-0.0115,-0.14631,0.050051,0.11804,0.033798
0.98916,-0.0051743,-0.0115,-0.14631,0.050051,0.11804,0.033798
0.98916,-0.0051712,-0.011496,-0.14631,0.050063,0.11803,0.033802
0.98916,-0.0051712,-0.011496,-0.14631,0.050063,0.11803,0.033802
0.98916,-0.0051712,-0.011496,-0.14631,0.050063,0.11803,0.033802
0.98916,-0.0051712,-0.011496,-0.14631,0.050063,0.11803,0.033802
0.98916,-0.0051712,-0.011496,-0.14631,0.050064,0.11803,0.033802
0.98916,-0.0051681,-0.011493,-0.1463,0.050075,0.11802,0.033806
0.98916,-0.0051681,-0.011493,-0.1463,0.050075,0.11802,0.033806
0.98916,-0.0051681,-0.011493,-0.1463,0.050075,0.11802,0.033806
0.98916,-0.0051681,-0.011493,-0.1463,0.050075,0.11802,0.033806
0.98916,-0.0051681,-0.011493,-0.1463,0.050076,0.11802,0.033806
0.98916,-0.005165,-0.011489,-0.1463,0.050087,0.118,0.03381
0.98916,-0.005165,-0.011489,-0.1463,0.050087,0.118,0.03381
0.98916,-0.005165,-0.011489,-0.1463,0.050088,0.118,0.03381
0.98916,-0.005165,-0.011489,-0.1463,0.050088,0.118,0.03381
0.98916,-0.005165,-0.011489,-0.1463,0.050088,0.118,0.03381
0.98916,-0.0051619,-0.011485,-0.1463,0.050099,0.11799,0.033814
0.98916,-0.0051619,-0.011485,-0.1463,0.0501,0.11799,0.033815
0.98916,-0.0051619,-0.011485,-0.1463,0.0501,0.11799,0.033815
0.98916,-0.0051619,-0.011485,-0.1463,0.0501,0.11799,0.033815
0.98916,-0.0051619,-0.011485,-0.1463,0.0501,0.11799,0.033815
0.98916,-0.0051589,-0.011482,-0.1463,0.050111,0.11798,0.033819
0.98916,-0.0051589,-0.011482,-0.1463,0.050112,0.11798,0.033819
0.98916,-0.0051589,-0.011482,-0.1463,0.050112,0.11798,0.033819
0.98916,-0.0051589,-0.011482,-0.1463,0.050112,0.11798,0.033819
0.98916,-0.0051589,-0.011482,-0.1463,0.050112,0.11798,0.033819
0.98916,-0.0051558,-0.011478,-0.14629,0.050124,0.11797,0.033823
0.98916,-0.0051558,-0.011478,-0.14629,0.050124,0.11797,0.033823
0.98916,-0.0051558,-0.011478,-0.14629,0.050124,0.11797,0.033823
0.98916,-0.0051558,-0.011478,-0.14629,0.050124,0.11797,0.033823
0.98916,-0.0051558,-0.011478,-0.14629,0.050124,0.11797,0.033823
0.98916,-0.0051527,-0.011474,-0.14629,0.050136,0.11796,0.033827
0.98916,-0.0051527,-0.011474,-0.14629,0.050136,0.11796,0.033827
0.98916,-0.0051527,-0.011474,-0.14629,0.050136,0.11796,0.033827
0.98916,-0.0051527,-0.011474,-0.14629,0.050136,0.11796,0.033827
0.98916,-0.0051527,-0.011474,-0.14629,0.050136,0.11796,0.033827
0.98916,-0.0051497,-0.011471,-0.14629,0.050148,0.11795,0.033831
0.98916,-0.0051497,-0.011471,-0.14629,0.050148,0.11795,0.033831
0.98916,-0.0051497,-0.011471,-0.14629,0.050148,0.11795,0.033831
0.98916,-0.0051497,-0.011471,-0.14629,0.050148,0.11795,0.033831
0.98916,-0.0051497,-0.011471,-0.14629,0.050148,0.11795,0.033831
0.98916,-0.0051466,-0.011467,-0.14629,0.05016,0.11793,0.033835
0.98916,-0.0051466,-0.011467,-0.14629,0.05016,0.11793,0.033835
0.98916,-0.0051466,-0.011467,-0.14629,0.05016,0.11793,0.033835
0.98916,-0.0051466,-0.011467,-0.14629,0.05016,0.11793,0.033835
0.98916,-0.0051466,-0.011467,-0.14629,0.05016,0.11793,0.033835
0.98916,-0.0051435,-0.011464,-0.14628,0.050172,0.11792,0.03384
0.98916,-0.0051435,-0.011464,-0.14628,0.050172,0.11792,0.03384
0.98916,-0.0051435,-0.011464,-0.14628,0.050172,0.11792,0.03384
0.98916,-0.0051435,-0.011464,-0.14628,0.050172,0.11792,0.03384
0.98916,-0.0051435,-0.011464,-0.14628,0.050172,0.11792,0.03384
0.98916,-0.0051405,-0.01146,-0.14628,0.050184,0.11791,0.033844
0.98916,-0.0051405,-0.01146,-0.14628,0.050184,0.11791,0.033844
0.98916,-0.0051405,-0.01146,-0.14628,0.050184,0.11791,0.033844
0.98916,-0.0051405,-0.01146,-0.14628,0.050184,0.11791,0.033844
0.98916,-0.0051405,-0.01146,-0.14628,0.050184,0.11791,0.033844
0.98916,-0.0051374,-0.011456,-0.14628,0.050196,0.1179,0.033848
0.98916,-0.0051374,-0.011456,-0.14628,0.050196,0.1179,0.033848
0.98916,-0.0051374,-0.011456,-0.14628,0.050196,0.1179,0.033848
0.98916,-0.0051374,-0.011456,-0.14628,0.050196,0.1179,0.033848
0.98916,-0.0051374,-0.011456,-0.14628,0.050196,0.1179,0.033848
0.98916,-0.0051343,-0.011453,-0.14627,0.050208,0.11789,0.033852
0.98916,-0.0051343,-0.011453,-0.14627,0.050208,0.11789,0.033852
0.98916,-0.0051343,-0.011453,-0.14627,0.050208,0.11789,0.033852
0.98916,-0.0051343,-0.011453,-0.14627,0.050208,0.11789,0.033852
0.98916,-0.0051343,-0.011453,-0.14627,0.050208,0.11789,0.033852
0.98916,-0.0051312,-0.011449,-0.14627,0.05022,0.11788,0.033856
0.98916,-0.0051312,-0.011449,-0.14627,0.05022,0.11788,0.033856
0.98916,-0.0051312,-0.011449,-0.14627,0.05022,0.11788,0.033856
0.98916,-0.0051312,-0.011449,-0.14627,0.05022,0.11788,0.033856
0.98916,-0.0051312,-0.011449,-0.14627,0.05022,0.11788,0.033856
0.98917,-0.0051282,-0.011446,-0.14627,0.050232,0.11787,0.03386
0.98917,-0.0051282,-0.011446,-0.14627,0.050232,0.11787,0.03386
0.98917,-0.0051282,-0.011446,-0.14627,0.050232,0.11787,0.03386
0.98917,-0.0051282,-0.011446,-0.14627,0.050232,0.11787,0.03386
0.98917,-0.0051282,-0.011446,-0.14627,0.050232,0.11786,0.03386
0.98917,-0.0051251,-0.011442,-0.14627,0.050244,0.11785,0.033864
0.98917,-0.0051251,-0.011442,-0.14627,0.050244,0.11785,0.033864
0.98917,-0.0051251,-0.011442,-0.14627,0.050244,0.11785,0.033864
0.98917,-0.0051251,-0.011442,-0.14627,0.050244,0.11785,0.033865
0.98917,-0.0051251,-0.011442,-0.14627,0.050244,0.11785,0.033865
0.98917,-0.005122,-0.011439,-0.14626,0.050256,0.11784,0.033868
0.98917,-0.005122,-0.011439,-0.14626,0.050256,0.11784,0.033869
0.98917,-0.005122,-0.011439,-0.14626,0.050256,0.11784,0.033869
0.98917,-0.005122,-0.011439,-0.14626,0.050256,0.11784,0.033869
0.98917,-0.005122,-0.011439,-0.14626,0.050256,0.11784,0.033869
0.98917,-0.0051189,-0.011435,-0.14626,0.050268,0.11783,0.033873
0.98917,-0.0051189,-0.011435,-0.14626,0.050268,0.11783,0.033873
0.98917,-0.0051189,-0.011435,-0.14626,0.050268,0.11783,0.033873
0.98917,-0.0051189,-0.011435,-0.14626,0.050268,0.11783,0.033873
0.98917,-0.0051189,-0.011435,-0.14626,0.050268,0.11783,0.033873
0.98917,-0.0051158,-0.011431,-0.14626,0.05028,0.11782,0.033877
0.98917,-0.0051158,-0.011431,-0.14626,0.05028,0.11782,0.033877
0.98917,-0.0051158,-0.011431,-0.14626,0.05028,0.11782,0.033877
0.98917,-0.0051158,-0.011431,-0.14626,0.05028,0.11782,0.033877
0.98917,-0.0051158,-0.011431,-0.14626,0.05028,0.11782,0.033877
0.98917,-0.0051127,-0.011428,-0.14626,0.050291,0.11781,0.033881
0.98917,-0.0051127,-0.011428,-0.14626,0.050291,0.11781,0.033881
0.98917,-0.0051127,-0.011428,-0.14626,0.050292,0.11781,0.033881
0.98917,-0.0051127,-0.011428,-0.14626,0.050292,0.11781,0.033881
0.98917,-0.0051127,-0.011428,-0.14626,0.050292,0.11781,0.033881
0.98917,-0.0051097,-0.011424,-0.14625,0.050303,0.1178,0.033885
0.98917,-0.0051097,-0.011424,-0.14625,0.050303,0.1178,0.033885
0.98917,-0.0051097,-0.011424,-0.14625,0.050304,0.1178,0.033885
0.98917,-0.0051097,-0.011424,-0.14625,0.050304,0.1178,0.033886
0.98917,-0.0051097,-0.011424,-0.14625,0.050304,0.1178,0.033886
0.98917,-0.0051066,-0.011421,-0.14625,0.050315,0.11779,0.03389
0.98917,-0.0051066,-0.011421,-0.14625,0.050315,0.11778,0.03389
0.98917,-0.0051066,-0.011421,-0.14625,0.050315,0.11778,0.03389
0.98917,-0.0051066,-0.011421,-0.14625,0.050316,0.11778,0.03389
0.98917,-0.0051066,-0.011421,-0.14625,0.050316,0.11778,0.03389
0.98917,-0.0051036,-0.011417,-0.14625,0.050327,0.11777,0.033894
0.98917,-0.0051036,-0.011417,-0.14625,0.050327,0.11777,0.033894
0.98917,-0.0051036,-0.011417,-0.14625,0.050327,0.11777,0.033894
0.98917,-0.0051036,-0.011417,-0.14625,0.050327,0.11777,0.033894
0.98917,-0.0051036,-0.011417,-0.14625,0.050328,0.11777,0.033894
0.98917,-0.0051005,-0.011414,-0.14625,0.050339,0.11776,0.033898
0.98917,-0.0051005,-0.011414,-0.14625,0.050339,0.11776,0.033898
0.98917,-0.0051005,-0.011414,-0.14625,0.050339,0.11776,0.033898
0.98917,-0.0051005,-0.011414,-0.14625,0.050339,0.11776,0.033898
0.98917,-0.0051005,-0.011414,-0.14625,0.050339,0.11776,0.033898
0.98917,-0.0050974,-0.01141,-0.14624,0.050351,0.11775,0.033902
0.98917,-0.0050974,-0.01141,-0.14624,0.050351,0.11775,0.033902
0.98917,-0.0050974,-0.01141,-0.14624,0.050351,0.11775,0.033902
0.98917,-0.0050974,-0.01141,-0.14624,0.050351,0.11775,0.033902
0.98917,-0.0050974,-0.01141,-0.14624,0.050351,0.11775,0.033902
0.98917,-0.0050943,-0.011407,-0.14624,0.050363,0.11774,0.033906
0.98917,-0.0050943,-0.011407,-0.14624,0.050363,0.11774,0.033906
0.98917,-0.0050943,-0.011407,-0.14624,0.050363,0.11774,0.033907
0.98917,-0.0050943,-0.011407,-0.14624,0.050363,0.11774,0.033907
0.98917,-0.0050943,-0.011407,-0.14624,0.050363,0.11774,0.033907
0.98917,-0.0050912,-0.011403,-0.14624,0.050374,0.11773,0.033911
0.98917,-0.0050912,-0.011403,-0.14624,0.050375,0.11773,0.033911
0.98917,-0.0050912,-0.011403,-0.14624,0.050375,0.11773,0.033911
0.98917,-0.0050912,-0.011403,-0.14624,0.050375,0.11773,0.033911
0.98917,-0.0050912,-0.011403,-0.14624,0.050375,0.11773,0.033911
0.98917,-0.0050882,-0.0114,-0.14624,0.050386,0.11772,0.033915
0.98917,-0.0050882,-0.0114,-0.14624,0.050387,0.11772,0.033915
0.98917,-0.0050882,-0.0114,-0.14624,0.050387,0.11772,0.033915
0.98917,-0.0050882,-0.0114,-0.14624,0.050387,0.11772,0.033915
0.98917,-0.0050882,-0.0114,-0.14624,0.050387,0.11772,0.033915
0.98917,-0.0050851,-0.011396,-0.14623,0.050399,0.11771,0.033919
0.98917,-0.0050851,-0.011396,-0.14623,0.050399,0.11771,0.033919
0.98917,-0.0050851,-0.011396,-0.14623,0.050399,0.11771,0.033919
0.98917,-0.0050851,-0.011396,-0.14623,0.050399,0.11771,0.033919
0.98917,-0.0050851,-0.011396,-0.14623,0.050399,0.11771,0.033919
0.98917,-0.005082,-0.011393,-0.14623,0.050411,0.11769,0.033923
0.98917,-0.005082,-0.011393,-0.14623,0.050411,0.11769,0.033923
0.98917,-0.005082,-0.011393,-0.14623,0.050411,0.11769,0.033923
0.98917,-0.005082,-0.011393,-0.14623,0.050411,0.11769,0.033923
0.98917,-0.005082,-0.011393,-0.14623,0.050411,0.11769,0.033923
0.98917,-0.0050789,-0.011389,-0.14623,0.050423,0.11768,0.033927
0.98917,-0.0050789,-0.011389,-0.14623,0.050423,0.11768,0.033927
0.98917,-0.0050789,-0.011389,-0.14623,0.050423,0.11768,0.033927
0.98917,-0.0050789,-0.011389,-0.14623,0.050423,0.11768,0.033927
0.98917,-0.0050789,-0.011389,-0.14623,0.050423,0.11768,0.033927
0.98917,-0.0050759,-0.011386,-0.14623,0.050435,0.11767,0.033931
0.98917,-0.0050759,-0.011386,-0.14623,0.050435,0.11767,0.033931
0.98917,-0.0050759,-0.011386,-0.14623,0.050435,0.11767,0.033931
0.98917,-0.0050759,-0.011386,-0.14623,0.050435,0.11767,0.033931
0.98917,-0.0050759,-0.011386,-0.14623,0.050435,0.11767,0.033931
0.98917,-0.0050729,-0.011382,-0.14622,0.050447,0.11766,0.033935
0.98917,-0.0050729,-0.011382,-0.14622,0.050447,0.11766,0.033935
0.98917,-0.0050729,-0.011382,-0.14622,0.050447,0.11766,0.033936
0.98917,-0.0050729,-0.011382,-0.14622,0.050447,0.11766,0.033936
0.98917,-0.0050729,-0.011382,-0.14622,0.050447,0.11766,0.033936
0.98917,-0.0050698,-0.011379,-0.14622,0.050459,0.11765,0.033939
0.98917,-0.0050698,-0.011379,-0.14622,0.050459,0.11765,0.03394
0.98917,-0.0050698,-0.011379,-0.14622,0.050459,0.11765,0.03394
0.98917,-0.0050698,-0.011379,-0.14622,0.050459,0.11765,0.03394
0.98917,-0.0050698,-0.011379,-0.14622,0.050459,0.11765,0.03394
0.98917,-0.0050669,-0.011375,-0.14622,0.050471,0.11764,0.033944
0.98917,-0.0050669,-0.011375,-0.14622,0.050471,0.11764,0.033944
0.98917,-0.0050669,-0.011375,-0.14622,0.050471,0.11764,0.033944
0.98917,-0.0050669,-0.011375,-0.14622,0.050471,0.11764,0.033944
0.98917,-0.0050669,-0.011375,-0.14622,0.050471,0.11764,0.033944
0.98917,-0.0050638,-0.011372,-0.14622,0.050483,0.11763,0.033948
0.98917,-0.0050638,-0.011372,-0.14622,0.050483,0.11763,0.033948
0.98917,-0.0050638,-0.011372,-0.14622,0.050483,0.11762,0.033948
0.98917,-0.0050638,-0.011372,-0.14622,0.050483,0.11762,0.033948
0.98917,-0.0050638,-0.011372,-0.14622,0.050483,0.11762,0.033948
0.98917,-0.0050607,-0.011368,-0.14621,0.050495,0.11761,0.033952
0.98917,-0.0050607,-0.011368,-0.14621,0.050495,0.11761,0.033952
0.98917,-0.0050607,-0.011368,-0.14621,0.050495,0.11761,0.033952
0.98917,-0.0050607,-0.011368,-0.14621,0.050495,0.11761,0.033952
0.98917,-0.0050607,-0.011368,-0.14621,0.050495,0.11761,0.033952
0.98918,-0.0050576,-0.011365,-0.14621,0.050507,0.1176,0.033956
0.98918,-0.0050576,-0.011365,-0.14621,0.050507,0.1176,0.033956
0.98918,-0.0050576,-0.011365,-0.14621,0.050507,0.1176,0.033956
0.98918,-0.0050576,-0.011365,-0.14621,0.050507,0.1176,0.033956
0.98918,-0.0050576,-0.011365,-0.14621,0.050507,0.1176,0.033956
0.98918,-0.0050545,-0.011361,-0.14621,0.050519,0.11759,0.03396
0.98918,-0.0050545,-0.011361,-0.14621,0.050519,0.11759,0.03396
0.98918,-0.0050545,-0.011361,-0.14621,0.050519,0.11759,0.03396
0.98918,-0.0050545,-0.011361,-0.14621,0.050519,0.11759,0.03396
0.98918,-0.0050545,-0.011361,-0.14621,0.05052,0.11759,0.03396
0.98918,-0.0050515,-0.011358,-0.14621,0.050531,0.11758,0.033964
0.98918,-0.0050515,-0.011358,-0.14621,0.050531,0.11758,0.033964
0.98918,-0.0050515,-0.011358,-0.14621,0.050531,0.11758,0.033964
0.98918,-0.0050515,-0.011358,-0.14621,0.050532,0.11758,0.033964
0.98918,-0.0050515,-0.011358,-0.14621,0.050532,0.11758,0.033964
0.98918,-0.0050484,-0.011354,-0.1462,0.050543,0.11757,0.033968
0.98918,-0.0050484,-0.011354,-0.1462,0.050543,0.11757,0.033968
0.98918,-0.0050484,-0.011354,-0.1462,0.050544,0.11757,0.033968
0.98918,-0.0050484,-0.011354,-0.1462,0.050544,0.11757,0.033968
0.98918,-0.0050484,-0.011354,-0.1462,0.050544,0.11757,0.033968
0.98918,-0.0050454,-0.011351,-0.1462,0.050555,0.11756,0.033972
0.98918,-0.0050454,-0.011351,-0.1462,0.050555,0.11756,0.033972
0.98918,-0.0050454,-0.011351,-0.1462,0.050555,0.11756,0.033972
0.98918,-0.0050454,-0.011351,-0.1462,0.050556,0.11756,0.033972
0.98918,-0.0050454,-0.011351,-0.1462,0.050556,0.11755,0.033972
0.98918,-0.0050423,-0.011347,-0.1462,0.050567,0.11754,0.033976
0.98918,-0.0050423,-0.011347,-0.1462,0.050567,0.11754,0.033976
0.98918,-0.0050423,-0.011347,-0.1462,0.050567,0.11754,0.033976
0.98918,-0.0050423,-0.011347,-0.1462,0.050567,0.11754,0.033976
0.98918,-0.0050423,-0.011347,-0.1462,0.050568,0.11754,0.033976
0.98918,-0.0050393,-0.011344,-0.1462,0.050579,0.11753,0.03398
0.98918,-0.0050393,-0.011344,-0.1462,0.050579,0.11753,0.03398
0.98918,-0.0050393,-0.011344,-0.1462,0.050579,0.11753,0.03398
0.98918,-0.0050393,-0.011344,-0.1462,0.050579,0.11753,0.03398
0.98918,-0.0050393,-0.011344,-0.1462,0.050579,0.11753,0.03398
0.98918,-0.0050362,-0.011341,-0.14619,0.05059,0.11752,0.033984
0.98918,-0.0050362,-0.011341,-0.14619,0.050591,0.11752,0.033984
0.98918,-0.0050362,-0.011341,-0.14619,0.050591,0.11752,0.033984
0.98918,-0.0050362,-0.011341,-0.14619,0.050591,0.11752,0.033984
0.98918,-0.0050362,-0.011341,-0.14619,0.050591,0.11752,0.033984
0.98918,-0.0050332,-0.011337,-0.14619,0.050602,0.11751,0.033988
0.98918,-0.0050332,-0.011337,-0.14619,0.050602,0.11751,0.033988
0.98918,-0.0050332,-0.011337,-0.14619,0.050603,0.11751,0.033988
0.98918,-0.0050332,-0.011337,-0.14619,0.050603,0.11751,0.033988
0.98918,-0.0050332,-0.011337,-0.14619,0.050603,0.11751,0.033988
0.98918,-0.0050301,-0.011334,-0.14619,0.050614,0.1175,0.033991
0.98918,-0.0050301,-0.011334,-0.14619,0.050614,0.1175,0.033991
0.98918,-0.0050301,-0.011334,-0.14619,0.050614,0.1175,0.033991
0.98918,-0.0050301,-0.011334,-0.14619,0.050615,0.1175,0.033991
0.98918,-0.0050301,-0.011334,-0.14619,0.050615,0.1175,0.033991
0.98918,-0.0050271,-0.01133,-0.14619,0.050626,0.11749,0.033995
0.98918,-0.0050271,-0.01133,-0.14619,0.050626,0.11749,0.033995
0.98918,-0.0050271,-0.01133,-0.14619,0.050626,0.11749,0.033995
0.98918,-0.0050271,-0.01133,-0.14619,0.050626,0.11749,0.033995
0.98918,-0.0050271,-0.01133,-0.14619,0.050627,0.11749,0.033995
0.98918,-0.005024,-0.011327,-0.14618,0.050638,0.11748,0.033999
0.98918,-0.005024,-0.011327,-0.14618,0.050638,0.11748,0.033999
0.98918,-0.005024,-0.011327,-0.14618,0.050638,0.11748,0.033999
0.98918,-0.005024,-0.011327,-0.14618,0.050638,0.11748,0.033999
0.98918,-0.005024,-0.011327,-0.14618,0.050638,0.11748,0.033999
0.98918,-0.005021,-0.011324,-0.14618,0.050649,0.11746,0.034003
0.98918,-0.005021,-0.011324,-0.14618,0.05065,0.11746,0.034003
0.98918,-0.005021,-0.011324,-0.14618,0.05065,0.11746,0.034003
0.98918,-0.005021,-0.011324,-0.14618,0.05065,0.11746,0.034003
0.98918,-0.005021,-0.011324,-0.14618,0.05065,0.11746,0.034003
0.98918,-0.005018,-0.01132,-0.14618,0.050661,0.11745,0.034007
0.98918,-0.005018,-0.01132,-0.14618,0.050661,0.11745,0.034007
0.98918,-0.005018,-0.01132,-0.14618,0.050661,0.11745,0.034007
0.98918,-0.005018,-0.01132,-0.14618,0.050661,0.11745,0.034007
0.98918,-0.005018,-0.01132,-0.14618,0.050662,0.11745,0.034007
0.98918,-0.0050149,-0.011317,-0.14618,0.050672,0.11744,0.03401
0.98918,-0.0050149,-0.011317,-0.14618,0.050672,0.11744,0.03401
0.98918,-0.0050149,-0.011317,-0.14618,0.050673,0.11744,0.03401
0.98918,-0.0050149,-0.011317,-0.14618,0.050673,0.11744,0.03401
0.98918,-0.0050149,-0.011317,-0.14618,0.050673,0.11744,0.034011
0.98918,-0.0050119,-0.011314,-0.14617,0.050684,0.11743,0.034014
0.98918,-0.0050119,-0.011314,-0.14617,0.050684,0.11743,0.034014
0.98918,-0.0050119,-0.011314,-0.14617,0.050684,0.11743,0.034014
0.98918,-0.0050119,-0.011314,-0.14617,0.050684,0.11743,0.034014
0.98918,-0.0050119,-0.011314,-0.14617,0.050684,0.11743,0.034014
0.98918,-0.0050088,-0.01131,-0.14617,0.050695,0.11742,0.034018
0.98918,-0.0050088,-0.01131,-0.14617,0.050695,0.11742,0.034018
0.98918,-0.0050088,-0.01131,-0.14617,0.050695,0.11742,0.034018
0.98918,-0.0050088,-0.01131,-0.14617,0.050695,0.11742,0.034018
0.98918,-0.0050088,-0.01131,-0.14617,0.050695,0.11742,0.034018
0.98918,-0.0050057,-0.011307,-0.14617,0.050706,0.11741,0.034021
0.98918,-0.0050057,-0.011307,-0.14617,0.050706,0.11741,0.034021
0.98918,-0.0050057,-0.011307,-0.14617,0.050707,0.11741,0.034021
0.98918,-0.0050057,-0.011307,-0.14617,0.050707,0.11741,0.034021
0.98918,-0.0050057,-0.011307,-0.14617,0.050707,0.11741,0.034021
0.98918,-0.0050027,-0.011304,-0.14617,0.050718,0.1174,0.034025
0.98918,-0.0050027,-0.011304,-0.14617,0.050718,0.1174,0.034025
0.98918,-0.0050027,-0.011304,-0.14617,0.050718,0.1174,0.034025
0.98918,-0.0050027,-0.011304,-0.14617,0.050718,0.1174,0.034025
0.98918,-0.0050027,-0.011304,-0.14617,0.050719,0.1174,0.034025
0.98918,-0.0049996,-0.0113,-0.14617,0.050729,0.11739,0.034029
0.98918,-0.0049996,-0.0113,-0.14617,0.05073,0.11739,0.034029
0.98918,-0.0049996,-0.0113,-0.14617,0.05073,0.11739,0.034029
0.98918,-0.0049996,-0.0113,-0.14617,0.05073,0.11739,0.034029
0.98918,-0.0049996,-0.0113,-0.14617,0.05073,0.11739,0.034029
0.98918,-0.0049966,-0.011297,-0.14616,0.050741,0.11738,0.034032
0.98918,-0.0049966,-0.011297,-0.14616,0.050741,0.11738,0.034032
0.98918,-0.0049966,-0.011297,-0.14616,0.050741,0.11738,0.034032
0.98918,-0.0049966,-0.011297,-0.14616,0.050742,0.11738,0.034032
0.98918,-0.0049966,-0.011297,-0.14616,0.050742,0.11738,0.034032
0.98918,-0.0049935,-0.011294,-0.14616,0.050753,0.11737,0.034036
0.98918,-0.0049935,-0.011294,-0.14616,0.050753,0.11737,0.034036
0.98918,-0.0049935,-0.011294,-0.14616,0.050753,0.11737,0.034036
0.98918,-0.0049935,-0.011294,-0.14616,0.050753,0.11737,0.034036
0.98918,-0.0049935,-0.011294,-0.14616,0.050753,0.11737,0.034036
0.98918,-0.0049905,-0.01129,-0.14616,0.050764,0.11736,0.03404
0.98918,-0.0049905,-0.01129,-0.14616,0.050764,0.11736,0.03404
0.98918,-0.0049905,-0.01129,-0.14616,0.050765,0.11736,0.03404
0.98918,-0.0049905,-0.01129,-0.14616,0.050765,0.11736,0.03404
0.98918,-0.0049905,-0.01129,-0.14616,0.050765,0.11736,0.03404
0.98918,-0.0049874,-0.011287,-0.14616,0.050776,0.11734,0.034043
0.98918,-0.0049874,-0.011287,-0.14616,0.050776,0.11734,0.034044
0.98918,-0.0049874,-0.011287,-0.14616,0.050776,0.11734,0.034044
0.98918,-0.0049874,-0.011287,-0.14616,0.050776,0.11734,0.034044
0.98918,-0.0049874,-0.011287,-0.14616,0.050777,0.11734,0.034044
0.98918,-0.0049843,-0.011284,-0.14615,0.050787,0.11733,0.034047
0.98918,-0.0049843,-0.011284,-0.14615,0.050788,0.11733,0.034047
0.98918,-0.0049843,-0.011284,-0.14615,0.050788,0.11733,0.034047
0.98918,-0.0049843,-0.011284,-0.14615,0.050788,0.11733,0.034047
0.98918,-0.0049843,-0.011284,-0.14615,0.050788,0.11733,0.034048
0.98919,-0.0049813,-0.01128,-0.14615,0.050799,0.11732,0.034051
0.98919,-0.0049813,-0.01128,-0.14615,0.050799,0.11732,0.034051
0.98919,-0.0049813,-0.01128,-0.14615,0.050799,0.11732,0.034051
0.98919,-0.0049813,-0.01128,-0.14615,0.050799,0.11732,0.034051
0.98919,-0.0049813,-0.01128,-0.14615,0.0508,0.11732,0.034051
0.98919,-0.0049782,-0.011277,-0.14615,0.05081,0.11731,0.034055
0.98919,-0.0049782,-0.011277,-0.14615,0.05081,0.11731,0.034055
0.98919,-0.0049782,-0.011277,-0.14615,0.050811,0.11731,0.034055
0.98919,-0.0049782,-0.011277,-0.14615,0.050811,0.11731,0.034055
0.98919,-0.0049782,-0.011277,-0.14615,0.050811,0.11731,0.034055
0.98919,-0.0049782,-0.011277,-0.14615,0.050821,0.1173,0.034059
0.98919,-0.0049782,-0.011277,-0.14615,0.050822,0.1173,0.034059
0.98919,-0.0049782,-0.011277,-0.14615,0.050822,0.1173,0.034059
0.98919,-0.0049782,-0.011277,-0.14615,0.050822,0.1173,0.034059
0.98919,-0.0049782,-0.011277,-0.14615,0.050823,0.1173,0.034059
0.98919,-0.0049752,-0.011274,-0.14615,0.050833,0.11729,0.034062
0.98919,-0.0049752,-0.011274,-0.14615,0.050833,0.11729,0.034062
0.98919,-0.0049752,-0.011274,-0.14615,0.050834,0.11729,0.034063
0.98919,-0.0049752,-0.011274,-0.14615,0.050834,0.11729,0.034063
0.98919,-0.0049752,-0.011274,-0.14615,0.050834,0.11729,0.034063
0.98919,-0.0049722,-0.01127,-0.14615,0.050845,0.11728,0.034066
0.98919,-0.0049722,-0.01127,-0.14615,0.050845,0.11728,0.034066
0.98919,-0.0049722,-0.01127,-0.14615,0.050845,0.11728,0.034066
0.98919,-0.0049722,-0.01127,-0.14615,0.050846,0.11728,0.034067
0.98919,-0.0049722,-0.01127,-0.14615,0.050846,0.11728,0.034067
0.98919,-0.0049691,-0.011267,-0.14614,0.050856,0.11727,0.03407
0.98919,-0.0049691,-0.011267,-0.14614,0.050857,0.11727,0.03407
0.98919,-0.0049691,-0.011267,-0.14614,0.050857,0.11727,0.03407
0.98919,-0.0049691,-0.011267,-0.14614,0.050857,0.11727,0.03407
0.98919,-0.0049691,-0.011267,-0.14614,0.050857,0.11727,0.03407
0.98919,-0.0049691,-0.011267,-0.14614,0.050868,0.11726,0.034074
0.98919,-0.0049691,-0.011267,-0.14614,0.050868,0.11726,0.034074
0.98919,-0.0049691,-0.011267,-0.14614,0.050868,0.11726,0.034074
0.98919,-0.0049691,-0.011267,-0.14614,0.050869,0.11726,0.034074
0.98919,-0.0049691,-0.011267,-0.14614,0.050869,0.11726,0.034075
0.98919,-0.0049661,-0.011264,-0.14614,0.05088,0.11725,0.034078
0.98919,-0.0049661,-0.011264,-0.14614,0.05088,0.11725,0.034078
0.98919,-0.0049661,-0.011264,-0.14614,0.05088,0.11725,0.034078
0.98919,-0.0049661,-0.011264,-0.14614,0.05088,0.11725,0.034079
0.98919,-0.0049661,-0.011264,-0.14614,0.050881,0.11725,0.034079
0.98919,-0.0049631,-0.011261,-0.14614,0.050891,0.11724,0.034082
0.98919,-0.0049631,-0.011261,-0.14614,0.050892,0.11724,0.034082
0.98919,-0.0049631,-0.011261,-0.14614,0.050892,0.11724,0.034083
0.98919,-0.0049631,-0.011261,-0.14614,0.050892,0.11724,0.034083
0.98919,-0.0049631,-0.011261,-0.14614,0.050892,0.11724,0.034083
0.98919,-0.00496,-0.011257,-0.14614,0.050903,0.11722,0.034086
0.98919,-0.00496,-0.011257,-0.14614,0.050903,0.11722,0.034087
0.98919,-0.00496,-0.011257,-0.14614,0.050904,0.11722,0.034087
0.98919,-0.00496,-0.011257,-0.14614,0.050904,0.11722,0.034087
0.98919,-0.00496,-0.011257,-0.14614,0.050904,0.11722,0.034087
0.98919,-0.00496,-0.011257,-0.14614,0.050914,0.11721,0.034091
0.98919,-0.00496,-0.011257,-0.14614,0.050914,0.11721,0.034091
0.98919,-0.00496,-0.011257,-0.14614,0.050915,0.11721,0.034091
0.98919,-0.00496,-0.011257,-0.14614,0.050915,0.11721,0.034091
0.98919,-0.00496,-0.011257,-0.14614,0.050915,0.11721,0.034091
0.98919,-0.00496,-0.011257,-0.14614,0.050925,0.1172,0.034095
0.98919,-0.00496,-0.011257,-0.14614,0.050926,0.1172,0.034095
0.98919,-0.00496,-0.011257,-0.14614,0.050926,0.1172,0.034095
0.98919,-0.00496,-0.011257,-0.14614,0.050926,0.1172,0.034095
0.98919,-0.00496,-0.011257,-0.14614,0.050926,0.1172,0.034095
0.98919,-0.00496,-0.011257,-0.14614,0.050936,0.11719,0.034099
0.98919,-0.00496,-0.011257,-0.14614,0.050937,0.11719,0.034099
0.98919,-0.00496,-0.011257,-0.14614,0.050937,0.11719,0.034099
0.98919,-0.00496,-0.011257,-0.14614,0.050937,0.11719,0.034099
0.98919,-0.00496,-0.011257,-0.14614,0.050937,0.11719,0.034099
0.98919,-0.004957,-0.011254,-0.14613,0.050948,0.11718,0.034103
0.98919,-0.004957,-0.011254,-0.14613,0.050948,0.11718,0.034103
0.98919,-0.004957,-0.011254,-0.14613,0.050948,0.11718,0.034103
0.98919,-0.004957,-0.011254,-0.14613,0.050949,0.11718,0.034103
0.98919,-0.004957,-0.011254,-0.14613,0.050949,0.11718,0.034103
0.98919,-0.004957,-0.011254,-0.14613,0.050959,0.11717,0.034107
0.98919,-0.004957,-0.011254,-0.14613,0.050959,0.11717,0.034107
0.98919,-0.004957,-0.011254,-0.14613,0.050959,0.11717,0.034107
0.98919,-0.004957,-0.011254,-0.14613,0.05096,0.11717,0.034107
0.98919,-0.004957,-0.011254,-0.14613,0.05096,0.11717,0.034107
0.98919,-0.004957,-0.011254,-0.14613,0.05097,0.11716,0.034111
0.98919,-0.004957,-0.011254,-0.14613,0.05097,0.11716,0.034111
0.98919,-0.004957,-0.011254,-0.14613,0.050971,0.11716,0.034111
0.98919,-0.004957,-0.011254,-0.14613,0.050971,0.11716,0.034111
0.98919,-0.004957,-0.011254,-0.14613,0.050971,0.11716,0.034111
0.98919,-0.004957,-0.011254,-0.14613,0.050981,0.11715,0.034115
0.98919,-0.004957,-0.011254,-0.14613,0.050982,0.11715,0.034115
0.98919,-0.004957,-0.011254,-0.14613,0.050982,0.11715,0.034115
0.98919,-0.004957,-0.011254,-0.14613,0.050982,0.11715,0.034115
0.98919,-0.004957,-0.011254,-0.14613,0.050983,0.11715,0.034115
0.98919,-0.004957,-0.011254,-0.14613,0.050993,0.11714,0.034119
0.98919,-0.004957,-0.011254,-0.14613,0.050993,0.11714,0.034119
0.98919,-0.004957,-0.011254,-0.14613,0.050993,0.11714,0.034119
0.98919,-0.004957,-0.011254,-0.14613,0.050994,0.11714,0.034119
0.98919,-0.004957,-0.011254,-0.14613,0.050994,0.11714,0.03412
0.98919,-0.004957,-0.011254,-0.14613,0.051004,0.11713,0.034123
0.98919,-0.004957,-0.011254,-0.14613,0.051004,0.11713,0.034123
0.98919,-0.004957,-0.011254,-0.14613,0.051005,0.11713,0.034123
0.98919,-0.004957,-0.011254,-0.14613,0.051005,0.11713,0.034123
0.98919,-0.004957,-0.011254,-0.14613,0.051005,0.11713,0.034124
0.98919,-0.004957,-0.011254,-0.14613,0.051015,0.11712,0.034127
0.98919,-0.004957,-0.011254,-0.14613,0.051016,0.11712,0.034127
0.98919,-0.004957,-0.011254,-0.14613,0.051016,0.11712,0.034127
0.98919,-0.004957,-0.011254,-0.14613,0.051016,0.11712,0.034128
0.98919,-0.004957,-0.011254,-0.14613,0.051016,0.11712,0.034128
0.98919,-0.004957,-0.011254,-0.14613,0.051027,0.11711,0.034131
0.98919,-0.004957,-0.011254,-0.14613,0.051027,0.11711,0.034131
0.98919,-0.004957,-0.011254,-0.14613,0.051027,0.11711,0.034132
0.98919,-0.004957,-0.011254,-0.14613,0.051027,0.11711,0.034132
0.98919,-0.004957,-0.011254,-0.14613,0.051028,0.11711,0.034132
0.98919,-0.004957,-0.011254,-0.14613,0.051038,0.1171,0.034136
0.98919,-0.004957,-0.011254,-0.14613,0.051038,0.1171,0.034136
0.98919,-0.004957,-0.011254,-0.14613,0.051038,0.1171,0.034136
0.98919,-0.004957,-0.011254,-0.14613,0.051039,0.1171,0.034136
0.98919,-0.004957,-0.011254,-0.14613,0.051039,0.1171,0.034136
0.98919,-0.004957,-0.011254,-0.14613,0.051049,0.11709,0.03414
0.98919,-0.004957,-0.011254,-0.14613,0.051049,0.11709,0.03414
0.98919,-0.004957,-0.011254,-0.14613,0.05105,0.11709,0.03414
0.98919,-0.004957,-0.011254,-0.14613,0.05105,0.11709,0.03414
0.98919,-0.004957,-0.011254,-0.14613,0.05105,0.11709,0.03414
0.98919,-0.004957,-0.011254,-0.14613,0.05106,0.11708,0.034144
0.98919,-0.004957,-0.011254,-0.14613,0.051061,0.11708,0.034144
0.98919,-0.004957,-0.011254,-0.14613,0.051061,0.11708,0.034144
0.98919,-0.004957,-0.011254,-0.14613,0.051061,0.11708,0.034144
0.98919,-0.004957,-0.011254,-0.14613,0.051061,0.11708,0.034145
0.98919,-0.004957,-0.011254,-0.14613,0.051071,0.11707,0.034148
0.98919,-0.004957,-0.011254,-0.14613,0.051072,0.11707,0.034148
0.98919,-0.004957,-0.011254,-0.14613,0.051072,0.11707,0.034149
0.98919,-0.004957,-0.011254,-0.14613,0.051072,0.11707,0.034149
0.98919,-0.004957,-0.011254,-0.14613,0.051073,0.11707,0.034149
0.98919,-0.004957,-0.011254,-0.14613,0.051083,0.11706,0.034153
0.98919,-0.004957,-0.011254,-0.14613,0.051083,0.11706,0.034153
0.98919,-0.004957,-0.011254,-0.14613,0.051083,0.11706,0.034153
0.98919,-0.004957,-0.011254,-0.14613,0.051084,0.11706,0.034153
0.98919,-0.004957,-0.011254,-0.14613,0.051084,0.11706,0.034154
0.98919,-0.004957,-0.011254,-0.14613,0.051094,0.11705,0.034157
0.98919,-0.004957,-0.011254,-0.14613,0.051094,0.11705,0.034158
0.98919,-0.004957,-0.011254,-0.14613,0.051095,0.11705,0.034158
0.98919,-0.004957,-0.011254,-0.14613,0.051095,0.11704,0.034158
0.98919,-0.004957,-0.011254,-0.14613,0.051095,0.11704,0.034158
0.98919,-0.004957,-0.011254,-0.14613,0.051105,0.11703,0.034162
0.98919,-0.004957,-0.011254,-0.14613,0.051105,0.11703,0.034162
0.98919,-0.004957,-0.011254,-0.14613,0.051106,0.11703,0.034162
0.98919,-0.004957,-0.011254,-0.14613,0.051106,0.11703,0.034162
0.98919,-0.004957,-0.011254,-0.14613,0.051106,0.11703,0.034162
0.98919,-0.004957,-0.011254,-0.14613,0.051116,0.11702,0.034166
0.98919,-0.004957,-0.011254,-0.14613,0.051116,0.11702,0.034166
0.98919,-0.004957,-0.011254,-0.14613,0.051117,0.11702,0.034166
0.98919,-0.004957,-0.011254,-0.14613,0.051117,0.11702,0.034166
0.98919,-0.004957,-0.011254,-0.14613,0.051117,0.11702,0.034167
0.98919,-0.004957,-0.011254,-0.14613,0.051127,0.11701,0.03417
0.98919,-0.004957,-0.011254,-0.14613,0.051128,0.11701,0.034171
0.98919,-0.004957,-0.011254,-0.14613,0.051128,0.11701,0.034171
0.98919,-0.004957,-0.011254,-0.14613,0.051128,0.11701,0.034171
0.98919,-0.004957,-0.011254,-0.14613,0.051129,0.11701,0.034171
0.98919,-0.004957,-0.011254,-0.14613,0.051139,0.117,0.034175
0.98919,-0.004957,-0.011254,-0.14613,0.051139,0.117,0.034175
0.98919,-0.004957,-0.011254,-0.14613,0.051139,0.117,0.034175
0.98919,-0.004957,-0.011254,-0.14613,0.051139,0.117,0.034176
0.98919,-0.004957,-0.011254,-0.14613,0.05114,0.117,0.034176
0.98919,-0.004957,-0.011254,-0.14613,0.05115,0.11699,0.03418
0.98919,-0.004957,-0.011254,-0.14613,0.05115,0.11699,0.03418
0.98919,-0.004957,-0.011254,-0.14613,0.05115,0.11699,0.03418
0.98919,-0.004957,-0.011254,-0.14613,0.051151,0.11699,0.03418
0.98919,-0.004957,-0.011254,-0.14613,0.051151,0.11699,0.03418
0.98919,-0.004957,-0.011254,-0.14613,0.051161,0.11698,0.034184
0.98919,-0.004957,-0.011254,-0.14613,0.051161,0.11698,0.034184
0.98919,-0.004957,-0.011254,-0.14613,0.051161,0.11698,0.034185
0.98919,-0.004957,-0.011254,-0.14613,0.051162,0.11698,0.034185
0.98919,-0.004957,-0.011254,-0.14613,0.051162,0.11698,0.034185
0.98919,-0.0049539,-0.011251,-0.14613,0.051172,0.11697,0.034188
0.98919,-0.0049539,-0.011251,-0.14613,0.051173,0.11697,0.034188
0.98919,-0.0049539,-0.011251,-0.14613,0.051173,0.11697,0.034189
0.98919,-0.0049539,-0.011251,-0.14613,0.051173,0.11697,0.034189
0.98919,-0.0049539,-0.011251,-0.14613,0.051174,0.11697,0.034189
0.98919,-0.0049539,-0.011251,-0.14613,0.051184,0.11696,0.034193
0.98919,-0.0049539,-0.011251,-0.14613,0.051184,0.11696,0.034193
0.98919,-0.0049539,-0.011251,-0.14613,0.051184,0.11696,0.034193
0.98919,-0.0049539,-0.011251,-0.14613,0.051184,0.11696,0.034193
0.98919,-0.0049539,-0.011251,-0.14613,0.051185,0.11696,0.034194
0.98919,-0.0049539,-0.011251,-0.14613,0.051195,0.11695,0.034197
0.98919,-0.0049539,-0.011251,-0.14613,0.051195,0.11695,0.034197
0.98919,-0.0049539,-0.011251,-0.14613,0.051195,0.11695,0.034198
0.98919,-0.0049539,-0.011251,-0.14613,0.051196,0.11695,0.034198
0.98919,-0.0049539,-0.011251,-0.14613,0.051196,0.11695,0.034198
0.98919,-0.0049539,-0.011251,-0.14613,0.051206,0.11694,0.034202
0.98919,-0.0049539,-0.011251,-0.14613,0.051206,0.11694,0.034202
0.98919,-0.0049539,-0.011251,-0.14613,0.051207,0.11694,0.034202
0.98919,-0.0049539,-0.011251,-0.14613,0.051207,0.11694,0.034202
0.98919,-0.0049539,-0.011251,-0.14613,0.051207,0.11694,0.034202
0.98919,-0.0049539,-0.011251,-0.14613,0.051217,0.11693,0.034206
0.98919,-0.0049539,-0.011251,-0.14613,0.051217,0.11693,0.034206
0.98919,-0.0049539,-0.011251,-0.14613,0.051218,0.11693,0.034206
0.98919,-0.0049539,-0.011251,-0.14613,0.051218,0.11693,0.034207
0.98919,-0.0049539,-0.011251,-0.14613,0.051218,0.11693,0.034207
0.98919,-0.0049539,-0.011251,-0.14613,0.051228,0.11692,0.03421
0.98919,-0.0049539,-0.011251,-0.14613,0.051228,0.11692,0.034211
0.98919,-0.0049539,-0.011251,-0.14613,0.051229,0.11692,0.034211
0.98919,-0.0049539,-0.011251,-0.14613,0.051229,0.11692,0.034211
0.98919,-0.0049539,-0.011251,-0.14613,0.051229,0.11692,0.034211
0.98919,-0.0049539,-0.011251,-0.14613,0.051239,0.11691,0.034215
0.98919,-0.0049539,-0.011251,-0.14613,0.051239,0.11691,0.034215
0.98919,-0.0049539,-0.011251,-0.14613,0.05124,0.11691,0.034216
0.98919,-0.0049539,-0.011251,-0.14613,0.05124,0.11691,0.034216
0.98919,-0.0049539,-0.011251,-0.14613,0.05124,0.11691,0.034216
0.98919,-0.0049539,-0.011251,-0.14613,0.05125,0.1169,0.03422
