0.30713,0.66442,0.59203,-0.33722,0.88563,-0.048494,0.75451,0
0.30713,0.66442,0.59203,-0.33722,0.88563,-0.048494,0.75451,0.1
0.30837,0.66409,0.59131,-0.338,0.88766,-0.048475,0.75152,0.2
0.30774,0.66459,0.59127,-0.33767,0.88677,-0.047627,0.75294,0.3
0.30784,0.66495,0.59147,-0.3365,0.88518,-0.049538,0.75513,0.4
0.3078,0.66439,0.5919,-0.33689,0.88562,-0.049169,0.75516,0.5
0.30834,0.6641,0.59202,-0.33677,0.88632,-0.049905,0.75455,0.6
0.30814,0.66448,0.59174,-0.33669,0.88625,-0.048818,0.7546,0.7
0.30836,0.66507,0.59206,-0.33475,0.88419,-0.050482,0.75787,0.8
0.30943,0.6657,0.59054,-0.33519,0.88548,-0.052817,0.75649,0.9
0.30963,0.66438,0.59142,-0.33608,0.8867,-0.052828,0.75564,1
0.30989,0.66365,0.59131,-0.33747,0.88849,-0.051477,0.75357,1.1
0.30912,0.66423,0.59129,-0.33708,0.88717,-0.050683,0.75526,1.2
0.30927,0.66507,0.59092,-0.33593,0.88607,-0.052397,0.75608,1.3
0.30931,0.66531,0.59118,-0.33496,0.88571,-0.052546,0.75597,1.4
0.30943,0.6656,0.59052,-0.33541,0.88684,-0.051918,0.75415,1.5
0.31,0.66636,0.58984,-0.33461,0.88655,-0.053161,0.7541,1.6
0.30956,0.66657,0.58982,-0.33463,0.8862,-0.052532,0.75423,1.7
0.3093,0.66705,0.58959,-0.33431,0.88571,-0.053112,0.75478,1.8
0.3097,0.66709,0.58951,-0.334,0.88609,-0.053676,0.75416,1.9
0.30994,0.66728,0.58929,-0.33377,0.88631,-0.05292,0.75386,2
0.30973,0.66741,0.58873,-0.3347,0.88755,-0.050626,0.75237,2.1
0.31018,0.66792,0.58878,-0.33317,0.88587,-0.05457,0.75405,2.2
0.30975,0.66791,0.58893,-0.33333,0.88543,-0.053946,0.7543,2.3
0.31073,0.66762,0.58888,-0.3331,0.88626,-0.053496,0.75334,2.4
0.31159,0.66844,0.58773,-0.33268,0.88664,-0.054412,0.75187,2.5
0.31007,0.6692,0.58728,-0.33338,0.8861,-0.051436,0.75146,2.6
0.3106,0.66958,0.58721,-0.33222,0.88514,-0.052816,0.7521,2.7
0.31048,0.67062,0.58602,-0.33232,0.88491,-0.053547,0.75129,2.8
0.30983,0.67116,0.58548,-0.33282,0.88522,-0.052627,0.74998,2.9
0.30897,0.67169,0.58499,-0.33341,0.88549,-0.049355,0.74887,3
0.30845,0.67311,0.58314,-0.33426,0.88479,-0.049423,0.74901,3.1
0.30836,0.67417,0.58242,-0.33346,0.88296,-0.049418,0.75121,3.2
0.30943,0.67509,0.58145,-0.3323,0.88256,-0.051477,0.75158,3.3
0.30882,0.67654,0.57973,-0.33293,0.8822,-0.050166,0.75175,3.4
0.30988,0.67653,0.57917,-0.33294,0.88291,-0.051152,0.75078,3.5
0.31027,0.67665,0.5788,-0.33297,0.88321,-0.052611,0.75014,3.6
0.31002,0.67693,0.57899,-0.33229,0.88139,-0.054869,0.75219,3.7
0.31104,0.67595,0.5794,-0.33263,0.88208,-0.054396,0.75143,3.8
0.31186,0.67693,0.5785,-0.33143,0.88097,-0.057228,0.75232,3.9
0.31152,0.67762,0.57822,-0.33084,0.8799,-0.057839,0.75336,4
0.31249,0.67808,0.57741,-0.3304,0.87954,-0.060916,0.75331,4.1
0.31229,0.67832,0.57729,-0.33029,0.87825,-0.062034,0.75452,4.2
0.31262,0.67815,0.57748,-0.33001,0.87771,-0.064557,0.75508,4.3
0.31264,0.67831,0.57714,-0.33025,0.8777,-0.065537,0.75461,4.4
0.31269,0.67848,0.57668,-0.33064,0.8779,-0.065075,0.75381,4.5
0.31263,0.67945,0.57562,-0.33056,0.87804,-0.067874,0.75297,4.6
0.31179,0.67973,0.57558,-0.33083,0.87702,-0.066265,0.75362,4.7
0.3119,0.68108,0.57453,-0.32979,0.87562,-0.068042,0.75452,4.8
0.31254,0.68191,0.57398,-0.32842,0.87477,-0.07101,0.75464,4.9
0.31139,0.68246,0.57324,-0.32966,0.875,-0.069193,0.75351,5
0.31147,0.68261,0.57282,-0.33001,0.87419,-0.071044,0.75323,5.1
0.31099,0.68324,0.57208,-0.33044,0.87373,-0.071128,0.75329,5.2
0.31117,0.68348,0.57208,-0.32978,0.87166,-0.074376,0.75406,5.3
0.31104,0.68409,0.57108,-0.33037,0.87109,-0.074019,0.75386,5.4
0.3116,0.68459,0.57017,-0.33038,0.87234,-0.075119,0.75105,5.5
0.31151,0.68555,0.57023,-0.32836,0.87052,-0.076931,0.75195,5.6
0.31216,0.68735,0.56825,-0.32741,0.87009,-0.077638,0.75195,5.7
0.31337,0.6895,0.56558,-0.32636,0.86991,-0.078858,0.75169,5.8
0.3134,0.69233,0.5629,-0.32497,0.86844,-0.081429,0.75355,5.9
0.31374,0.69327,0.56154,-0.32499,0.86823,-0.08488,0.75435,6
0.31419,0.69366,0.5608,-0.32501,0.86841,-0.0869,0.75471,6.1
0.31476,0.69429,0.56013,-0.32426,0.8683,-0.089252,0.75531,6.2
0.31592,0.69554,0.55887,-0.32261,0.86815,-0.093008,0.75557,6.3
0.31651,0.69707,0.55707,-0.32184,0.86835,-0.095863,0.75486,6.4
0.3166,0.69816,0.55621,-0.32088,0.86876,-0.096418,0.75448,6.5
0.31822,0.69867,0.55511,-0.32008,0.87054,-0.099421,0.75146,6.6
0.31895,0.70001,0.55396,-0.31841,0.87036,-0.10184,0.7506,6.7
0.31849,0.70197,0.55361,-0.31515,0.8671,-0.10708,0.75316,6.8
0.31852,0.70234,0.55351,-0.31447,0.86806,-0.108,0.75118,6.9
0.31926,0.70333,0.55193,-0.31427,0.86959,-0.10863,0.74829,7
0.31915,0.70494,0.55105,-0.31233,0.86744,-0.11139,0.75006,7.1
0.32082,0.70586,0.5498,-0.31073,0.86817,-0.11487,0.74791,7.2
0.32147,0.70696,0.54869,-0.30952,0.86869,-0.11506,0.74661,7.3
0.32234,0.70842,0.54725,-0.30781,0.86804,-0.11825,0.74644,7.4
0.32258,0.70916,0.54644,-0.30731,0.86843,-0.12061,0.74603,7.5
0.32318,0.71032,0.54473,-0.30705,0.86865,-0.12188,0.7465,7.6
0.32522,0.7118,0.54247,-0.30547,0.8687,-0.12601,0.74695,7.7
0.32554,0.71323,0.53985,-0.30641,0.87058,-0.12661,0.74611,7.8
0.32672,0.71418,0.53831,-0.30564,0.87175,-0.12965,0.74689,7.9
0.32722,0.71507,0.53711,-0.30514,0.87281,-0.13274,0.74785,8
0.3292,0.71502,0.53659,-0.30404,0.87435,-0.13826,0.74809,8.1
0.33002,0.71554,0.53608,-0.30284,0.87433,-0.14151,0.7511,8.2
0.33246,0.71506,0.53452,-0.30405,0.87746,-0.14786,0.74926,8.3
0.3345,0.7134,0.53494,-0.30499,0.87996,-0.15212,0.74873,8.4
0.33672,0.7126,0.53502,-0.30426,0.88124,-0.15843,0.74953,8.5
0.33821,0.71144,0.53565,-0.30421,0.88339,-0.16279,0.74953,8.6
0.33947,0.7112,0.53517,-0.30422,0.88577,-0.1679,0.74905,8.7
0.34008,0.71092,0.53461,-0.30516,0.88858,-0.17074,0.74828,8.8
0.34207,0.71062,0.53431,-0.30418,0.89016,-0.17427,0.74875,8.9
0.34369,0.71093,0.53329,-0.30342,0.89202,-0.17795,0.74898,9
0.34464,0.71153,0.53225,-0.30275,0.89334,-0.18266,0.74932,9.1
0.34648,0.71126,0.53216,-0.30144,0.89453,-0.187,0.74999,9.2
0.34803,0.71166,0.53119,-0.30042,0.89588,-0.19137,0.74985,9.3
0.34937,0.71188,0.53098,-0.29872,0.89621,-0.19671,0.75112,9.4
0.34987,0.71241,0.53033,-0.29802,0.89711,-0.19885,0.75144,9.5
0.35117,0.713,0.5293,-0.29691,0.89849,-0.20171,0.75107,9.6
0.35199,0.71421,0.52791,-0.2955,0.89899,-0.20452,0.75143,9.7
0.35225,0.71596,0.52578,-0.29476,0.89965,-0.20788,0.75175,9.8
0.3528,0.71669,0.52491,-0.29387,0.90045,-0.20853,0.75248,9.9
0.35346,0.7185,0.52219,-0.29351,0.90208,-0.21096,0.75104,10
0.35357,0.71964,0.52127,-0.29221,0.90175,-0.21318,0.75211,10.1
0.35376,0.72155,0.51908,-0.29116,0.90158,-0.21623,0.75274,10.2
0.35411,0.72227,0.51794,-0.29097,0.9029,-0.21674,0.75221,10.3
0.35394,0.72442,0.51595,-0.28938,0.9019,-0.21927,0.75389,10.4
0.35399,0.72555,0.51409,-0.28977,0.90402,-0.21991,0.75259,10.5
0.35492,0.72625,0.51313,-0.28862,0.90346,-0.22442,0.75376,10.6
0.35531,0.72623,0.51239,-0.28949,0.90472,-0.2256,0.7534,10.7
0.35624,0.72649,0.51195,-0.28846,0.90482,-0.22894,0.75407,10.8
0.35808,0.72622,0.51211,-0.2866,0.90421,-0.23323,0.75496,10.9
0.35853,0.72691,0.5106,-0.28696,0.90601,-0.23416,0.75351,11
0.36002,0.72752,0.50957,-0.28538,0.90576,-0.23772,0.7544,11.1
0.36119,0.72841,0.50803,-0.28436,0.90605,-0.24113,0.75452,11.2
0.3616,0.72905,0.50718,-0.28373,0.9071,-0.24421,0.75395,11.3
0.36158,0.73028,0.50586,-0.28295,0.9086,-0.24585,0.75326,11.4
0.36301,0.73112,0.50422,-0.28186,0.91096,-0.24842,0.75123,11.5
0.36344,0.7331,0.50241,-0.2794,0.9105,-0.2533,0.75267,11.6
0.36407,0.73395,0.5009,-0.27905,0.91205,-0.25619,0.7524,11.7
0.36487,0.73506,0.49871,-0.279,0.91335,-0.25935,0.75238,11.8
0.36503,0.73616,0.49708,-0.2788,0.91501,-0.26167,0.7528,11.9
0.36539,0.73704,0.49628,-0.27744,0.9158,-0.26564,0.75329,12
0.36674,0.73801,0.49503,-0.27529,0.91649,-0.27016,0.75425,12.1
0.36739,0.73997,0.49218,-0.27428,0.91741,-0.27508,0.75487,12.2
0.3677,0.74054,0.49179,-0.27303,0.91727,-0.28036,0.7568,12.3
0.36863,0.74064,0.49076,-0.27335,0.91878,-0.28575,0.75645,12.4
0.36885,0.74094,0.49011,-0.27341,0.91946,-0.28985,0.75802,12.5
0.36975,0.7408,0.48927,-0.27409,0.92126,-0.29529,0.75728,12.6
0.37028,0.74067,0.48894,-0.27429,0.92148,-0.301,0.75857,12.7
0.37112,0.74084,0.48791,-0.27454,0.9211,-0.31061,0.7591,12.8
0.37093,0.74032,0.48764,-0.27666,0.92261,-0.31572,0.7585,12.9
0.37179,0.73951,0.48771,-0.27758,0.92332,-0.3224,0.75832,13
0.37227,0.73839,0.48892,-0.27774,0.92314,-0.32801,0.75952,13.1
0.3726,0.73825,0.48854,-0.27836,0.9239,-0.33257,0.75947,13.2
0.37301,0.73785,0.48739,-0.28088,0.92766,-0.33313,0.7569,13.3
0.37396,0.73797,0.48639,-0.28104,0.92872,-0.33647,0.75676,13.4
0.37428,0.73882,0.48584,-0.27932,0.92676,-0.34092,0.75981,13.5
0.37506,0.73891,0.48586,-0.27799,0.92655,-0.34431,0.76123,13.6
0.37664,0.73919,0.48431,-0.27783,0.92802,-0.34823,0.76023,13.7
0.37597,0.73996,0.48394,-0.27733,0.92616,-0.34926,0.76417,13.8
0.37818,0.73927,0.48455,-0.27508,0.92421,-0.35471,0.76666,13.9
0.37953,0.73911,0.48332,-0.27579,0.92453,-0.35763,0.76627,14
0.38014,0.73837,0.48333,-0.27693,0.92505,-0.35831,0.76628,14.1
0.3818,0.73784,0.48339,-0.27596,0.92341,-0.36321,0.76621,14.2
0.38169,0.73762,0.48402,-0.2756,0.9216,-0.36488,0.76724,14.3
0.38205,0.73714,0.48459,-0.2754,0.91839,-0.36923,0.76854,14.4
0.38324,0.73614,0.48486,-0.27593,0.91678,-0.37137,0.76812,14.5
0.38433,0.73504,0.48576,-0.27577,0.91524,-0.37389,0.76674,14.6
0.38312,0.73464,0.48662,-0.27699,0.91439,-0.3731,0.76563,14.7
0.38369,0.73456,0.48631,-0.27696,0.91366,-0.37555,0.76268,14.8
0.38278,0.73498,0.48632,-0.27706,0.91283,-0.37201,0.76196,14.9
0.38328,0.73571,0.48534,-0.27618,0.91134,-0.3736,0.76025,15
0.38364,0.73595,0.48516,-0.27536,0.90932,-0.37774,0.75872,15.1
0.38402,0.73504,0.48672,-0.2745,0.90749,-0.38192,0.7571,15.2
0.38528,0.7344,0.48756,-0.27295,0.90681,-0.3845,0.75494,15.3
0.38568,0.73512,0.48657,-0.27222,0.90674,-0.38372,0.7535,15.4
0.38582,0.73607,0.48548,-0.27138,0.90499,-0.38454,0.75427,15.5
0.38639,0.73644,0.48432,-0.27165,0.9051,-0.38361,0.75433,15.6
0.38873,0.73628,0.48397,-0.26937,0.90386,-0.38657,0.75451,15.7
0.39099,0.7372,0.48226,-0.26662,0.901,-0.39256,0.75591,15.8
0.39245,0.73745,0.48065,-0.26669,0.89991,-0.39409,0.75765,15.9
0.39452,0.73663,0.47933,-0.26827,0.89932,-0.39532,0.75932,16
0.39883,0.73453,0.47913,-0.26803,0.89673,-0.40287,0.76021,16.1
0.40271,0.73279,0.4776,-0.26972,0.89743,-0.41023,0.7567,16.2
0.40512,0.73068,0.4789,-0.26952,0.89604,-0.41201,0.75759,16.3
0.40948,0.72952,0.47814,-0.2674,0.89373,-0.41946,0.75558,16.4
0.41077,0.72863,0.478,-0.26811,0.89283,-0.4248,0.75225,16.5
0.41113,0.72751,0.47955,-0.26782,0.89074,-0.42853,0.75022,16.6
0.4114,0.72678,0.48003,-0.26854,0.89213,-0.42638,0.74567,16.7
0.41152,0.72752,0.48031,-0.26583,0.88971,-0.42818,0.74356,16.8
0.41166,0.72889,0.47983,-0.26269,0.88816,-0.42981,0.73985,16.9
0.4114,0.72995,0.47936,-0.26102,0.88919,-0.42657,0.73593,17
0.41127,0.73166,0.4785,-0.258,0.88623,-0.42575,0.73628,17.1
0.41081,0.7333,0.47601,-0.25869,0.88393,-0.42635,0.73608,17.2
0.41049,0.73438,0.47379,-0.26019,0.88157,-0.429,0.73517,17.3
0.41096,0.73389,0.47393,-0.26061,0.88016,-0.42812,0.73534,17.4
0.41288,0.73391,0.47129,-0.26228,0.88192,-0.42445,0.73224,17.5
0.41379,0.73476,0.46964,-0.26144,0.88051,-0.42458,0.73136,17.6
0.41396,0.73571,0.46803,-0.26137,0.88062,-0.42324,0.72973,17.7
0.41586,0.7361,0.4665,-0.26,0.87966,-0.42359,0.72883,17.8
0.41592,0.73715,0.46386,-0.26164,0.88179,-0.42085,0.7255,17.9
0.41603,0.73771,0.46358,-0.26038,0.87961,-0.42102,0.72738,18
0.41765,0.73746,0.46276,-0.25994,0.87879,-0.42132,0.72782,18.1
0.41889,0.7375,0.46165,-0.25982,0.87825,-0.42105,0.72832,18.2
0.42122,0.73668,0.46134,-0.25894,0.87789,-0.42395,0.72731,18.3
0.42211,0.73668,0.46049,-0.259,0.87794,-0.42359,0.72739,18.4
0.4241,0.73594,0.45964,-0.25936,0.87931,-0.42537,0.72495,18.5
0.42477,0.73571,0.46019,-0.25792,0.87825,-0.42647,0.72652,18.6
0.42671,0.73557,0.45922,-0.25686,0.87822,-0.42886,0.72617,18.7
0.42869,0.73541,0.45783,-0.25651,0.8783,-0.43159,0.72602,18.8
0.43105,0.73456,0.45683,-0.25678,0.87888,-0.43509,0.72511,18.9
0.43236,0.7337,0.45668,-0.25728,0.87944,-0.43634,0.72557,19
0.43417,0.73277,0.45555,-0.25888,0.88148,-0.43802,0.72412,19.1
0.4351,0.73223,0.45449,-0.26069,0.88302,-0.4386,0.7235,19.2
0.4362,0.73171,0.45399,-0.26117,0.88474,-0.43973,0.72255,19.3
0.43813,0.73167,0.45277,-0.26019,0.88593,-0.44115,0.72136,19.4
0.43998,0.73223,0.45155,-0.25761,0.88573,-0.44404,0.7214,19.5
0.44029,0.73344,0.44919,-0.25775,0.8881,-0.44458,0.71928,19.6
0.43974,0.7351,0.44772,-0.25652,0.88886,-0.44422,0.71937,19.7
0.44037,0.73668,0.44581,-0.25423,0.88904,-0.44699,0.71889,19.8
0.4399,0.73824,0.44458,-0.25267,0.88978,-0.44792,0.71869,19.9
0.44039,0.73913,0.44362,-0.25089,0.89065,-0.45078,0.71734,20
0.44119,0.74059,0.44162,-0.24869,0.89066,-0.4556,0.7162,20.1
0.43995,0.74178,0.44029,-0.24969,0.89336,-0.45403,0.71529,20.2
0.44001,0.74267,0.4393,-0.24871,0.89492,-0.4557,0.71449,20.3
0.43856,0.744,0.43922,-0.24742,0.89476,-0.45861,0.71517,20.4
0.43803,0.74388,0.43986,-0.24759,0.89753,-0.45975,0.71321,20.5
0.43893,0.74465,0.43901,-0.24517,0.8987,-0.46325,0.71232,20.6
0.43966,0.74567,0.43715,-0.24409,0.89953,-0.46645,0.71176,20.7
0.44006,0.74593,0.43674,-0.24331,0.89984,-0.46988,0.71262,20.8
0.44112,0.74588,0.43582,-0.24319,0.90158,-0.47246,0.71191,20.9
0.44191,0.74633,0.43499,-0.24185,0.90068,-0.47812,0.71282,21
0.44221,0.74639,0.43426,-0.24239,0.90165,-0.48268,0.71192,21.1
0.44228,0.74592,0.43472,-0.24293,0.90337,-0.48685,0.70993,21.2
0.44145,0.74581,0.43652,-0.24155,0.9032,-0.48895,0.71229,21.3
0.44358,0.74605,0.43479,-0.24002,0.90543,-0.49423,0.70944,21.4
0.44384,0.74728,0.43373,-0.23758,0.90521,-0.49645,0.71168,21.5
0.44526,0.74782,0.43213,-0.23616,0.9054,-0.50354,0.70999,21.6
0.44587,0.7477,0.43242,-0.23488,0.90531,-0.50768,0.71126,21.7
0.44749,0.74728,0.43121,-0.23534,0.90739,-0.5121,0.7099,21.8
0.44883,0.74718,0.4301,-0.23514,0.90892,-0.5174,0.70845,21.9
0.44934,0.74653,0.43071,-0.2351,0.90931,-0.5219,0.70884,22
0.44986,0.74571,0.4314,-0.23545,0.91056,-0.5253,0.70853,22.1
0.45146,0.7455,0.43067,-0.23442,0.91078,-0.53211,0.70643,22.2
0.45174,0.74515,0.43158,-0.23326,0.91009,-0.53889,0.705,22.3
0.45168,0.74513,0.43181,-0.23303,0.91166,-0.54331,0.70143,22.4
0.45074,0.7456,0.43327,-0.23061,0.91164,-0.54639,0.70045,22.5
0.45083,0.74634,0.43256,-0.2294,0.91328,-0.54949,0.69682,22.6
0.45061,0.74764,0.43172,-0.22713,0.91328,-0.55387,0.6949,22.7
0.45012,0.74798,0.43286,-0.22486,0.91299,-0.55743,0.69398,22.8
0.44995,0.74885,0.43286,-0.22227,0.91217,-0.56229,0.69415,22.9
0.44922,0.74999,0.43199,-0.22158,0.91258,-0.56469,0.69466,23
0.44981,0.75045,0.43154,-0.21969,0.91175,-0.56954,0.69589,23.1
0.45036,0.75077,0.42986,-0.22078,0.91432,-0.5727,0.69482,23.2
0.45226,0.75048,0.42922,-0.21914,0.91261,-0.57992,0.69638,23.3
0.4537,0.74991,0.42764,-0.22117,0.91556,-0.58269,0.69537,23.4
0.45632,0.74879,0.42588,-0.22295,0.91917,-0.58639,0.69298,23.5
0.45846,0.74772,0.42477,-0.22428,0.92142,-0.5908,0.69191,23.6
0.46013,0.74686,0.42372,-0.22569,0.9234,-0.59543,0.69105,23.7
0.46281,0.74514,0.42376,-0.22582,0.92493,-0.59989,0.69124,23.8
0.46607,0.74344,0.42307,-0.22602,0.92737,-0.60495,0.68967,23.9
0.4677,0.74301,0.42134,-0.22731,0.92965,-0.6091,0.68793,24
0.46882,0.74232,0.42114,-0.22763,0.93175,-0.61173,0.68736,24.1
0.46949,0.74251,0.41926,-0.22908,0.93481,-0.61531,0.68486,24.2
0.47006,0.74219,0.41987,-0.22785,0.93586,-0.6193,0.68504,24.3
0.4706,0.74264,0.41918,-0.22654,0.93736,-0.62238,0.68516,24.4
0.46993,0.74354,0.41852,-0.22617,0.93796,-0.62434,0.68762,24.5
0.47095,0.74409,0.41561,-0.2276,0.941,-0.62918,0.68365,24.6
0.47147,0.74442,0.41501,-0.22656,0.94156,-0.63406,0.68333,24.7
0.47219,0.74442,0.41338,-0.22802,0.94606,-0.63632,0.67915,24.8
0.47224,0.74507,0.4132,-0.22611,0.94562,-0.63976,0.68189,24.9
0.47186,0.74637,0.41163,-0.22547,0.94599,-0.64299,0.68434,25
0.47167,0.74702,0.4106,-0.22559,0.94788,-0.64346,0.68678,25.1
0.47454,0.74654,0.40866,-0.2247,0.94997,-0.64913,0.68482,25.2
0.47607,0.74681,0.40597,-0.22545,0.95217,-0.65338,0.6842,25.3
0.47727,0.74602,0.40588,-0.22565,0.95358,-0.65694,0.68634,25.4
0.47931,0.74513,0.40365,-0.2283,0.95756,-0.6612,0.68328,25.5
0.48039,0.7446,0.40214,-0.23039,0.96159,-0.66389,0.68192,25.6
0.48195,0.74383,0.40232,-0.2293,0.96418,-0.66551,0.68423,25.7
0.48648,0.74275,0.39999,-0.22731,0.96761,-0.6717,0.68102,25.8
0.48718,0.74383,0.39726,-0.22704,0.97095,-0.67331,0.68265,25.9
0.48928,0.74409,0.39356,-0.22812,0.97606,-0.67903,0.67782,26
0.4895,0.74558,0.39155,-0.22623,0.97579,-0.68558,0.68133,26.1
0.4903,0.74625,0.38934,-0.22614,0.98044,-0.68852,0.68111,26.2
0.49216,0.7467,0.3871,-0.22445,0.98365,-0.69274,0.68091,26.3
0.49242,0.74679,0.38596,-0.22552,0.98966,-0.69303,0.68057,26.4
0.49157,0.74828,0.38422,-0.2254,0.99031,-0.69719,0.68526,26.5
0.49397,0.74723,0.38438,-0.22336,0.99173,-0.70423,0.686,26.6
0.49611,0.74625,0.38259,-0.22495,0.99752,-0.71017,0.67992,26.7
0.49602,0.74709,0.38152,-0.22421,0.99875,-0.71522,0.68182,26.8
0.49813,0.74652,0.38125,-0.22186,1.0013,-0.72132,0.68143,26.9
0.49667,0.74848,0.37918,-0.22207,1.0014,-0.72597,0.68403,27
0.49831,0.74664,0.3812,-0.22116,1.006,-0.72938,0.6822,27.1
0.49773,0.74759,0.37933,-0.22244,1.0099,-0.73043,0.68301,27.2
0.49878,0.74727,0.37969,-0.22054,1.0102,-0.73663,0.68523,27.3
0.49903,0.74759,0.37827,-0.22134,1.0132,-0.74095,0.68508,27.4
0.49953,0.74741,0.37813,-0.22107,1.0151,-0.74547,0.6855,27.5
0.4994,0.7474,0.37658,-0.22402,1.021,-0.74616,0.68339,27.6
0.49968,0.74779,0.37659,-0.22205,1.0205,-0.75165,0.6864,27.7
0.50134,0.74664,0.37656,-0.22222,1.0258,-0.7556,0.68124,27.8
0.50189,0.74724,0.37439,-0.22265,1.0307,-0.75776,0.67867,27.9
0.50228,0.74731,0.37489,-0.22066,1.0321,-0.76058,0.6813,28
0.50503,0.74636,0.3745,-0.21829,1.0321,-0.76994,0.67951,28.1
0.50454,0.7459,0.37539,-0.21945,1.0351,-0.7695,0.68329,28.2
0.50669,0.74388,0.37577,-0.22069,1.0392,-0.77307,0.68082,28.3
0.50871,0.74134,0.37665,-0.2231,1.046,-0.77454,0.67575,28.4
0.50742,0.7429,0.37558,-0.22263,1.0436,-0.77672,0.68318,28.5
0.51126,0.74039,0.37467,-0.22376,1.049,-0.78287,0.67482,28.6
0.51356,0.73913,0.37349,-0.22459,1.0523,-0.7868,0.66941,28.7
0.5123,0.74022,0.37511,-0.22117,1.0476,-0.78912,0.68027,28.8
0.51555,0.73909,0.37447,-0.21845,1.045,-0.79828,0.67942,28.9
0.51923,0.73549,0.37642,-0.21857,1.0498,-0.80342,0.67208,29
0.52092,0.73312,0.37745,-0.22073,1.0556,-0.80403,0.66541,29.1
0.52502,0.72914,0.37715,-0.22464,1.067,-0.80492,0.6491,29.2
0.51947,0.73629,0.37148,-0.22367,1.0606,-0.80514,0.66214,29.3
0.52171,0.73601,0.37062,-0.22079,1.0593,-0.81166,0.66024,29.4
0.52097,0.73751,0.36975,-0.21899,1.0581,-0.81178,0.66511,29.5
0.52334,0.73676,0.36843,-0.21808,1.0592,-0.81847,0.65902,29.6
0.52141,0.73842,0.36675,-0.21991,1.0615,-0.81758,0.66038,29.7
0.52277,0.73769,0.36705,-0.21864,1.0614,-0.82145,0.65959,29.8
0.5237,0.73809,0.36683,-0.21542,1.0576,-0.82781,0.66431,29.9
0.52502,0.73815,0.36378,-0.21715,1.0598,-0.83147,0.65995,30
0.52436,0.73873,0.36327,-0.21764,1.0595,-0.83169,0.66458,30.1
0.52931,0.7349,0.36172,-0.22115,1.0681,-0.83707,0.6491,30.2
0.52632,0.73655,0.36345,-0.21996,1.0642,-0.83656,0.66063,30.3
0.52503,0.73731,0.36347,-0.22048,1.0636,-0.83678,0.66501,30.4
0.52897,0.73403,0.36457,-0.22017,1.0683,-0.84089,0.65652,30.5
0.53359,0.73017,0.36359,-0.22345,1.0783,-0.84348,0.63919,30.6
0.52932,0.73626,0.36059,-0.21844,1.0643,-0.84901,0.6592,30.7
0.53533,0.73213,0.36161,-0.21595,1.0651,-0.86224,0.6468,30.8
0.53669,0.72968,0.36246,-0.21945,1.0718,-0.86226,0.63815,30.9
0.53276,0.73231,0.36505,-0.21595,1.0646,-0.86133,0.65509,31
0.53169,0.73363,0.36321,-0.21718,1.0644,-0.8645,0.6547,31.1
0.53673,0.73054,0.36352,-0.21469,1.066,-0.87574,0.64091,31.2
0.53588,0.73313,0.35937,-0.21496,1.066,-0.87776,0.63993,31.3
0.53425,0.73364,0.36249,-0.212,1.064,-0.87638,0.64671,31.4
0.53379,0.73528,0.35981,-0.21207,1.0637,-0.87908,0.64583,31.5
0.52753,0.74017,0.3607,-0.20917,1.056,-0.8753,0.66514,31.6
0.53426,0.73571,0.36028,-0.20856,1.0598,-0.88719,0.64598,31.7
0.5359,0.73473,0.36109,-0.20637,1.0588,-0.89201,0.64327,31.8
0.53847,0.7318,0.36208,-0.20837,1.0667,-0.89092,0.63145,31.9
0.53331,0.73571,0.36303,-0.20621,1.0619,-0.888,0.64377,32
0.52631,0.74232,0.35991,-0.20595,1.0579,-0.88211,0.65617,32.1
0.53213,0.73954,0.35926,-0.20211,1.0575,-0.89317,0.64196,32.2
0.53175,0.74006,0.36041,-0.19912,1.0553,-0.89351,0.64406,32.3
0.53624,0.73627,0.36246,-0.19742,1.0573,-0.89897,0.63371,32.4
0.53172,0.74049,0.35977,-0.1988,1.0538,-0.89641,0.64259,32.5
0.53001,0.74042,0.36294,-0.19787,1.0527,-0.89471,0.6459,32.6
0.52517,0.74474,0.36195,-0.19635,1.0466,-0.89205,0.65759,32.7
0.5302,0.74131,0.36216,-0.19543,1.0504,-0.8972,0.64257,32.8
0.52998,0.74085,0.3645,-0.19338,1.0496,-0.89558,0.64246,32.9
0.52544,0.74551,0.36269,-0.19127,1.0404,-0.89613,0.65427,33
0.53063,0.74169,0.36225,-0.19265,1.047,-0.90003,0.63378,33.1
0.53073,0.74149,0.36275,-0.19219,1.0481,-0.89895,0.62954,33.2
0.53111,0.74096,0.36379,-0.19121,1.0477,-0.89798,0.62837,33.3
0.53026,0.74179,0.36294,-0.19198,1.046,-0.89721,0.62863,33.4
0.53632,0.73696,0.36326,-0.19312,1.0498,-0.90391,0.60934,33.5
0.53165,0.74163,0.36127,-0.19187,1.0412,-0.90179,0.62406,33.6
0.53431,0.74033,0.35897,-0.19383,1.044,-0.90178,0.61473,33.7
0.53449,0.74078,0.3583,-0.19284,1.0391,-0.90478,0.61543,33.8
0.53711,0.73846,0.35743,-0.19603,1.0429,-0.90437,0.60485,33.9
0.53127,0.74357,0.35762,-0.19225,1.0293,-0.90417,0.62548,34
0.5281,0.74512,0.35849,-0.19337,1.0275,-0.89797,0.63231,34.1
0.53093,0.74323,0.35839,-0.19307,1.0256,-0.9015,0.6266,34.2
0.5313,0.74254,0.35997,-0.19176,1.0207,-0.9032,0.62825,34.3
0.5301,0.74235,0.36177,-0.19243,1.0182,-0.9014,0.63001,34.4
0.53384,0.73774,0.36427,-0.1951,1.0228,-0.9014,0.61669,34.5
0.53271,0.73977,0.36264,-0.19351,1.0129,-0.909,0.61858,34.6
0.53463,0.73721,0.36151,-0.20001,1.0204,-0.90661,0.60132,34.7
0.53008,0.73982,0.3631,-0.19957,1.0141,-0.90175,0.61071,34.8
0.52486,0.74318,0.3629,-0.20126,1.007,-0.89932,0.61821,34.9
0.52504,0.74251,0.36317,-0.20278,1.0024,-0.90387,0.61247,35
0.527,0.74037,0.36516,-0.20193,0.99819,-0.90819,0.60685,35.1
0.52309,0.74314,0.36541,-0.20148,0.98986,-0.90435,0.61672,35.2
0.51613,0.74748,0.36574,-0.20278,0.98295,-0.89467,0.63118,35.3
0.51823,0.74482,0.3689,-0.20146,0.9818,-0.89435,0.62546,35.4
0.51308,0.7488,0.37003,-0.1978,0.9683,-0.89208,0.64136,35.5
0.51125,0.75024,0.36705,-0.20257,0.96852,-0.88676,0.63784,35.6
0.51331,0.74795,0.36946,-0.20146,0.96672,-0.88733,0.63231,35.7
0.51421,0.74902,0.36645,-0.20069,0.95977,-0.89132,0.62818,35.8
0.51411,0.74972,0.365,-0.20096,0.95428,-0.89219,0.62558,35.9
0.51253,0.75033,0.3673,-0.19854,0.94769,-0.89051,0.63036,36
0.51272,0.74947,0.36736,-0.20116,0.94933,-0.88619,0.62419,36.1
0.51217,0.7497,0.36647,-0.20331,0.94779,-0.8845,0.61831,36.2
0.51191,0.75054,0.36674,-0.20035,0.93851,-0.88695,0.62262,36.3
0.51378,0.74977,0.36542,-0.20086,0.93652,-0.88553,0.61815,36.4
0.51415,0.75041,0.36207,-0.20358,0.93577,-0.88308,0.61265,36.5
0.51485,0.75083,0.36012,-0.2037,0.93305,-0.88125,0.61002,36.6
0.5146,0.75185,0.35988,-0.201,0.92808,-0.87868,0.61077,36.7
0.51452,0.75281,0.35816,-0.20069,0.92734,-0.87252,0.60885,36.8
0.5138,0.75505,0.35602,-0.19788,0.92222,-0.86966,0.60891,36.9
0.51308,0.75751,0.35237,-0.19689,0.91938,-0.86705,0.60375,37
0.51225,0.75927,0.35186,-0.19313,0.91568,-0.86208,0.60281,37.1
0.51001,0.76212,0.3496,-0.19195,0.9137,-0.8554,0.60224,37.2
0.50908,0.76331,0.34977,-0.18935,0.91073,-0.85046,0.60175,37.3
0.50975,0.76357,0.34906,-0.1878,0.90832,-0.84777,0.59647,37.4
0.50875,0.76433,0.3504,-0.1849,0.90225,-0.84482,0.59852,37.5
0.50863,0.76386,0.35046,-0.18703,0.90153,-0.83988,0.59403,37.6
0.50757,0.76406,0.3511,-0.18793,0.89828,-0.83571,0.59423,37.7
0.50736,0.76314,0.35284,-0.18895,0.89652,-0.8316,0.5921,37.8
0.5074,0.76297,0.35361,-0.18811,0.88958,-0.83157,0.59257,37.9
0.50846,0.7612,0.35552,-0.18879,0.88797,-0.82839,0.58904,38
0.50801,0.76076,0.35679,-0.18937,0.88509,-0.82441,0.58906,38.1
0.50714,0.75977,0.35849,-0.19249,0.88532,-0.81727,0.58765,38.2
0.50931,0.75848,0.35878,-0.19128,0.88001,-0.81926,0.58363,38.3
0.50884,0.75848,0.36047,-0.18936,0.87445,-0.81824,0.58561,38.4
0.50889,0.75723,0.36286,-0.18966,0.87396,-0.81304,0.5844,38.5
0.50844,0.75595,0.36613,-0.18967,0.87335,-0.80612,0.58544,38.6
0.50852,0.75583,0.36707,-0.18812,0.86853,-0.80459,0.58692,38.7
0.50852,0.7544,0.36937,-0.18934,0.86845,-0.79928,0.58582,38.8
0.50901,0.75333,0.37079,-0.18951,0.86502,-0.79789,0.58489,38.9
0.50806,0.75289,0.37216,-0.19111,0.86222,-0.79417,0.58662,39
0.50777,0.75216,0.37187,-0.19529,0.86322,-0.78958,0.58319,39.1
0.50784,0.75091,0.37349,-0.19681,0.86163,-0.78759,0.58017,39.2
0.50675,0.75153,0.37367,-0.19692,0.85868,-0.78446,0.58053,39.3
0.50571,0.75257,0.37156,-0.19959,0.85854,-0.78124,0.57733,39.4
0.50532,0.75273,0.37122,-0.20062,0.85718,-0.78009,0.57345,39.5
0.50333,0.75414,0.37059,-0.20149,0.85519,-0.77643,0.57394,39.6
0.50243,0.75483,0.36947,-0.20319,0.85492,-0.77277,0.57202,39.7
0.50259,0.75519,0.3691,-0.20213,0.85135,-0.77325,0.57064,39.8
0.50068,0.7568,0.3687,-0.20157,0.84735,-0.77269,0.57304,39.9
0.49895,0.75847,0.36661,-0.2034,0.84662,-0.77097,0.57164,40
0.49817,0.75946,0.36509,-0.20433,0.84567,-0.76965,0.56982,40.1
0.49824,0.75992,0.36507,-0.20249,0.8428,-0.76997,0.57022,40.2
0.49742,0.76175,0.36222,-0.20275,0.8417,-0.76915,0.57048,40.3
0.49678,0.76359,0.35946,-0.20229,0.84077,-0.76871,0.57061,40.4
0.49782,0.76467,0.35694,-0.20011,0.83802,-0.77107,0.57027,40.5
0.49764,0.7665,0.35447,-0.19795,0.83688,-0.77053,0.57137,40.6
0.49801,0.76828,0.35141,-0.19556,0.8354,-0.77178,0.57218,40.7
0.49938,0.77002,0.34715,-0.19279,0.83252,-0.77431,0.57322,40.8
0.49989,0.77133,0.34436,-0.19125,0.83184,-0.77411,0.57533,40.9
0.50152,0.77239,0.34046,-0.1897,0.83071,-0.77697,0.57423,41
0.50256,0.77372,0.33784,-0.18618,0.82753,-0.77938,0.57689,41.1
0.50465,0.77435,0.33506,-0.18288,0.82476,-0.78202,0.57843,41.2
0.50658,0.77461,0.33236,-0.18138,0.82427,-0.78289,0.57882,41.3
0.50793,0.77531,0.32944,-0.17993,0.82066,-0.78698,0.57964,41.4
0.5098,0.77516,0.32742,-0.17897,0.81845,-0.78962,0.57971,41.5
0.51119,0.77538,0.32504,-0.17836,0.81586,-0.79198,0.5806,41.6
0.51279,0.77511,0.32351,-0.17774,0.81194,-0.79561,0.58171,41.7
0.51448,0.77421,0.3233,-0.17716,0.80831,-0.79877,0.58245,41.8
0.51512,0.77437,0.32127,-0.17832,0.80437,-0.80204,0.58249,41.9
0.51578,0.77406,0.32005,-0.17993,0.79957,-0.80674,0.5815,42
0.51704,0.77318,0.31956,-0.18096,0.79611,-0.81072,0.5791,42.1
0.51704,0.7732,0.31831,-0.18306,0.7937,-0.8123,0.57698,42.2
0.51649,0.77365,0.31778,-0.18361,0.78385,-0.81765,0.57697,42.3
0.51599,0.77398,0.31727,-0.18451,0.77879,-0.81916,0.57793,42.4
0.51533,0.77456,0.31619,-0.18579,0.77277,-0.8223,0.57857,42.5
0.51527,0.774,0.31654,-0.18769,0.77034,-0.82292,0.57745,42.6
0.51513,0.77399,0.31644,-0.18827,0.76491,-0.82529,0.5777,42.7
0.51603,0.7738,0.31517,-0.18873,0.75957,-0.82976,0.5739,42.8
0.51574,0.77411,0.3149,-0.18869,0.75521,-0.83083,0.57449,42.9
0.51615,0.77412,0.31424,-0.18863,0.75093,-0.83317,0.57364,43
0.51563,0.77419,0.31443,-0.18944,0.74753,-0.83393,0.57311,43.1
0.51551,0.77418,0.31385,-0.19077,0.7453,-0.83479,0.57143,43.2
0.51666,0.77385,0.31467,-0.18763,0.7398,-0.83826,0.57175,43.3
0.51625,0.77477,0.31368,-0.18662,0.73605,-0.8394,0.57268,43.4
0.51669,0.77453,0.31482,-0.18448,0.73185,-0.84148,0.57261,43.5
0.51675,0.77553,0.31329,-0.18269,0.72605,-0.8442,0.57373,43.6
0.51666,0.77594,0.31303,-0.18164,0.72219,-0.84583,0.57429,43.7
0.51652,0.77638,0.31258,-0.18091,0.7181,-0.84759,0.57471,43.8
0.51719,0.77625,0.31225,-0.18013,0.71393,-0.84989,0.57384,43.9
0.51743,0.77655,0.31113,-0.18009,0.71018,-0.85168,0.57292,44
0.51789,0.77643,0.31059,-0.18024,0.70773,-0.85308,0.57161,44.1
0.5182,0.77677,0.30925,-0.18018,0.70416,-0.85429,0.57201,44.2
0.51924,0.77612,0.30924,-0.17998,0.70132,-0.85593,0.57056,44.3
0.51912,0.77669,0.30759,-0.18072,0.69924,-0.85675,0.56891,44.4
0.51761,0.77807,0.30717,-0.17984,0.69707,-0.85476,0.57185,44.5
0.51911,0.77809,0.30534,-0.1785,0.69542,-0.85609,0.56822,44.6
0.51856,0.77946,0.30339,-0.17747,0.69234,-0.85575,0.56898,44.7
0.51821,0.78058,0.30155,-0.17669,0.6887,-0.85637,0.56988,44.8
0.51847,0.78136,0.29951,-0.17596,0.68505,-0.85753,0.56959,44.9
0.51875,0.78191,0.29813,-0.17504,0.68197,-0.85854,0.56975,45
0.51904,0.78247,0.29683,-0.17389,0.67937,-0.85839,0.57042,45.1
0.51951,0.78319,0.29487,-0.17254,0.6755,-0.85996,0.56975,45.2
0.51959,0.78396,0.29304,-0.17195,0.67252,-0.86092,0.56849,45.3
0.51957,0.78449,0.29265,-0.17021,0.66896,-0.86084,0.56937,45.4
0.52016,0.78516,0.29038,-0.16923,0.66564,-0.86247,0.56815,45.5
0.51985,0.78594,0.28939,-0.16823,0.66256,-0.86223,0.56899,45.6
0.52044,0.78644,0.28813,-0.16624,0.65757,-0.86398,0.56945,45.7
0.52058,0.78716,0.28637,-0.16544,0.65399,-0.86459,0.5699,45.8
0.52085,0.78776,0.28489,-0.16429,0.65081,-0.86466,0.5701,45.9
0.52111,0.78862,0.28274,-0.163,0.6477,-0.86496,0.56972,46
0.52144,0.7895,0.28066,-0.1613,0.64271,-0.86657,0.5693,46.1
0.52184,0.79014,0.2786,-0.16042,0.63935,-0.86753,0.56875,46.2
0.52287,0.7905,0.27669,-0.15861,0.63473,-0.87002,0.56763,46.3
0.52291,0.79116,0.27542,-0.1574,0.63073,-0.87058,0.56863,46.4
0.5237,0.7916,0.27308,-0.15663,0.6277,-0.87136,0.56891,46.5
0.52474,0.79141,0.27258,-0.15499,0.62441,-0.87184,0.56901,46.6
0.52563,0.79154,0.27091,-0.15419,0.62016,-0.8739,0.56838,46.7
0.52638,0.79209,0.26908,-0.15207,0.61469,-0.87585,0.56871,46.8
0.5262,0.79306,0.26716,-0.15096,0.60965,-0.87695,0.56955,46.9
0.52649,0.79333,0.26575,-0.15102,0.60747,-0.87706,0.56826,47
0.52708,0.79358,0.26493,-0.14909,0.60307,-0.87775,0.56827,47.1
0.52766,0.79366,0.26363,-0.14892,0.59978,-0.87851,0.56642,47.2
0.52832,0.79345,0.26368,-0.14759,0.5955,-0.87954,0.56566,47.3
0.52887,0.79379,0.26283,-0.14531,0.58913,-0.88071,0.56694,47.4
0.52911,0.79444,0.26113,-0.14398,0.58326,-0.8815,0.56747,47.5
0.52918,0.79519,0.25922,-0.14301,0.57752,-0.88282,0.56699,47.6
0.52941,0.79555,0.25816,-0.14204,0.57229,-0.88388,0.56623,47.7
0.52931,0.79607,0.2568,-0.142,0.5687,-0.88338,0.56555,47.8
0.52894,0.79671,0.25513,-0.14276,0.56588,-0.88217,0.5646,47.9
0.52887,0.79735,0.25405,-0.14135,0.56077,-0.88236,0.56456,48
0.52838,0.79851,0.25239,-0.13967,0.55509,-0.88209,0.56552,48.1
0.52761,0.79971,0.25077,-0.13859,0.55024,-0.88198,0.56565,48.2
0.52726,0.80035,0.2504,-0.13689,0.5443,-0.88267,0.566,48.3
0.52729,0.80059,0.24977,-0.13652,0.54103,-0.88216,0.56562,48.4
0.52814,0.80033,0.24958,-0.13509,0.53632,-0.88328,0.56512,48.5
0.52838,0.8006,0.24788,-0.13565,0.53184,-0.88426,0.56513,48.6
0.52866,0.80072,0.24709,-0.13534,0.52659,-0.88526,0.56589,48.7
0.52937,0.80032,0.24718,-0.13479,0.52347,-0.88531,0.56633,48.8
0.53075,0.80006,0.24574,-0.13349,0.51795,-0.88713,0.56662,48.9
0.53149,0.79983,0.24529,-0.13278,0.51405,-0.88753,0.56746,49
0.53194,0.79986,0.24412,-0.13293,0.50984,-0.88763,0.56861,49.1
0.53292,0.79939,0.24398,-0.13207,0.50499,-0.88909,0.56817,49.2
0.53284,0.79982,0.24248,-0.13255,0.5014,-0.88912,0.56772,49.3
0.53233,0.80058,0.2418,-0.13123,0.49573,-0.88908,0.56884,49.4
0.53193,0.80113,0.24021,-0.13242,0.49257,-0.88862,0.56734,49.5
0.53068,0.80172,0.2401,-0.13405,0.49011,-0.88755,0.5657,49.6
0.52908,0.80279,0.24107,-0.13228,0.48458,-0.88686,0.56563,49.7
0.52763,0.80397,0.24079,-0.13135,0.4815,-0.88549,0.56449,49.8
0.52576,0.80555,0.24024,-0.1302,0.4773,-0.88395,0.56446,49.9
0.52459,0.80696,0.2385,-0.12934,0.47255,-0.88396,0.56283,50
0.52229,0.80868,0.23823,-0.12845,0.46826,-0.88193,0.56423,50.1
0.52165,0.8093,0.23734,-0.12883,0.46397,-0.8832,0.56174,50.2
0.52038,0.81013,0.23739,-0.12858,0.45996,-0.88312,0.56178,50.3
0.51982,0.81062,0.23713,-0.12828,0.45608,-0.88364,0.56144,50.4
0.5196,0.81153,0.23492,-0.12746,0.45214,-0.88494,0.56045,50.5
0.51932,0.81253,0.23258,-0.12655,0.44993,-0.88488,0.56046,50.6
0.51973,0.81323,0.23001,-0.125,0.44655,-0.88614,0.55992,50.7
0.51994,0.814,0.22716,-0.12432,0.44533,-0.88633,0.5593,50.8
0.5197,0.81515,0.22426,-0.12311,0.44271,-0.88739,0.55914,50.9
0.51997,0.81568,0.2224,-0.12183,0.43986,-0.88877,0.55862,51
0.52048,0.81626,0.21958,-0.12089,0.43714,-0.89042,0.5577,51.1
0.5201,0.81756,0.21636,-0.11953,0.43331,-0.89187,0.55772,51.2
0.52045,0.81817,0.21367,-0.11865,0.43125,-0.89323,0.55596,51.3
0.52038,0.81919,0.21122,-0.11629,0.42742,-0.89443,0.55571,51.4
0.51985,0.82036,0.20937,-0.1137,0.42388,-0.8953,0.55595,51.5
0.51978,0.82124,0.20722,-0.1116,0.42026,-0.89704,0.55462,51.6
0.51912,0.82234,0.20553,-0.10966,0.41644,-0.89815,0.5546,51.7
0.51845,0.82347,0.204,-0.10719,0.41251,-0.89908,0.55541,51.8
0.51824,0.82439,0.20215,-0.10459,0.40778,-0.90089,0.55501,51.9
0.51747,0.8255,0.20057,-0.1027,0.40462,-0.90182,0.55488,52
0.51741,0.82642,0.19799,-0.1006,0.40131,-0.90313,0.55369,52.1
0.51621,0.82796,0.19595,-0.098019,0.3979,-0.90385,0.55389,52.2
0.51538,0.82955,0.192,-0.096779,0.39581,-0.90449,0.55293,52.3
0.5151,0.83049,0.18999,-0.094131,0.39344,-0.90555,0.55264,52.4
0.51433,0.83157,0.18822,-0.092419,0.39095,-0.90664,0.55335,52.5
0.51388,0.83258,0.1855,-0.091274,0.38813,-0.90844,0.55355,52.6
0.51411,0.83335,0.1823,-0.089353,0.38531,-0.91036,0.55418,52.7
0.51472,0.83371,0.18013,-0.086813,0.38242,-0.9128,0.55435,52.8
0.51492,0.83437,0.17688,-0.085995,0.38102,-0.91454,0.5547,52.9
0.51504,0.83507,0.17376,-0.084801,0.3789,-0.91624,0.55589,53
0.51545,0.83525,0.17214,-0.083877,0.3774,-0.91826,0.55641,53.1
0.51595,0.83548,0.16981,-0.083289,0.37605,-0.92008,0.55719,53.2
0.51704,0.83518,0.16846,-0.082262,0.37384,-0.92302,0.55703,53.3
0.51739,0.83531,0.16721,-0.081279,0.37201,-0.92489,0.55755,53.4
0.51831,0.83514,0.16594,-0.079694,0.36958,-0.92758,0.55699,53.5
0.51915,0.83489,0.16389,-0.081185,0.36962,-0.92938,0.555,53.6
0.51937,0.83475,0.16574,-0.077353,0.36297,-0.93218,0.55767,53.7
0.52016,0.83408,0.16661,-0.077304,0.36057,-0.93434,0.55776,53.8
0.52097,0.83334,0.16815,-0.076563,0.35606,-0.93687,0.55887,53.9
0.52244,0.83202,0.16958,-0.077734,0.35478,-0.93894,0.55829,54
0.5239,0.83055,0.17152,-0.079399,0.35445,-0.9408,0.55738,54.1
0.52475,0.82978,0.17238,-0.079915,0.35187,-0.9426,0.55833,54.2
0.52551,0.82912,0.17323,-0.079927,0.34886,-0.94473,0.55876,54.3
0.52695,0.82806,0.1742,-0.07937,0.34569,-0.94729,0.55812,54.4
0.52773,0.82731,0.17544,-0.07931,0.34461,-0.94854,0.55824,54.5
0.52787,0.82716,0.1751,-0.080586,0.34322,-0.94928,0.55937,54.6
0.52815,0.8269,0.17525,-0.081172,0.33997,-0.95084,0.56038,54.7
0.52892,0.8261,0.17624,-0.082091,0.33738,-0.95293,0.56056,54.8
0.5294,0.82541,0.17774,-0.082668,0.33479,-0.95403,0.56178,54.9
0.53009,0.82467,0.17885,-0.083293,0.33161,-0.95602,0.5621,55
0.53066,0.82393,0.18056,-0.083274,0.32858,-0.95765,0.56227,55.1
0.5312,0.82307,0.18331,-0.082307,0.32631,-0.95856,0.56351,55.2
0.53184,0.82264,0.18368,-0.08166,0.32296,-0.96054,0.56346,55.3
0.53194,0.82219,0.18556,-0.08132,0.32052,-0.96138,0.56494,55.4
0.53196,0.82229,0.18527,-0.080851,0.31718,-0.96205,0.56653,55.5
0.53301,0.82131,0.18685,-0.080232,0.31587,-0.96372,0.56584,55.6
0.53307,0.82107,0.18739,-0.080981,0.31431,-0.9646,0.56678,55.7
0.53305,0.82077,0.18859,-0.081393,0.3133,-0.96535,0.56736,55.8
0.53331,0.82056,0.18856,-0.08184,0.31157,-0.96692,0.56715,55.9
0.53354,0.82013,0.18958,-0.082318,0.31201,-0.96777,0.56689,56
0.5339,0.81998,0.18962,-0.081455,0.30937,-0.9696,0.56702,56.1
0.53397,0.8198,0.18994,-0.081954,0.30946,-0.97036,0.56729,56.2
0.53405,0.8197,0.19046,-0.081323,0.30822,-0.97198,0.56751,56.3
0.53383,0.81992,0.19049,-0.080445,0.30636,-0.9729,0.56892,56.4
0.53474,0.81922,0.19098,-0.080378,0.30737,-0.97477,0.56726,56.5
0.53444,0.81954,0.19078,-0.079568,0.30534,-0.97622,0.56818,56.6
0.53402,0.81991,0.19013,-0.080121,0.30594,-0.97679,0.56886,56.7
0.53386,0.82004,0.19055,-0.078851,0.30342,-0.97835,0.56995,56.8
0.53478,0.81937,0.19096,-0.07858,0.30285,-0.98036,0.56857,56.9
0.535,0.81949,0.18983,-0.078635,0.30282,-0.98142,0.56846,57
0.53531,0.8192,0.1906,-0.077589,0.3019,-0.98258,0.56816,57.1
0.53536,0.81916,0.19066,-0.077561,0.30152,-0.98315,0.5679,57.2
0.53516,0.81941,0.19054,-0.0766,0.29986,-0.98339,0.5687,57.3
0.53515,0.81944,0.19044,-0.076567,0.29937,-0.98344,0.56867,57.4
0.53492,0.8196,0.19042,-0.076513,0.29827,-0.98308,0.56865,57.5
0.53449,0.81982,0.1909,-0.075961,0.29651,-0.98248,0.56936,57.6
0.53476,0.81981,0.19052,-0.075124,0.29411,-0.98252,0.56847,57.7
0.5343,0.81989,0.19185,-0.074154,0.29209,-0.98104,0.56932,57.8
0.53445,0.81948,0.19361,-0.07304,0.28937,-0.98057,0.56852,57.9
0.53433,0.81939,0.19429,-0.073072,0.28873,-0.97835,0.56907,58
0.53481,0.8192,0.19364,-0.07338,0.2856,-0.97783,0.56816,58.1
0.53436,0.81942,0.19359,-0.074423,0.28328,-0.97616,0.56864,58.2
0.53441,0.81924,0.19309,-0.07727,0.28275,-0.97444,0.56835,58.3
0.53414,0.8195,0.1918,-0.079532,0.2793,-0.97343,0.56873,58.4
0.5341,0.81932,0.19183,-0.081595,0.27701,-0.97271,0.56767,58.5
0.53277,0.81998,0.19232,-0.082471,0.2744,-0.97095,0.56799,58.6
0.53228,0.8205,0.1914,-0.082606,0.27117,-0.97034,0.56629,58.7
0.5316,0.82118,0.19,-0.083452,0.27013,-0.9692,0.56443,58.8
0.53013,0.82234,0.18881,-0.084108,0.26782,-0.96837,0.56334,58.9
0.52812,0.82366,0.18821,-0.085124,0.26659,-0.96719,0.56274,59
0.5271,0.82461,0.18759,-0.083663,0.26295,-0.96786,0.56218,59.1
0.52724,0.82495,0.18587,-0.083285,0.26199,-0.96895,0.56027,59.2
0.52636,0.826,0.18418,-0.082164,0.26034,-0.96892,0.56174,59.3
0.52654,0.8265,0.18191,-0.080989,0.25787,-0.97103,0.56127,59.4
0.52654,0.82685,0.18144,-0.078477,0.25491,-0.97314,0.5623,59.5
0.52715,0.82706,0.17959,-0.076404,0.25356,-0.97531,0.56298,59.6
0.52787,0.82739,0.177,-0.073825,0.25113,-0.97765,0.5645,59.7
0.52898,0.82728,0.17553,-0.070604,0.24817,-0.98042,0.56601,59.8
0.52969,0.82742,0.1734,-0.068787,0.24692,-0.9825,0.56757,59.9
0.53013,0.82788,0.17025,-0.067854,0.24689,-0.98401,0.5694,60
0.53206,0.82721,0.16858,-0.064898,0.24451,-0.98759,0.56858,60.1
0.53304,0.82693,0.1673,-0.063826,0.24384,-0.98995,0.5687,60.2
0.53402,0.82674,0.16569,-0.062171,0.24105,-0.99284,0.56889,60.3
0.53423,0.82723,0.16262,-0.061928,0.24065,-0.99407,0.5701,60.4
0.53484,0.8273,0.16067,-0.060844,0.23843,-0.99683,0.56869,60.5
0.535,0.82791,0.15816,-0.057651,0.23424,-0.99921,0.56856,60.6
0.53457,0.82872,0.15589,-0.056194,0.23458,-0.99982,0.56841,60.7
0.53461,0.82928,0.15394,-0.052827,0.23124,-1.0018,0.56797,60.8
0.53434,0.82982,0.15275,-0.050552,0.22923,-1.0033,0.56766,60.9
0.53422,0.83049,0.15004,-0.048815,0.22691,-1.0046,0.56768,61
0.53482,0.83061,0.14698,-0.049556,0.22755,-1.0059,0.56594,61.1
0.53498,0.83087,0.14525,-0.048454,0.22548,-1.0072,0.56539,61.2
0.53419,0.83192,0.14227,-0.0481,0.22429,-1.0071,0.56633,61.3
0.5345,0.83212,0.14077,-0.045503,0.22213,-1.0085,0.56452,61.4
0.53378,0.83311,0.13847,-0.04282,0.21825,-1.009,0.56509,61.5
0.53331,0.83389,0.13592,-0.041643,0.21619,-1.0098,0.56433,61.6
0.53261,0.83474,0.13357,-0.04127,0.21469,-1.0099,0.5638,61.7
0.53258,0.83509,0.13183,-0.040036,0.21132,-1.0115,0.56223,61.8
0.53171,0.83592,0.13048,-0.038738,0.20805,-1.0122,0.56214,61.9
0.53108,0.83676,0.12799,-0.037479,0.2066,-1.0126,0.562,62
0.53063,0.83757,0.12502,-0.035747,0.20476,-1.013,0.56247,62.1
0.53048,0.838,0.12278,-0.035559,0.20365,-1.0135,0.56266,62.2
0.53067,0.83816,0.12159,-0.033123,0.20002,-1.0148,0.56337,62.3
0.53135,0.83789,0.12088,-0.031505,0.19821,-1.0156,0.56425,62.4
0.53252,0.83724,0.12063,-0.029944,0.19494,-1.0174,0.56421,62.5
0.53345,0.83671,0.12019,-0.030027,0.19227,-1.0189,0.56474,62.6
0.53493,0.83581,0.12002,-0.029478,0.18957,-1.0207,0.56398,62.7
0.53546,0.83551,0.1198,-0.029267,0.18722,-1.0221,0.56398,62.8
0.53587,0.83541,0.11881,-0.028546,0.18504,-1.0231,0.56365,62.9
0.5358,0.83565,0.11745,-0.028502,0.1834,-1.0237,0.56353,63
0.53563,0.83592,0.11659,-0.027064,0.18072,-1.0247,0.56273,63.1
0.53499,0.83674,0.11405,-0.025435,0.17779,-1.0253,0.56281,63.2
0.53423,0.8373,0.1138,-0.024002,0.17706,-1.0255,0.56319,63.3
0.53421,0.83764,0.11154,-0.023203,0.17556,-1.0268,0.56237,63.4
0.53381,0.83806,0.1105,-0.02223,0.17521,-1.0271,0.56373,63.5
0.53413,0.83808,0.10879,-0.022194,0.17452,-1.0288,0.56399,63.6
0.53481,0.83772,0.10832,-0.021666,0.17473,-1.0304,0.56407,63.7
0.5349,0.8379,0.10637,-0.022119,0.17567,-1.0311,0.56586,63.8
0.53602,0.83719,0.10666,-0.020216,0.17507,-1.0332,0.56613,63.9
0.53742,0.83641,0.10611,-0.018376,0.17198,-1.0359,0.56638,64
0.53825,0.83607,0.10455,-0.018557,0.17046,-1.0378,0.56709,64.1
0.53853,0.836,0.10404,-0.016354,0.1659,-1.0404,0.56836,64.2
0.53849,0.83608,0.10363,-0.015855,0.16583,-1.0415,0.56983,64.3
0.53923,0.83564,0.10366,-0.013873,0.16448,-1.0437,0.56982,64.4
0.54027,0.83508,0.10298,-0.012323,0.16161,-1.0469,0.56884,64.5
0.53991,0.83531,0.10302,-0.011887,0.16088,-1.0481,0.5709,64.6
0.54095,0.83457,0.10386,-0.0092037,0.15853,-1.0508,0.5712,64.7
0.54173,0.83427,0.10224,-0.0083409,0.15634,-1.0531,0.57293,64.8
0.54333,0.83329,0.10167,-0.009394,0.15753,-1.0557,0.5735,64.9
0.54451,0.83264,0.10063,-0.0091399,0.15706,-1.0578,0.57524,65
0.54664,0.83147,0.098766,-0.0093728,0.15591,-1.0615,0.57418,65.1
0.54764,0.83114,0.095923,-0.0096945,0.15539,-1.0638,0.57549,65.2
0.54837,0.83092,0.09358,-0.0098372,0.15664,-1.0654,0.57612,65.3
0.54767,0.83159,0.091713,-0.0099109,0.15549,-1.067,0.57816,65.4
0.54855,0.83121,0.090097,-0.0076081,0.1534,-1.0694,0.57731,65.5
0.54904,0.83114,0.087823,-0.0063389,0.15317,-1.0711,0.57748,65.6
0.54859,0.83168,0.085479,-0.0073876,0.15265,-1.072,0.5788,65.7
0.54845,0.83191,0.084072,-0.0077569,0.15236,-1.0728,0.58034,65.8
0.54874,0.83181,0.083111,-0.0085103,0.15071,-1.0742,0.58115,65.9
0.54872,0.83185,0.082576,-0.010329,0.14905,-1.0754,0.58169,66
0.5494,0.83127,0.083849,-0.010429,0.14857,-1.0765,0.5814,66.1
0.54981,0.83104,0.083429,-0.010481,0.14528,-1.0774,0.58199,66.2
