0.97778,0.021126,-0.018064,0.20779,0.10118,-0.041688,0.029197
0.97778,0.021126,-0.018064,0.20779,0.10118,-0.041688,0.029197
0.97778,0.021126,-0.018064,0.20779,0.10118,-0.041688,0.029197
0.97778,0.021126,-0.018064,0.20779,0.10118,-0.041688,0.029197
0.97778,0.021126,-0.018064,0.20779,0.10118,-0.041688,0.029197
0.97778,0.021126,-0.018064,0.20779,0.10118,-0.041688,0.029196
0.97778,0.021126,-0.018064,0.20779,0.10118,-0.041688,0.029196
0.97778,0.021126,-0.018064,0.20779,0.10118,-0.041688,0.029193
0.97778,0.021126,-0.018064,0.20779,0.10118,-0.041688,0.029193
0.97778,0.021126,-0.018064,0.20779,0.10118,-0.041688,0.029193
0.97778,0.021126,-0.018064,0.20779,0.10118,-0.041688,0.029193
0.97778,0.021126,-0.018064,0.20779,0.10118,-0.041688,0.029193
0.97778,0.021126,-0.018064,0.20779,0.10118,-0.041688,0.02919
0.97778,0.021126,-0.018064,0.20779,0.10118,-0.041688,0.02919
0.97778,0.021126,-0.018064,0.20779,0.10118,-0.041688,0.02919
0.97778,0.021126,-0.018064,0.20779,0.10118,-0.041688,0.02919
0.97778,0.021126,-0.018064,0.20779,0.10118,-0.041688,0.02919
0.97778,0.021126,-0.018064,0.20779,0.10118,-0.041687,0.029187
0.97778,0.021126,-0.018064,0.20779,0.10118,-0.041687,0.029187
0.97778,0.021126,-0.018064,0.20779,0.10118,-0.041687,0.029187
0.97778,0.021126,-0.018064,0.20779,0.10118,-0.041687,0.029187
0.97778,0.021126,-0.018064,0.20779,0.10118,-0.041687,0.029187
0.97778,0.021126,-0.018064,0.20779,0.10118,-0.041687,0.029184
0.97778,0.021126,-0.018064,0.20779,0.10118,-0.041687,0.029183
0.97778,0.021126,-0.018064,0.20779,0.10118,-0.041687,0.029183
0.97778,0.021126,-0.018064,0.20779,0.10118,-0.041687,0.029183
0.97778,0.021126,-0.018064,0.20779,0.10118,-0.041687,0.029183
0.97778,0.021126,-0.018064,0.20779,0.10118,-0.041687,0.02918
0.97778,0.021126,-0.018064,0.20779,0.10118,-0.041687,0.02918
0.97778,0.021126,-0.018064,0.20779,0.10118,-0.041687,0.02918
0.97778,0.021126,-0.018064,0.20779,0.10118,-0.041687,0.02918
0.97778,0.021126,-0.018064,0.20779,0.10118,-0.041687,0.02918
0.97778,0.021126,-0.018064,0.20779,0.10118,-0.041687,0.029177
0.97778,0.021126,-0.018064,0.20779,0.10118,-0.041687,0.029177
0.97778,0.021126,-0.018064,0.20779,0.10118,-0.041687,0.029177
0.97778,0.021126,-0.018064,0.20779,0.10118,-0.041687,0.029177
0.97778,0.021126,-0.018064,0.20779,0.10118,-0.041687,0.029177
0.97778,0.021126,-0.018064,0.20779,0.10118,-0.041686,0.029174
0.97778,0.021126,-0.018064,0.20779,0.10118,-0.041686,0.029174
0.97778,0.021126,-0.018064,0.20779,0.10118,-0.041686,0.029173
0.97778,0.021126,-0.018064,0.20779,0.10118,-0.041687,0.029173
0.97778,0.021126,-0.018064,0.20779,0.10118,-0.041687,0.029173
0.97778,0.021126,-0.018064,0.20779,0.10118,-0.041686,0.02917
0.97778,0.021126,-0.018064,0.20779,0.10118,-0.041686,0.02917
0.97778,0.021126,-0.018064,0.20779,0.10118,-0.041686,0.02917
0.97778,0.021126,-0.018064,0.20779,0.10118,-0.041686,0.02917
0.97778,0.021126,-0.018064,0.20779,0.10118,-0.041686,0.02917
0.97778,0.021126,-0.018064,0.20779,0.10118,-0.041686,0.029167
0.97778,0.021126,-0.018064,0.20779,0.10118,-0.041686,0.029167
0.97778,0.021126,-0.018064,0.20779,0.10118,-0.041686,0.029167
0.97778,0.021126,-0.018064,0.20779,0.10118,-0.041686,0.029167
0.97778,0.021126,-0.018064,0.20779,0.10118,-0.041686,0.029167
0.97778,0.021126,-0.018064,0.20779,0.10118,-0.041686,0.029164
0.97778,0.021126,-0.018064,0.20779,0.10118,-0.041686,0.029164
0.97778,0.021126,-0.018064,0.20779,0.10118,-0.041686,0.029164
0.97778,0.021126,-0.018064,0.20779,0.10118,-0.041686,0.029164
0.97778,0.021126,-0.018064,0.20779,0.10118,-0.041686,0.029164
0.97778,0.021126,-0.018064,0.20779,0.10118,-0.041686,0.02916
0.97778,0.021126,-0.018064,0.20779,0.10118,-0.041686,0.02916
0.97778,0.021126,-0.018064,0.20779,0.10118,-0.041686,0.02916
0.97778,0.021126,-0.018064,0.20779,0.10118,-0.041686,0.02916
0.97778,0.021126,-0.018064,0.20779,0.10118,-0.041686,0.02916
0.97778,0.021126,-0.018064,0.20779,0.10118,-0.041685,0.029157
0.97778,0.021126,-0.018064,0.20779,0.10118,-0.041685,0.029157
0.97778,0.021126,-0.018064,0.20779,0.10118,-0.041685,0.029157
0.97778,0.021126,-0.018064,0.20779,0.10118,-0.041685,0.029157
0.97778,0.021126,-0.018064,0.20779,0.10118,-0.041685,0.029157
0.97778,0.021126,-0.018064,0.20779,0.10118,-0.041685,0.029154
0.97778,0.021126,-0.018064,0.20779,0.10118,-0.041685,0.029154
0.97778,0.021126,-0.018064,0.20779,0.10118,-0.041685,0.029154
0.97778,0.021126,-0.018064,0.20779,0.10118,-0.041685,0.029154
0.97778,0.021126,-0.018064,0.20779,0.10118,-0.041685,0.029154
0.97778,0.021126,-0.018064,0.20779,0.10118,-0.041685,0.029151
0.97778,0.021126,-0.018064,0.20779,0.10118,-0.041685,0.029151
0.97778,0.021126,-0.018064,0.20779,0.10118,-0.041685,0.029151
0.97778,0.021126,-0.018064,0.20779,0.10118,-0.041685,0.02915
0.97778,0.021126,-0.018064,0.20779,0.10118,-0.041685,0.02915
0.97778,0.021126,-0.018064,0.20779,0.10118,-0.041685,0.029147
0.97778,0.021126,-0.018064,0.20779,0.10118,-0.041685,0.029147
0.97778,0.021126,-0.018064,0.20779,0.10118,-0.041685,0.029147
0.97778,0.021126,-0.018064,0.20779,0.10118,-0.041685,0.029147
0.97778,0.021126,-0.018064,0.20779,0.10118,-0.041685,0.029147
0.97778,0.021126,-0.018064,0.20779,0.10118,-0.041685,0.029144
0.97778,0.021126,-0.018064,0.20779,0.10118,-0.041685,0.029144
0.97778,0.021126,-0.018064,0.20779,0.10118,-0.041685,0.029144
0.97778,0.021126,-0.018064,0.20779,0.10118,-0.041685,0.029144
0.97778,0.021126,-0.018064,0.20779,0.10118,-0.041685,0.029144
0.97778,0.021126,-0.018064,0.20779,0.10118,-0.041684,0.029141
0.97778,0.021126,-0.018064,0.20779,0.10118,-0.041685,0.02914
0.97778,0.021126,-0.018064,0.20779,0.10118,-0.041685,0.02914
0.97778,0.021126,-0.018064,0.20779,0.10118,-0.041685,0.02914
0.97778,0.021126,-0.018064,0.20779,0.10118,-0.041685,0.02914
0.97778,0.021126,-0.018064,0.20779,0.10118,-0.041685,0.029137
0.97778,0.021126,-0.018064,0.20779,0.10118,-0.041685,0.029137
0.97778,0.021126,-0.018064,0.20779,0.10118,-0.041685,0.029137
0.97778,0.021126,-0.018064,0.20779,0.10118,-0.041685,0.029137
0.97778,0.021126,-0.018064,0.20779,0.10118,-0.041685,0.029137
0.97778,0.021126,-0.018064,0.20779,0.10117,-0.041685,0.029134
0.97778,0.021126,-0.018064,0.20779,0.10117,-0.041685,0.029134
0.97778,0.021126,-0.018064,0.20779,0.10117,-0.041685,0.029134
0.97778,0.021126,-0.018064,0.20779,0.10117,-0.041685,0.029134
0.97778,0.021126,-0.018064,0.20779,0.10118,-0.041685,0.029133
0.97778,0.021126,-0.018064,0.20779,0.10117,-0.041684,0.02913
0.97778,0.021126,-0.018064,0.20779,0.10117,-0.041684,0.02913
0.97778,0.021126,-0.018064,0.20779,0.10117,-0.041684,0.02913
0.97778,0.021126,-0.018064,0.20779,0.10117,-0.041685,0.02913
0.97778,0.021126,-0.018064,0.20779,0.10117,-0.041685,0.02913
0.97778,0.021126,-0.018064,0.20779,0.10117,-0.041684,0.029127
0.97778,0.021126,-0.018064,0.20779,0.10117,-0.041684,0.029127
0.97778,0.021126,-0.018064,0.20779,0.10117,-0.041684,0.029127
0.97778,0.021126,-0.018064,0.20779,0.10117,-0.041684,0.029127
0.97778,0.021126,-0.018064,0.20779,0.10117,-0.041685,0.029127
0.97778,0.021126,-0.018064,0.20779,0.10117,-0.041684,0.029124
0.97778,0.021126,-0.018064,0.20779,0.10117,-0.041684,0.029124
0.97778,0.021126,-0.018064,0.20779,0.10117,-0.041684,0.029124
0.97778,0.021126,-0.018064,0.20779,0.10117,-0.041684,0.029124
0.97778,0.021126,-0.018064,0.20779,0.10117,-0.041684,0.029124
0.97778,0.021126,-0.018064,0.20779,0.10117,-0.041684,0.029121
0.97778,0.021126,-0.018064,0.20779,0.10117,-0.041684,0.02912
0.97778,0.021126,-0.018064,0.20779,0.10117,-0.041684,0.02912
0.97778,0.021126,-0.018064,0.20779,0.10117,-0.041684,0.02912
0.97778,0.021126,-0.018064,0.20779,0.10117,-0.041684,0.02912
0.97778,0.021126,-0.018064,0.20779,0.10117,-0.041684,0.029117
0.97778,0.021126,-0.018064,0.20779,0.10117,-0.041684,0.029117
0.97778,0.021126,-0.018064,0.20779,0.10117,-0.041684,0.029117
0.97778,0.021126,-0.018064,0.20779,0.10117,-0.041684,0.029117
0.97778,0.021126,-0.018064,0.20779,0.10117,-0.041684,0.029117
0.97778,0.021126,-0.018064,0.20779,0.10117,-0.041684,0.029114
0.97778,0.021126,-0.018064,0.20779,0.10117,-0.041684,0.029114
0.97778,0.021126,-0.018064,0.20779,0.10117,-0.041684,0.029114
0.97778,0.021126,-0.018064,0.20779,0.10117,-0.041684,0.029114
0.97778,0.021126,-0.018064,0.20779,0.10117,-0.041684,0.029114
0.97778,0.021126,-0.018064,0.20779,0.10117,-0.041684,0.029111
0.97778,0.021126,-0.018064,0.20779,0.10117,-0.041684,0.029111
0.97778,0.021126,-0.018064,0.20779,0.10117,-0.041684,0.029111
0.97778,0.021126,-0.018064,0.20779,0.10117,-0.041684,0.029111
0.97778,0.021126,-0.018064,0.20779,0.10117,-0.041684,0.02911
0.97778,0.021126,-0.018064,0.20779,0.10117,-0.041683,0.029108
0.97778,0.021126,-0.018064,0.20779,0.10117,-0.041683,0.029107
0.97778,0.021126,-0.018064,0.20779,0.10117,-0.041683,0.029107
0.97778,0.021126,-0.018064,0.20779,0.10117,-0.041683,0.029107
0.97778,0.021126,-0.018064,0.20779,0.10117,-0.041683,0.029107
0.97778,0.021126,-0.018064,0.20779,0.10117,-0.041683,0.029104
0.97778,0.021126,-0.018064,0.20779,0.10117,-0.041683,0.029104
0.97778,0.021126,-0.018064,0.20779,0.10117,-0.041683,0.029104
0.97778,0.021126,-0.018064,0.20779,0.10117,-0.041683,0.029104
0.97778,0.021126,-0.018064,0.20779,0.10117,-0.041683,0.029104
0.97778,0.021126,-0.018064,0.20779,0.10117,-0.041683,0.029101
0.97778,0.021126,-0.018064,0.20779,0.10117,-0.041683,0.029101
0.97778,0.021126,-0.018064,0.20779,0.10117,-0.041683,0.029101
0.97778,0.021126,-0.018064,0.20779,0.10117,-0.041683,0.029101
0.97778,0.021126,-0.018064,0.20779,0.10117,-0.041683,0.029101
0.97778,0.021126,-0.018064,0.20779,0.10117,-0.041683,0.029098
0.97778,0.021126,-0.018064,0.20779,0.10117,-0.041683,0.029098
0.97778,0.021126,-0.018064,0.20779,0.10117,-0.041683,0.029098
0.97778,0.021126,-0.018064,0.20779,0.10117,-0.041683,0.029097
0.97778,0.021126,-0.018064,0.20779,0.10117,-0.041683,0.029097
0.97778,0.021126,-0.018064,0.20779,0.10117,-0.041683,0.029094
0.97778,0.021126,-0.018064,0.20779,0.10117,-0.041683,0.029094
0.97778,0.021126,-0.018064,0.20779,0.10117,-0.041683,0.029094
0.97778,0.021126,-0.018064,0.20779,0.10117,-0.041683,0.029094
0.97778,0.021126,-0.018064,0.20779,0.10117,-0.041683,0.029094
0.97778,0.021126,-0.018064,0.20779,0.10117,-0.041683,0.029091
0.97778,0.021126,-0.018064,0.20779,0.10117,-0.041683,0.029091
0.97778,0.021126,-0.018064,0.20779,0.10117,-0.041683,0.029091
0.97778,0.021126,-0.018064,0.20779,0.10117,-0.041683,0.029091
0.97778,0.021126,-0.018064,0.20779,0.10117,-0.041683,0.029091
0.97778,0.021126,-0.018064,0.20779,0.10117,-0.041683,0.029088
0.97778,0.021126,-0.018064,0.20779,0.10117,-0.041683,0.029088
0.97778,0.021126,-0.018064,0.20779,0.10117,-0.041683,0.029088
0.97778,0.021126,-0.018064,0.20779,0.10117,-0.041683,0.029088
0.97778,0.021126,-0.018064,0.20779,0.10117,-0.041683,0.029088
0.97778,0.021126,-0.018064,0.20779,0.10117,-0.041682,0.029085
0.97778,0.021126,-0.018064,0.20779,0.10117,-0.041682,0.029085
0.97778,0.021126,-0.018064,0.20779,0.10117,-0.041683,0.029085
0.97778,0.021126,-0.018064,0.20779,0.10117,-0.041683,0.029084
0.97778,0.021126,-0.018064,0.20779,0.10117,-0.041683,0.029084
0.97778,0.021126,-0.018064,0.20779,0.10117,-0.041682,0.029081
0.97778,0.021126,-0.018064,0.20779,0.10117,-0.041682,0.029081
0.97778,0.021126,-0.018064,0.20779,0.10117,-0.041682,0.029081
0.97778,0.021126,-0.018064,0.20779,0.10117,-0.041682,0.029081
0.97778,0.021126,-0.018064,0.20779,0.10117,-0.041682,0.029081
0.97778,0.021126,-0.018064,0.20779,0.10117,-0.041682,0.029078
0.97778,0.021126,-0.018064,0.20779,0.10117,-0.041682,0.029078
0.97778,0.021126,-0.018064,0.20779,0.10117,-0.041682,0.029078
0.97778,0.021126,-0.018064,0.20779,0.10117,-0.041683,0.029078
0.97778,0.021126,-0.018064,0.20779,0.10117,-0.041683,0.029078
0.97778,0.021126,-0.018064,0.20779,0.10117,-0.041682,0.029075
0.97778,0.021126,-0.018064,0.20779,0.10117,-0.041682,0.029075
0.97778,0.021126,-0.018064,0.20779,0.10117,-0.041683,0.029074
0.97778,0.021126,-0.018064,0.20779,0.10117,-0.041683,0.029074
0.97778,0.021126,-0.018064,0.20779,0.10117,-0.041683,0.029074
0.97778,0.021126,-0.018064,0.20779,0.10117,-0.041682,0.029071
0.97778,0.021126,-0.018064,0.20779,0.10117,-0.041683,0.029071
0.97778,0.021126,-0.018064,0.20779,0.10117,-0.041683,0.029071
0.97778,0.021126,-0.018064,0.20779,0.10117,-0.041683,0.029071
0.97778,0.021126,-0.018064,0.20779,0.10117,-0.041683,0.029071
0.97778,0.021126,-0.018064,0.20779,0.10117,-0.041683,0.029068
0.97778,0.021126,-0.018064,0.20779,0.10117,-0.041683,0.029068
0.97778,0.021126,-0.018064,0.20779,0.10117,-0.041683,0.029068
0.97778,0.021126,-0.018064,0.20779,0.10117,-0.041683,0.029068
0.97778,0.021126,-0.018064,0.20779,0.10117,-0.041683,0.029068
0.97778,0.021126,-0.018064,0.20779,0.10117,-0.041683,0.029065
0.97778,0.021126,-0.018064,0.20779,0.10117,-0.041683,0.029065
0.97778,0.021126,-0.018064,0.20779,0.10117,-0.041683,0.029065
0.97778,0.021126,-0.018064,0.20779,0.10117,-0.041683,0.029065
0.97778,0.021126,-0.018064,0.20779,0.10117,-0.041683,0.029065
0.97778,0.021126,-0.018064,0.20779,0.10117,-0.041683,0.029062
0.97778,0.021126,-0.018064,0.20779,0.10117,-0.041683,0.029062
0.97778,0.021126,-0.018064,0.20779,0.10117,-0.041683,0.029061
0.97778,0.021126,-0.018064,0.20779,0.10117,-0.041683,0.029061
0.97778,0.021126,-0.018064,0.20779,0.10117,-0.041683,0.029061
0.97778,0.021126,-0.018064,0.20779,0.10117,-0.041682,0.029058
0.97778,0.021126,-0.018064,0.20779,0.10117,-0.041683,0.029058
0.97778,0.021126,-0.018064,0.20779,0.10117,-0.041683,0.029058
0.97778,0.021126,-0.018064,0.20779,0.10117,-0.041683,0.029058
0.97778,0.021126,-0.018064,0.20779,0.10117,-0.041683,0.029058
0.97778,0.021126,-0.018064,0.20779,0.10117,-0.041682,0.029055
0.97778,0.021126,-0.018064,0.20779,0.10117,-0.041683,0.029055
0.97778,0.021126,-0.018064,0.20779,0.10117,-0.041683,0.029055
0.97778,0.021126,-0.018064,0.20779,0.10117,-0.041683,0.029055
0.97778,0.021126,-0.018064,0.20779,0.10117,-0.041683,0.029055
0.97778,0.021126,-0.018064,0.20779,0.10117,-0.041682,0.029052
0.97778,0.021126,-0.018064,0.20779,0.10117,-0.041682,0.029052
0.97778,0.021126,-0.018064,0.20779,0.10117,-0.041683,0.029052
0.97778,0.021126,-0.018064,0.20779,0.10117,-0.041683,0.029052
0.97778,0.021126,-0.018064,0.20779,0.10117,-0.041683,0.029052
0.97778,0.021126,-0.018064,0.20779,0.10117,-0.041682,0.029049
0.97778,0.021126,-0.018064,0.20779,0.10117,-0.041683,0.029049
0.97778,0.021126,-0.018064,0.20779,0.10117,-0.041683,0.029049
0.97778,0.021126,-0.018064,0.20779,0.10117,-0.041683,0.029049
0.97778,0.021126,-0.018064,0.20779,0.10117,-0.041683,0.029048
0.97778,0.021126,-0.018064,0.20779,0.10117,-0.041682,0.029045
0.97778,0.021126,-0.018064,0.20779,0.10117,-0.041683,0.029045
0.97778,0.021126,-0.018064,0.20779,0.10117,-0.041683,0.029045
0.97778,0.021126,-0.018064,0.20779,0.10117,-0.041683,0.029045
0.97778,0.021126,-0.018064,0.20779,0.10117,-0.041683,0.029045
0.97778,0.021126,-0.018064,0.20779,0.10117,-0.041682,0.029042
0.97778,0.021126,-0.018064,0.20779,0.10117,-0.041683,0.029042
0.97778,0.021126,-0.018064,0.20779,0.10117,-0.041683,0.029042
0.97778,0.021126,-0.018064,0.20779,0.10117,-0.041683,0.029042
0.97778,0.021126,-0.018064,0.20779,0.10117,-0.041683,0.029042
0.97778,0.021126,-0.018064,0.20779,0.10117,-0.041682,0.029039
0.97778,0.021126,-0.018064,0.20779,0.10117,-0.041683,0.029039
0.97778,0.021126,-0.018064,0.20779,0.10117,-0.041683,0.029039
0.97778,0.021126,-0.018064,0.20779,0.10117,-0.041683,0.029039
0.97778,0.021126,-0.018064,0.20779,0.10117,-0.041683,0.029039
0.97778,0.021126,-0.018064,0.20779,0.10117,-0.041682,0.029036
0.97778,0.021126,-0.018064,0.20779,0.10117,-0.041682,0.029036
0.97778,0.021126,-0.018064,0.20779,0.10117,-0.041682,0.029036
0.97778,0.021126,-0.018064,0.20779,0.10117,-0.041683,0.029036
0.97778,0.021126,-0.018064,0.20779,0.10117,-0.041683,0.029035
0.97778,0.021126,-0.018064,0.20779,0.10117,-0.041682,0.029033
0.97778,0.021126,-0.018064,0.20779,0.10117,-0.041682,0.029033
0.97778,0.021126,-0.018064,0.20779,0.10117,-0.041682,0.029032
0.97778,0.021126,-0.018064,0.20779,0.10117,-0.041682,0.029032
0.97778,0.021126,-0.018064,0.20779,0.10117,-0.041683,0.029032
0.97778,0.021126,-0.018064,0.20779,0.10117,-0.041682,0.029029
0.97778,0.021126,-0.018064,0.20779,0.10117,-0.041682,0.029029
0.97778,0.021126,-0.018064,0.20779,0.10117,-0.041682,0.029029
0.97778,0.021126,-0.018064,0.20779,0.10117,-0.041683,0.029029
0.97778,0.021126,-0.018064,0.20779,0.10117,-0.041683,0.029029
0.97778,0.021126,-0.018064,0.20779,0.10117,-0.041682,0.029026
0.97778,0.021126,-0.018064,0.20779,0.10117,-0.041682,0.029026
0.97778,0.021126,-0.018064,0.20779,0.10117,-0.041682,0.029026
0.97778,0.021126,-0.018064,0.20779,0.10117,-0.041682,0.029026
0.97778,0.021126,-0.018064,0.20779,0.10117,-0.041683,0.029026
0.97778,0.021126,-0.018064,0.20779,0.10117,-0.041682,0.029023
0.97778,0.021126,-0.018064,0.20779,0.10117,-0.041682,0.029023
0.97778,0.021126,-0.018064,0.20779,0.10117,-0.041682,0.029023
0.97778,0.021126,-0.018064,0.20779,0.10117,-0.041682,0.029023
0.97778,0.021126,-0.018064,0.20779,0.10117,-0.041682,0.029023
0.97778,0.021126,-0.018064,0.20779,0.10117,-0.041682,0.02902
0.97778,0.021126,-0.018064,0.20779,0.10117,-0.041682,0.02902
0.97778,0.021126,-0.018064,0.20779,0.10117,-0.041682,0.02902
0.97778,0.021126,-0.018064,0.20779,0.10117,-0.041682,0.02902
0.97778,0.021126,-0.018064,0.20779,0.10117,-0.041682,0.029019
0.97778,0.021126,-0.018064,0.20779,0.10117,-0.041682,0.029017
0.97778,0.021126,-0.018064,0.20779,0.10117,-0.041682,0.029016
0.97778,0.021126,-0.018064,0.20779,0.10117,-0.041682,0.029016
0.97778,0.021126,-0.018064,0.20779,0.10117,-0.041682,0.029016
0.97778,0.021126,-0.018064,0.20779,0.10117,-0.041682,0.029016
0.97778,0.021126,-0.018064,0.20779,0.10117,-0.041682,0.029013
0.97778,0.021126,-0.018064,0.20779,0.10117,-0.041682,0.029013
0.97778,0.021126,-0.018064,0.20779,0.10117,-0.041682,0.029013
0.97778,0.021126,-0.018064,0.20779,0.10117,-0.041682,0.029013
0.97778,0.021126,-0.018064,0.20779,0.10117,-0.041682,0.029013
0.97778,0.021126,-0.018064,0.20779,0.10117,-0.041682,0.02901
0.97778,0.021126,-0.018064,0.20779,0.10117,-0.041682,0.02901
0.97778,0.021126,-0.018064,0.20779,0.10117,-0.041682,0.02901
0.97778,0.021126,-0.018064,0.20779,0.10117,-0.041682,0.02901
0.97778,0.021126,-0.018064,0.20779,0.10117,-0.041682,0.02901
0.97778,0.021126,-0.018064,0.20779,0.10117,-0.041682,0.029007
0.97778,0.021126,-0.018064,0.20779,0.10117,-0.041682,0.029007
0.97778,0.021126,-0.018064,0.20779,0.10117,-0.041682,0.029007
0.97778,0.021126,-0.018064,0.20779,0.10117,-0.041682,0.029007
0.97778,0.021126,-0.018064,0.20779,0.10117,-0.041682,0.029007
0.97778,0.021126,-0.018064,0.20779,0.10117,-0.041682,0.029004
0.97778,0.021126,-0.018064,0.20779,0.10117,-0.041682,0.029004
0.97778,0.021126,-0.018064,0.20779,0.10117,-0.041682,0.029004
0.97778,0.021126,-0.018064,0.20779,0.10117,-0.041682,0.029003
0.97778,0.021126,-0.018064,0.20779,0.10117,-0.041682,0.029003
0.97778,0.021126,-0.018064,0.20779,0.10117,-0.041682,0.029001
0.97778,0.021126,-0.018064,0.20779,0.10117,-0.041682,0.029
0.97778,0.021126,-0.018064,0.20779,0.10117,-0.041682,0.029
0.97778,0.021126,-0.018064,0.20779,0.10117,-0.041682,0.029
0.97778,0.021126,-0.018064,0.20779,0.10117,-0.041682,0.029
0.97778,0.021126,-0.018064,0.20779,0.10117,-0.041682,0.028997
0.97778,0.021126,-0.018064,0.20779,0.10117,-0.041682,0.028997
0.97778,0.021126,-0.018064,0.20779,0.10117,-0.041682,0.028997
0.97778,0.021126,-0.018064,0.20779,0.10117,-0.041682,0.028997
0.97778,0.021126,-0.018064,0.20779,0.10117,-0.041682,0.028997
0.97778,0.021126,-0.018064,0.20779,0.10117,-0.041682,0.028994
0.97778,0.021126,-0.018064,0.20779,0.10117,-0.041682,0.028994
0.97778,0.021126,-0.018064,0.20779,0.10117,-0.041682,0.028994
0.97778,0.021126,-0.018064,0.20779,0.10117,-0.041682,0.028994
0.97778,0.021126,-0.018064,0.20779,0.10117,-0.041682,0.028994
0.97778,0.021126,-0.018064,0.20779,0.10117,-0.041682,0.028991
0.97778,0.021126,-0.018064,0.20779,0.10117,-0.041682,0.028991
0.97778,0.021126,-0.018064,0.20779,0.10117,-0.041682,0.028991
0.97778,0.021126,-0.018064,0.20779,0.10117,-0.041682,0.028991
0.97778,0.021126,-0.018064,0.20779,0.10117,-0.041682,0.028991
0.97778,0.021126,-0.018064,0.20779,0.10117,-0.041682,0.028988
0.97778,0.021126,-0.018064,0.20779,0.10117,-0.041682,0.028988
0.97778,0.021126,-0.018064,0.20779,0.10117,-0.041682,0.028988
0.97778,0.021126,-0.018064,0.20779,0.10117,-0.041682,0.028988
0.97778,0.021126,-0.018064,0.20779,0.10117,-0.041682,0.028988
0.97778,0.021126,-0.018064,0.20779,0.10117,-0.041682,0.028985
0.97778,0.021126,-0.018064,0.20779,0.10117,-0.041682,0.028985
0.97778,0.021126,-0.018064,0.20779,0.10117,-0.041682,0.028985
0.97778,0.021126,-0.018064,0.20779,0.10117,-0.041682,0.028984
0.97778,0.021126,-0.018064,0.20779,0.10117,-0.041682,0.028984
0.97778,0.021126,-0.018064,0.20779,0.10117,-0.041682,0.028982
0.97778,0.021126,-0.018064,0.20779,0.10117,-0.041682,0.028981
0.97778,0.021126,-0.018064,0.20779,0.10117,-0.041682,0.028981
0.97778,0.021126,-0.018064,0.20779,0.10117,-0.041682,0.028981
0.97778,0.021126,-0.018064,0.20779,0.10117,-0.041682,0.028981
0.97778,0.021126,-0.018064,0.20779,0.10117,-0.041682,0.028978
0.97778,0.021126,-0.018064,0.20779,0.10117,-0.041682,0.028978
0.97778,0.021126,-0.018064,0.20779,0.10117,-0.041682,0.028978
0.97778,0.021126,-0.018064,0.20779,0.10117,-0.041682,0.028978
0.97778,0.021126,-0.018064,0.20779,0.10117,-0.041682,0.028978
0.97778,0.021126,-0.018064,0.20779,0.10117,-0.041681,0.028975
0.97778,0.021126,-0.018064,0.20779,0.10117,-0.041682,0.028975
0.97778,0.021126,-0.018064,0.20779,0.10117,-0.041682,0.028975
0.97778,0.021126,-0.018064,0.20779,0.10117,-0.041682,0.028975
0.97778,0.021126,-0.018064,0.20779,0.10117,-0.041682,0.028975
0.97778,0.021126,-0.018064,0.20779,0.10117,-0.041681,0.028972
0.97778,0.021126,-0.018064,0.20779,0.10117,-0.041681,0.028972
0.97778,0.021126,-0.018064,0.20779,0.10117,-0.041681,0.028972
0.97778,0.021126,-0.018064,0.20779,0.10117,-0.041681,0.028972
0.97778,0.021126,-0.018064,0.20779,0.10117,-0.041682,0.028972
0.97778,0.021126,-0.018064,0.20779,0.10117,-0.041681,0.028969
0.97778,0.021126,-0.018064,0.20779,0.10117,-0.041681,0.028969
0.97778,0.021126,-0.018064,0.20779,0.10117,-0.041681,0.028969
0.97778,0.021126,-0.018064,0.20779,0.10117,-0.041681,0.028968
0.97778,0.021126,-0.018064,0.20779,0.10117,-0.041681,0.028968
0.97778,0.021126,-0.018064,0.20779,0.10117,-0.041681,0.028965
0.97778,0.021126,-0.018064,0.20779,0.10117,-0.041681,0.028965
0.97778,0.021126,-0.018064,0.20779,0.10117,-0.041681,0.028965
0.97778,0.021126,-0.018064,0.20779,0.10117,-0.041681,0.028965
0.97778,0.021126,-0.018064,0.20779,0.10117,-0.041681,0.028965
0.97778,0.021126,-0.018064,0.20779,0.10117,-0.041681,0.028962
0.97778,0.021126,-0.018064,0.20779,0.10117,-0.041681,0.028962
0.97778,0.021126,-0.018064,0.20779,0.10117,-0.041681,0.028962
0.97778,0.021126,-0.018064,0.20779,0.10117,-0.041681,0.028962
0.97778,0.021126,-0.018064,0.20779,0.10117,-0.041681,0.028962
0.97778,0.021126,-0.018064,0.20779,0.10117,-0.041681,0.028959
0.97778,0.021126,-0.018064,0.20779,0.10117,-0.041681,0.028959
0.97778,0.021126,-0.018064,0.20779,0.10117,-0.041681,0.028959
0.97778,0.021126,-0.018064,0.20779,0.10117,-0.041681,0.028959
0.97778,0.021126,-0.018064,0.20779,0.10117,-0.041681,0.028959
0.97778,0.021126,-0.018064,0.20779,0.10117,-0.041681,0.028956
0.97778,0.021126,-0.018064,0.20779,0.10117,-0.041681,0.028956
0.97778,0.021126,-0.018064,0.20779,0.10117,-0.041681,0.028956
0.97778,0.021126,-0.018064,0.20779,0.10117,-0.041681,0.028956
0.97778,0.021126,-0.018064,0.20779,0.10117,-0.041681,0.028956
0.97778,0.021126,-0.018064,0.20779,0.10117,-0.041681,0.028953
0.97778,0.021126,-0.018064,0.20779,0.10117,-0.041681,0.028953
0.97778,0.021126,-0.018064,0.20779,0.10117,-0.041681,0.028953
0.97778,0.021126,-0.018064,0.20779,0.10117,-0.041681,0.028953
0.97778,0.021126,-0.018064,0.20779,0.10117,-0.041681,0.028953
0.97778,0.021126,-0.018064,0.20779,0.10117,-0.04168,0.02895
0.97778,0.021126,-0.018064,0.20779,0.10117,-0.04168,0.02895
0.97778,0.021126,-0.018064,0.20779,0.10117,-0.04168,0.02895
0.97778,0.021126,-0.018064,0.20779,0.10117,-0.041681,0.02895
0.97778,0.021126,-0.018064,0.20779,0.10117,-0.041681,0.02895
0.97778,0.021126,-0.018064,0.20779,0.10117,-0.04168,0.028947
0.97778,0.021126,-0.018064,0.20779,0.10117,-0.04168,0.028947
0.97778,0.021126,-0.018064,0.20779,0.10117,-0.04168,0.028947
0.97778,0.021126,-0.018064,0.20779,0.10117,-0.04168,0.028947
0.97778,0.021126,-0.018064,0.20779,0.10117,-0.04168,0.028946
0.97778,0.021126,-0.018064,0.20779,0.10117,-0.04168,0.028944
0.97778,0.021126,-0.018064,0.20779,0.10117,-0.04168,0.028944
0.97778,0.021126,-0.018064,0.20779,0.10117,-0.04168,0.028944
0.97778,0.021126,-0.018064,0.20779,0.10117,-0.04168,0.028943
0.97778,0.021126,-0.018064,0.20779,0.10117,-0.04168,0.028943
0.97778,0.021126,-0.018064,0.20779,0.10117,-0.04168,0.028941
0.97778,0.021126,-0.018064,0.20779,0.10117,-0.04168,0.028941
0.97778,0.021126,-0.018064,0.20779,0.10117,-0.04168,0.028941
0.97778,0.021126,-0.018064,0.20779,0.10117,-0.04168,0.02894
0.97778,0.021126,-0.018064,0.20779,0.10117,-0.04168,0.02894
0.97778,0.021126,-0.018064,0.20779,0.10117,-0.04168,0.028938
0.97778,0.021126,-0.018064,0.20779,0.10117,-0.04168,0.028938
0.97778,0.021126,-0.018064,0.20779,0.10117,-0.04168,0.028937
0.97778,0.021126,-0.018064,0.20779,0.10117,-0.04168,0.028937
0.97778,0.021126,-0.018064,0.20779,0.10117,-0.04168,0.028937
0.97778,0.021126,-0.018064,0.20779,0.10117,-0.04168,0.028935
0.97778,0.021126,-0.018064,0.20779,0.10117,-0.04168,0.028935
0.97778,0.021126,-0.018064,0.20779,0.10117,-0.04168,0.028934
0.97778,0.021126,-0.018064,0.20779,0.10117,-0.04168,0.028934
0.97778,0.021126,-0.018064,0.20779,0.10117,-0.04168,0.028934
0.97778,0.021126,-0.018064,0.20779,0.10117,-0.04168,0.028932
0.97778,0.021126,-0.018064,0.20779,0.10117,-0.04168,0.028932
0.97778,0.021126,-0.018064,0.20779,0.10117,-0.04168,0.028931
0.97778,0.021126,-0.018064,0.20779,0.10117,-0.04168,0.028931
0.97778,0.021126,-0.018064,0.20779,0.10117,-0.04168,0.028931
0.97778,0.021126,-0.018064,0.20779,0.10117,-0.041679,0.028929
0.97778,0.021126,-0.018064,0.20779,0.10117,-0.041679,0.028929
0.97778,0.021126,-0.018064,0.20779,0.10117,-0.041679,0.028928
0.97778,0.021126,-0.018064,0.20779,0.10117,-0.041679,0.028928
0.97778,0.021126,-0.018064,0.20779,0.10117,-0.041679,0.028928
0.97778,0.021126,-0.018064,0.20779,0.10117,-0.041679,0.028926
0.97778,0.021126,-0.018064,0.20779,0.10117,-0.041679,0.028926
0.97778,0.021126,-0.018064,0.20779,0.10117,-0.041679,0.028925
0.97778,0.021126,-0.018064,0.20779,0.10117,-0.041679,0.028925
0.97778,0.021126,-0.018064,0.20779,0.10117,-0.041679,0.028925
0.97778,0.021126,-0.018064,0.20779,0.10117,-0.041679,0.028923
0.97778,0.021126,-0.018064,0.20779,0.10117,-0.041679,0.028923
0.97778,0.021126,-0.018064,0.20779,0.10117,-0.041679,0.028922
0.97778,0.021126,-0.018064,0.20779,0.10117,-0.041679,0.028922
0.97778,0.021126,-0.018064,0.20779,0.10117,-0.041679,0.028922
0.97778,0.021126,-0.018064,0.20779,0.10117,-0.041679,0.02892
0.97778,0.021126,-0.018064,0.20779,0.10117,-0.041679,0.02892
0.97778,0.021126,-0.018064,0.20779,0.10117,-0.041679,0.028919
0.97778,0.021126,-0.018064,0.20779,0.10117,-0.041679,0.028919
0.97778,0.021126,-0.018064,0.20779,0.10117,-0.041679,0.028919
0.97778,0.021126,-0.018064,0.20779,0.10117,-0.041679,0.028917
0.97778,0.021126,-0.018064,0.20779,0.10117,-0.041679,0.028917
0.97778,0.021126,-0.018064,0.20779,0.10117,-0.041679,0.028916
0.97778,0.021126,-0.018064,0.20779,0.10117,-0.041679,0.028916
0.97778,0.021126,-0.018064,0.20779,0.10117,-0.041679,0.028916
0.97778,0.021126,-0.018064,0.20779,0.10117,-0.041678,0.028914
0.97778,0.021126,-0.018064,0.20779,0.10117,-0.041678,0.028914
0.97778,0.021126,-0.018064,0.20779,0.10117,-0.041678,0.028914
0.97778,0.021126,-0.018064,0.20779,0.10117,-0.041678,0.028913
0.97778,0.021126,-0.018064,0.20779,0.10117,-0.041678,0.028913
0.97778,0.021126,-0.018064,0.20779,0.10117,-0.041678,0.028911
0.97778,0.021126,-0.018064,0.20779,0.10117,-0.041678,0.028911
0.97778,0.021126,-0.018064,0.20779,0.10117,-0.041678,0.028911
0.97778,0.021126,-0.018064,0.20779,0.10117,-0.041678,0.028911
0.97778,0.021126,-0.018064,0.20779,0.10117,-0.041678,0.02891
0.97778,0.021126,-0.018064,0.20779,0.10117,-0.041678,0.028908
0.97778,0.021126,-0.018064,0.20779,0.10117,-0.041678,0.028908
0.97778,0.021126,-0.018064,0.20779,0.10117,-0.041678,0.028908
0.97778,0.021126,-0.018064,0.20779,0.10117,-0.041678,0.028908
0.97778,0.021126,-0.018064,0.20779,0.10117,-0.041678,0.028907
0.97778,0.021126,-0.018064,0.20779,0.10117,-0.041678,0.028905
0.97778,0.021126,-0.018064,0.20779,0.10117,-0.041678,0.028905
0.97778,0.021126,-0.018064,0.20779,0.10117,-0.041678,0.028905
0.97778,0.021126,-0.018064,0.20779,0.10117,-0.041678,0.028905
0.97778,0.021126,-0.018064,0.20779,0.10117,-0.041678,0.028905
0.97778,0.021126,-0.018064,0.20779,0.10117,-0.041678,0.028902
0.97778,0.021126,-0.018064,0.20779,0.10117,-0.041678,0.028902
0.97778,0.021126,-0.018064,0.20779,0.10117,-0.041678,0.028902
0.97778,0.021126,-0.018064,0.20779,0.10117,-0.041678,0.028902
0.97778,0.021126,-0.018064,0.20779,0.10117,-0.041678,0.028902
0.97778,0.021126,-0.018064,0.20779,0.10117,-0.041677,0.028899
0.97778,0.021126,-0.018064,0.20779,0.10117,-0.041677,0.028899
0.97778,0.021126,-0.018064,0.20779,0.10117,-0.041677,0.028899
0.97778,0.021126,-0.018064,0.20779,0.10117,-0.041677,0.028899
0.97778,0.021126,-0.018064,0.20779,0.10117,-0.041677,0.028899
0.97778,0.021126,-0.018064,0.20779,0.10117,-0.041677,0.028896
