0.35496,0.13438,-0.41854,0.82509,-0.077926,0.09539,0.09631
0.35496,0.13438,-0.41854,0.82509,-0.077926,0.09539,0.09631
0.35496,0.13438,-0.41854,0.82509,-0.077926,0.09539,0.09631
0.35496,0.13438,-0.41854,0.82509,-0.077926,0.095389,0.09631
0.35496,0.13438,-0.41854,0.82509,-0.077926,0.095389,0.09631
0.35496,0.13438,-0.41854,0.82509,-0.077926,0.095389,0.09631
0.35496,0.13438,-0.41854,0.82509,-0.077926,0.095389,0.09631
0.35496,0.13438,-0.41854,0.82509,-0.077926,0.095389,0.096307
0.35496,0.13438,-0.41854,0.82509,-0.077926,0.095389,0.096307
0.35496,0.13438,-0.41854,0.82509,-0.077926,0.095389,0.096307
0.35496,0.13438,-0.41854,0.82509,-0.077926,0.095389,0.096307
0.35496,0.13438,-0.41854,0.82509,-0.077926,0.095389,0.096307
0.35496,0.13438,-0.41854,0.82509,-0.077926,0.095389,0.096304
0.35496,0.13438,-0.41854,0.82509,-0.077926,0.095389,0.096303
0.35496,0.13438,-0.41854,0.82509,-0.077926,0.095389,0.096303
0.35496,0.13438,-0.41854,0.82509,-0.077926,0.095389,0.096303
0.35496,0.13438,-0.41854,0.82509,-0.077926,0.095389,0.096303
0.35496,0.13438,-0.41854,0.82509,-0.077926,0.09539,0.0963
0.35496,0.13438,-0.41854,0.82509,-0.077926,0.09539,0.0963
0.35496,0.13438,-0.41854,0.82509,-0.077926,0.09539,0.0963
0.35496,0.13438,-0.41854,0.82509,-0.077926,0.09539,0.0963
0.35496,0.13438,-0.41854,0.82509,-0.077926,0.09539,0.0963
0.35496,0.13438,-0.41854,0.82509,-0.077926,0.09539,0.096297
0.35496,0.13438,-0.41854,0.82509,-0.077926,0.09539,0.096297
0.35496,0.13438,-0.41854,0.82509,-0.077926,0.09539,0.096297
0.35496,0.13438,-0.41854,0.82509,-0.077926,0.09539,0.096297
0.35496,0.13438,-0.41854,0.82509,-0.077926,0.09539,0.096297
0.35496,0.13438,-0.41854,0.82509,-0.077926,0.09539,0.096294
0.35496,0.13438,-0.41854,0.82509,-0.077926,0.09539,0.096294
0.35496,0.13438,-0.41854,0.82509,-0.077926,0.09539,0.096294
0.35496,0.13438,-0.41854,0.82509,-0.077926,0.09539,0.096293
0.35496,0.13438,-0.41854,0.82509,-0.077926,0.09539,0.096293
0.35496,0.13438,-0.41854,0.82509,-0.077926,0.09539,0.09629
0.35496,0.13438,-0.41854,0.82509,-0.077926,0.09539,0.09629
0.35496,0.13438,-0.41854,0.82509,-0.077926,0.09539,0.09629
0.35496,0.13438,-0.41854,0.82509,-0.077926,0.09539,0.09629
0.35496,0.13438,-0.41854,0.82509,-0.077926,0.09539,0.09629
0.35496,0.13438,-0.41854,0.82509,-0.077926,0.09539,0.096287
0.35496,0.13438,-0.41854,0.82509,-0.077926,0.09539,0.096287
0.35496,0.13438,-0.41854,0.82509,-0.077926,0.09539,0.096287
0.35496,0.13438,-0.41854,0.82509,-0.077926,0.09539,0.096287
0.35496,0.13438,-0.41854,0.82509,-0.077926,0.09539,0.096287
0.35496,0.13438,-0.41854,0.82509,-0.077927,0.095391,0.096284
0.35496,0.13438,-0.41854,0.82509,-0.077926,0.095391,0.096284
0.35496,0.13438,-0.41854,0.82509,-0.077926,0.095391,0.096284
0.35496,0.13438,-0.41854,0.82509,-0.077926,0.095391,0.096284
0.35496,0.13438,-0.41854,0.82509,-0.077926,0.095391,0.096284
0.35496,0.13438,-0.41854,0.82509,-0.077927,0.095391,0.096281
0.35496,0.13438,-0.41854,0.82509,-0.077927,0.095391,0.096281
0.35496,0.13438,-0.41854,0.82509,-0.077927,0.095391,0.096281
0.35496,0.13438,-0.41854,0.82509,-0.077927,0.095391,0.096281
0.35496,0.13438,-0.41854,0.82509,-0.077926,0.095391,0.09628
0.35496,0.13438,-0.41854,0.82509,-0.077927,0.095391,0.096277
0.35496,0.13438,-0.41854,0.82509,-0.077927,0.095391,0.096277
0.35496,0.13438,-0.41854,0.82509,-0.077927,0.095391,0.096277
0.35496,0.13438,-0.41854,0.82509,-0.077927,0.095391,0.096277
0.35496,0.13438,-0.41854,0.82509,-0.077927,0.095391,0.096277
0.35496,0.13438,-0.41854,0.82509,-0.077927,0.095391,0.096274
0.35496,0.13438,-0.41854,0.82509,-0.077927,0.095391,0.096274
0.35496,0.13438,-0.41854,0.82509,-0.077927,0.095391,0.096274
0.35496,0.13438,-0.41854,0.82509,-0.077927,0.095391,0.096274
0.35496,0.13438,-0.41854,0.82509,-0.077927,0.095391,0.096274
0.35496,0.13438,-0.41854,0.82509,-0.077927,0.095391,0.096271
0.35496,0.13438,-0.41854,0.82509,-0.077927,0.095391,0.096271
0.35496,0.13438,-0.41854,0.82509,-0.077927,0.095391,0.096271
0.35496,0.13438,-0.41854,0.82509,-0.077927,0.095391,0.096271
0.35496,0.13438,-0.41854,0.82509,-0.077927,0.095391,0.096271
0.35496,0.13438,-0.41854,0.82509,-0.077927,0.095392,0.096268
0.35496,0.13438,-0.41854,0.82509,-0.077927,0.095392,0.096268
0.35496,0.13438,-0.41854,0.82509,-0.077927,0.095392,0.096267
0.35496,0.13438,-0.41854,0.82509,-0.077927,0.095392,0.096267
0.35496,0.13438,-0.41854,0.82509,-0.077927,0.095391,0.096267
0.35496,0.13438,-0.41854,0.82509,-0.077928,0.095392,0.096264
0.35496,0.13438,-0.41854,0.82509,-0.077928,0.095392,0.096264
0.35496,0.13438,-0.41854,0.82509,-0.077927,0.095392,0.096264
0.35496,0.13438,-0.41854,0.82509,-0.077927,0.095392,0.096264
0.35496,0.13438,-0.41854,0.82509,-0.077927,0.095392,0.096264
0.35496,0.13438,-0.41854,0.82509,-0.077928,0.095392,0.096261
0.35496,0.13438,-0.41854,0.82509,-0.077928,0.095392,0.096261
0.35496,0.13438,-0.41854,0.82509,-0.077928,0.095392,0.096261
0.35496,0.13438,-0.41854,0.82509,-0.077928,0.095392,0.096261
0.35496,0.13438,-0.41854,0.82509,-0.077928,0.095392,0.096261
0.35496,0.13438,-0.41854,0.82509,-0.077928,0.095392,0.096258
0.35496,0.13438,-0.41854,0.82509,-0.077928,0.095392,0.096258
0.35496,0.13438,-0.41854,0.82509,-0.077928,0.095392,0.096257
0.35496,0.13438,-0.41854,0.82509,-0.077928,0.095392,0.096257
0.35496,0.13438,-0.41854,0.82509,-0.077928,0.095392,0.096257
0.35496,0.13438,-0.41854,0.82509,-0.077928,0.095392,0.096254
0.35496,0.13438,-0.41854,0.82509,-0.077928,0.095392,0.096254
0.35496,0.13438,-0.41854,0.82509,-0.077928,0.095392,0.096254
0.35496,0.13438,-0.41854,0.82509,-0.077928,0.095392,0.096254
0.35496,0.13438,-0.41854,0.82509,-0.077928,0.095392,0.096254
0.35496,0.13438,-0.41854,0.82509,-0.077928,0.095392,0.096251
0.35496,0.13438,-0.41854,0.82509,-0.077929,0.095392,0.096251
0.35496,0.13438,-0.41854,0.82509,-0.077929,0.095392,0.096251
0.35496,0.13438,-0.41854,0.82509,-0.077929,0.095392,0.09625
0.35496,0.13438,-0.41854,0.82509,-0.077929,0.095392,0.09625
0.35496,0.13438,-0.41854,0.82509,-0.077929,0.095392,0.096247
0.35496,0.13438,-0.41854,0.82509,-0.077929,0.095392,0.096247
0.35496,0.13438,-0.41854,0.82509,-0.077929,0.095392,0.096247
0.35496,0.13438,-0.41854,0.82509,-0.077929,0.095392,0.096247
0.35496,0.13438,-0.41854,0.82509,-0.077929,0.095392,0.096247
0.35496,0.13438,-0.41854,0.82509,-0.077929,0.095392,0.096244
0.35496,0.13438,-0.41854,0.82509,-0.077929,0.095392,0.096244
0.35496,0.13438,-0.41854,0.82509,-0.077929,0.095392,0.096244
0.35496,0.13438,-0.41854,0.82509,-0.077929,0.095392,0.096244
0.35496,0.13438,-0.41854,0.82509,-0.077929,0.095392,0.096244
0.35496,0.13438,-0.41854,0.82509,-0.077929,0.095392,0.096241
0.35496,0.13438,-0.41854,0.82509,-0.077929,0.095392,0.096241
0.35496,0.13438,-0.41854,0.82509,-0.077929,0.095392,0.096241
0.35496,0.13438,-0.41854,0.82509,-0.077929,0.095392,0.09624
0.35496,0.13438,-0.41854,0.82509,-0.077929,0.095392,0.09624
0.35496,0.13438,-0.41854,0.82509,-0.077929,0.095393,0.096237
0.35496,0.13438,-0.41854,0.82509,-0.077929,0.095393,0.096237
0.35496,0.13438,-0.41854,0.82509,-0.077929,0.095393,0.096237
0.35496,0.13438,-0.41854,0.82509,-0.077929,0.095393,0.096237
0.35496,0.13438,-0.41854,0.82509,-0.077929,0.095393,0.096237
0.35496,0.13438,-0.41854,0.82509,-0.077929,0.095393,0.096234
0.35496,0.13438,-0.41854,0.82509,-0.077929,0.095393,0.096234
0.35496,0.13438,-0.41854,0.82509,-0.077929,0.095393,0.096234
0.35496,0.13438,-0.41854,0.82509,-0.077929,0.095393,0.096234
0.35496,0.13438,-0.41854,0.82509,-0.077929,0.095393,0.096234
0.35496,0.13438,-0.41854,0.82509,-0.077929,0.095393,0.096231
0.35496,0.13438,-0.41854,0.82509,-0.077929,0.095393,0.096231
0.35496,0.13438,-0.41854,0.82509,-0.077929,0.095393,0.096231
0.35496,0.13438,-0.41854,0.82509,-0.077929,0.095393,0.096231
0.35496,0.13438,-0.41854,0.82509,-0.077929,0.095393,0.096231
0.35496,0.13438,-0.41854,0.82509,-0.077929,0.095393,0.096228
0.35496,0.13438,-0.41854,0.82509,-0.077929,0.095393,0.096228
0.35496,0.13438,-0.41854,0.82509,-0.077929,0.095393,0.096227
0.35496,0.13438,-0.41854,0.82509,-0.077929,0.095393,0.096227
0.35496,0.13438,-0.41854,0.82509,-0.077929,0.095393,0.096227
0.35496,0.13438,-0.41854,0.82509,-0.07793,0.095393,0.096224
0.35496,0.13438,-0.41854,0.82509,-0.077929,0.095393,0.096224
0.35496,0.13438,-0.41854,0.82509,-0.077929,0.095393,0.096224
0.35496,0.13438,-0.41854,0.82509,-0.077929,0.095393,0.096224
0.35496,0.13438,-0.41854,0.82509,-0.077929,0.095393,0.096224
0.35496,0.13438,-0.41854,0.82509,-0.07793,0.095394,0.096221
0.35496,0.13438,-0.41854,0.82509,-0.07793,0.095393,0.096221
0.35496,0.13438,-0.41854,0.82509,-0.07793,0.095393,0.096221
0.35496,0.13438,-0.41854,0.82509,-0.07793,0.095393,0.096221
0.35496,0.13438,-0.41854,0.82509,-0.07793,0.095393,0.096221
0.35496,0.13438,-0.41854,0.82509,-0.07793,0.095394,0.096218
0.35496,0.13438,-0.41854,0.82509,-0.07793,0.095394,0.096218
0.35496,0.13438,-0.41854,0.82509,-0.07793,0.095394,0.096218
0.35496,0.13438,-0.41854,0.82509,-0.07793,0.095394,0.096218
0.35496,0.13438,-0.41854,0.82509,-0.07793,0.095394,0.096218
0.35496,0.13438,-0.41854,0.82509,-0.07793,0.095394,0.096215
0.35496,0.13438,-0.41854,0.82509,-0.07793,0.095394,0.096215
0.35496,0.13438,-0.41854,0.82509,-0.07793,0.095394,0.096215
0.35496,0.13438,-0.41854,0.82509,-0.07793,0.095394,0.096214
0.35496,0.13438,-0.41854,0.82509,-0.07793,0.095394,0.096214
0.35496,0.13438,-0.41854,0.82509,-0.07793,0.095394,0.096211
0.35496,0.13438,-0.41854,0.82509,-0.07793,0.095394,0.096211
0.35496,0.13438,-0.41854,0.82509,-0.07793,0.095394,0.096211
0.35496,0.13438,-0.41854,0.82509,-0.07793,0.095394,0.096211
0.35496,0.13438,-0.41854,0.82509,-0.07793,0.095394,0.096211
0.35496,0.13438,-0.41854,0.82509,-0.07793,0.095394,0.096208
0.35496,0.13438,-0.41854,0.82509,-0.07793,0.095394,0.096208
0.35496,0.13438,-0.41854,0.82509,-0.07793,0.095394,0.096208
0.35496,0.13438,-0.41854,0.82509,-0.07793,0.095394,0.096208
0.35496,0.13438,-0.41854,0.82509,-0.07793,0.095394,0.096208
0.35496,0.13438,-0.41854,0.82509,-0.077931,0.095394,0.096205
0.35496,0.13438,-0.41854,0.82509,-0.077931,0.095394,0.096205
0.35496,0.13438,-0.41854,0.82509,-0.077931,0.095394,0.096205
0.35496,0.13438,-0.41854,0.82509,-0.077931,0.095394,0.096205
0.35496,0.13438,-0.41854,0.82509,-0.077931,0.095394,0.096205
0.35496,0.13438,-0.41854,0.82509,-0.077931,0.095394,0.096202
0.35496,0.13438,-0.41854,0.82509,-0.077931,0.095394,0.096202
0.35496,0.13438,-0.41854,0.82509,-0.077931,0.095394,0.096202
0.35496,0.13438,-0.41854,0.82509,-0.077931,0.095394,0.096201
0.35496,0.13438,-0.41854,0.82509,-0.077931,0.095394,0.096201
0.35496,0.13438,-0.41854,0.82509,-0.077931,0.095394,0.096198
0.35496,0.13438,-0.41854,0.82509,-0.077931,0.095394,0.096198
0.35496,0.13438,-0.41854,0.82509,-0.077931,0.095394,0.096198
0.35496,0.13438,-0.41854,0.82509,-0.077931,0.095394,0.096198
0.35496,0.13438,-0.41854,0.82509,-0.077931,0.095394,0.096198
0.35496,0.13438,-0.41854,0.82509,-0.077931,0.095395,0.096195
0.35496,0.13438,-0.41854,0.82509,-0.077931,0.095394,0.096195
0.35496,0.13438,-0.41854,0.82509,-0.077931,0.095394,0.096195
0.35496,0.13438,-0.41854,0.82509,-0.077931,0.095394,0.096195
0.35496,0.13438,-0.41854,0.82509,-0.077931,0.095394,0.096195
0.35496,0.13438,-0.41854,0.82509,-0.077931,0.095395,0.096192
0.35496,0.13438,-0.41854,0.82509,-0.077931,0.095395,0.096192
0.35496,0.13438,-0.41854,0.82509,-0.077931,0.095394,0.096192
0.35496,0.13438,-0.41854,0.82509,-0.077931,0.095394,0.096191
0.35496,0.13438,-0.41854,0.82509,-0.077931,0.095394,0.096191
0.35496,0.13438,-0.41854,0.82509,-0.077932,0.095394,0.096188
0.35496,0.13438,-0.41854,0.82509,-0.077932,0.095394,0.096188
0.35496,0.13438,-0.41854,0.82509,-0.077931,0.095394,0.096188
0.35496,0.13438,-0.41854,0.82509,-0.077931,0.095394,0.096188
0.35496,0.13438,-0.41854,0.82509,-0.077931,0.095394,0.096188
0.35496,0.13438,-0.41854,0.82509,-0.077932,0.095394,0.096185
0.35496,0.13438,-0.41854,0.82509,-0.077932,0.095394,0.096185
0.35496,0.13438,-0.41854,0.82509,-0.077932,0.095394,0.096185
0.35496,0.13438,-0.41854,0.82509,-0.077932,0.095394,0.096185
0.35496,0.13438,-0.41854,0.82509,-0.077932,0.095394,0.096185
0.35496,0.13438,-0.41854,0.82509,-0.077932,0.095394,0.096182
0.35496,0.13438,-0.41854,0.82509,-0.077932,0.095394,0.096182
0.35496,0.13438,-0.41854,0.82509,-0.077932,0.095394,0.096182
0.35496,0.13438,-0.41854,0.82509,-0.077932,0.095394,0.096182
0.35496,0.13438,-0.41854,0.82509,-0.077932,0.095394,0.096181
0.35496,0.13438,-0.41854,0.82509,-0.077932,0.095394,0.096179
0.35496,0.13438,-0.41854,0.82509,-0.077932,0.095394,0.096179
0.35496,0.13438,-0.41854,0.82509,-0.077932,0.095394,0.096178
0.35496,0.13438,-0.41854,0.82509,-0.077932,0.095394,0.096178
0.35496,0.13438,-0.41854,0.82509,-0.077932,0.095394,0.096178
0.35496,0.13438,-0.41854,0.82509,-0.077932,0.095394,0.096175
0.35496,0.13438,-0.41854,0.82509,-0.077932,0.095394,0.096175
0.35496,0.13438,-0.41854,0.82509,-0.077932,0.095394,0.096175
0.35496,0.13438,-0.41854,0.82509,-0.077932,0.095394,0.096175
0.35496,0.13438,-0.41854,0.82509,-0.077932,0.095394,0.096175
0.35496,0.13438,-0.41854,0.82509,-0.077932,0.095394,0.096172
0.35496,0.13438,-0.41854,0.82509,-0.077932,0.095394,0.096172
0.35496,0.13438,-0.41854,0.82509,-0.077932,0.095394,0.096172
0.35496,0.13438,-0.41854,0.82509,-0.077932,0.095394,0.096172
0.35496,0.13438,-0.41854,0.82509,-0.077932,0.095394,0.096172
0.35496,0.13438,-0.41854,0.82509,-0.077932,0.095394,0.096169
0.35496,0.13438,-0.41854,0.82509,-0.077932,0.095394,0.096169
0.35496,0.13438,-0.41854,0.82509,-0.077932,0.095394,0.096169
0.35496,0.13438,-0.41854,0.82509,-0.077932,0.095394,0.096169
0.35496,0.13438,-0.41854,0.82509,-0.077932,0.095394,0.096169
0.35496,0.13438,-0.41854,0.82509,-0.077932,0.095394,0.096166
0.35496,0.13438,-0.41854,0.82509,-0.077932,0.095394,0.096166
0.35496,0.13438,-0.41854,0.82509,-0.077932,0.095394,0.096166
0.35496,0.13438,-0.41854,0.82509,-0.077932,0.095394,0.096166
0.35496,0.13438,-0.41854,0.82509,-0.077932,0.095394,0.096165
0.35496,0.13438,-0.41854,0.82509,-0.077932,0.095394,0.096163
0.35496,0.13438,-0.41854,0.82509,-0.077932,0.095394,0.096162
0.35496,0.13438,-0.41854,0.82509,-0.077932,0.095394,0.096162
0.35496,0.13438,-0.41854,0.82509,-0.077932,0.095394,0.096162
0.35496,0.13438,-0.41854,0.82509,-0.077932,0.095394,0.096162
0.35496,0.13438,-0.41854,0.82509,-0.077932,0.095394,0.096159
0.35496,0.13438,-0.41854,0.82509,-0.077932,0.095394,0.096159
0.35496,0.13438,-0.41854,0.82509,-0.077932,0.095394,0.096159
0.35496,0.13438,-0.41854,0.82509,-0.077932,0.095394,0.096159
0.35496,0.13438,-0.41854,0.82509,-0.077932,0.095394,0.096159
0.35496,0.13438,-0.41854,0.82509,-0.077932,0.095394,0.096156
0.35496,0.13438,-0.41854,0.82509,-0.077932,0.095394,0.096156
0.35496,0.13438,-0.41854,0.82509,-0.077932,0.095394,0.096156
0.35496,0.13438,-0.41854,0.82509,-0.077932,0.095394,0.096156
0.35496,0.13438,-0.41854,0.82509,-0.077932,0.095394,0.096156
0.35496,0.13438,-0.41854,0.82509,-0.077932,0.095394,0.096153
0.35496,0.13438,-0.41854,0.82509,-0.077932,0.095394,0.096153
0.35496,0.13438,-0.41854,0.82509,-0.077932,0.095394,0.096152
0.35496,0.13438,-0.41854,0.82509,-0.077932,0.095394,0.096152
0.35496,0.13438,-0.41854,0.82509,-0.077932,0.095394,0.096152
0.35496,0.13438,-0.41854,0.82509,-0.077932,0.095394,0.096149
0.35496,0.13438,-0.41854,0.82509,-0.077932,0.095394,0.096149
0.35496,0.13438,-0.41854,0.82509,-0.077932,0.095394,0.096149
0.35496,0.13438,-0.41854,0.82509,-0.077932,0.095394,0.096149
0.35496,0.13438,-0.41854,0.82509,-0.077932,0.095394,0.096149
0.35496,0.13438,-0.41854,0.82509,-0.077932,0.095395,0.096146
0.35496,0.13438,-0.41854,0.82509,-0.077932,0.095394,0.096146
0.35496,0.13438,-0.41854,0.82509,-0.077932,0.095394,0.096146
0.35496,0.13438,-0.41854,0.82509,-0.077932,0.095394,0.096146
0.35496,0.13438,-0.41854,0.82509,-0.077932,0.095394,0.096146
0.35496,0.13438,-0.41854,0.82509,-0.077932,0.095395,0.096143
0.35496,0.13438,-0.41854,0.82509,-0.077932,0.095394,0.096143
0.35496,0.13438,-0.41854,0.82509,-0.077932,0.095394,0.096143
0.35496,0.13438,-0.41854,0.82509,-0.077932,0.095394,0.096143
0.35496,0.13438,-0.41854,0.82509,-0.077932,0.095394,0.096143
0.35496,0.13438,-0.41854,0.82509,-0.077932,0.095395,0.09614
0.35496,0.13438,-0.41854,0.82509,-0.077932,0.095394,0.09614
0.35496,0.13438,-0.41854,0.82509,-0.077932,0.095394,0.09614
0.35496,0.13438,-0.41854,0.82509,-0.077932,0.095394,0.09614
0.35496,0.13438,-0.41854,0.82509,-0.077932,0.095394,0.096139
0.35496,0.13438,-0.41854,0.82509,-0.077932,0.095395,0.096137
0.35496,0.13438,-0.41854,0.82509,-0.077932,0.095395,0.096137
0.35496,0.13438,-0.41854,0.82509,-0.077932,0.095395,0.096137
0.35496,0.13438,-0.41854,0.82509,-0.077932,0.095394,0.096136
0.35496,0.13438,-0.41854,0.82509,-0.077932,0.095394,0.096136
0.35496,0.13438,-0.41854,0.82509,-0.077932,0.095395,0.096134
0.35496,0.13438,-0.41854,0.82509,-0.077932,0.095395,0.096133
0.35496,0.13438,-0.41854,0.82509,-0.077932,0.095395,0.096133
0.35496,0.13438,-0.41854,0.82509,-0.077932,0.095395,0.096133
0.35496,0.13438,-0.41854,0.82509,-0.077932,0.095394,0.096133
0.35496,0.13438,-0.41854,0.82509,-0.077932,0.095395,0.09613
0.35496,0.13438,-0.41854,0.82509,-0.077932,0.095395,0.09613
0.35496,0.13438,-0.41854,0.82509,-0.077932,0.095395,0.09613
0.35496,0.13438,-0.41854,0.82509,-0.077932,0.095395,0.09613
0.35496,0.13438,-0.41854,0.82509,-0.077932,0.095395,0.09613
0.35496,0.13438,-0.41854,0.82509,-0.077932,0.095395,0.096127
0.35496,0.13438,-0.41854,0.82509,-0.077932,0.095395,0.096127
0.35496,0.13438,-0.41854,0.82509,-0.077932,0.095395,0.096127
0.35496,0.13438,-0.41854,0.82509,-0.077932,0.095395,0.096127
0.35496,0.13438,-0.41854,0.82509,-0.077932,0.095395,0.096127
0.35496,0.13438,-0.41854,0.82509,-0.077932,0.095395,0.096124
0.35496,0.13438,-0.41854,0.82509,-0.077932,0.095395,0.096124
0.35496,0.13438,-0.41854,0.82509,-0.077932,0.095395,0.096124
0.35496,0.13438,-0.41854,0.82509,-0.077932,0.095395,0.096124
0.35496,0.13438,-0.41854,0.82509,-0.077932,0.095395,0.096123
0.35496,0.13438,-0.41854,0.82509,-0.077932,0.095395,0.096121
0.35496,0.13438,-0.41854,0.82509,-0.077932,0.095395,0.09612
0.35496,0.13438,-0.41854,0.82509,-0.077932,0.095395,0.09612
0.35496,0.13438,-0.41854,0.82509,-0.077932,0.095395,0.09612
0.35496,0.13438,-0.41854,0.82509,-0.077932,0.095395,0.09612
0.35496,0.13438,-0.41854,0.82509,-0.077932,0.095395,0.096117
0.35496,0.13438,-0.41854,0.82509,-0.077932,0.095395,0.096117
0.35496,0.13438,-0.41854,0.82509,-0.077932,0.095395,0.096117
0.35496,0.13438,-0.41854,0.82509,-0.077932,0.095395,0.096117
0.35496,0.13438,-0.41854,0.82509,-0.077932,0.095395,0.096117
0.35496,0.13438,-0.41854,0.82509,-0.077932,0.095395,0.096114
0.35496,0.13438,-0.41854,0.82509,-0.077932,0.095395,0.096114
0.35496,0.13438,-0.41854,0.82509,-0.077932,0.095395,0.096114
0.35496,0.13438,-0.41854,0.82509,-0.077932,0.095395,0.096114
0.35496,0.13438,-0.41854,0.82509,-0.077932,0.095395,0.096114
0.35496,0.13438,-0.41854,0.82509,-0.077932,0.095395,0.096111
0.35496,0.13438,-0.41854,0.82509,-0.077932,0.095395,0.096111
0.35496,0.13438,-0.41854,0.82509,-0.077932,0.095395,0.096111
0.35496,0.13438,-0.41854,0.82509,-0.077932,0.095395,0.096111
0.35496,0.13438,-0.41854,0.82509,-0.077932,0.095395,0.096111
0.35496,0.13438,-0.41854,0.82509,-0.077932,0.095395,0.096108
0.35496,0.13438,-0.41854,0.82509,-0.077932,0.095395,0.096108
0.35496,0.13438,-0.41854,0.82509,-0.077932,0.095395,0.096108
0.35496,0.13438,-0.41854,0.82509,-0.077932,0.095395,0.096108
0.35496,0.13438,-0.41854,0.82509,-0.077932,0.095395,0.096108
0.35496,0.13438,-0.41854,0.82509,-0.077932,0.095395,0.096105
0.35496,0.13438,-0.41854,0.82509,-0.077932,0.095395,0.096105
0.35496,0.13438,-0.41854,0.82509,-0.077932,0.095395,0.096105
0.35496,0.13438,-0.41854,0.82509,-0.077932,0.095395,0.096105
0.35496,0.13438,-0.41854,0.82509,-0.077932,0.095395,0.096105
0.35496,0.13438,-0.41854,0.82509,-0.077932,0.095395,0.096102
0.35496,0.13438,-0.41854,0.82509,-0.077932,0.095395,0.096102
0.35496,0.13438,-0.41854,0.82509,-0.077932,0.095395,0.096102
0.35496,0.13438,-0.41854,0.82509,-0.077932,0.095395,0.096101
0.35496,0.13438,-0.41854,0.82509,-0.077932,0.095395,0.096101
0.35496,0.13438,-0.41854,0.82509,-0.077932,0.095395,0.096098
0.35496,0.13438,-0.41854,0.82509,-0.077932,0.095395,0.096098
0.35496,0.13438,-0.41854,0.82509,-0.077932,0.095395,0.096098
0.35496,0.13438,-0.41854,0.82509,-0.077932,0.095395,0.096098
0.35496,0.13438,-0.41854,0.82509,-0.077932,0.095395,0.096098
0.35496,0.13438,-0.41854,0.82509,-0.077932,0.095395,0.096095
0.35496,0.13438,-0.41854,0.82509,-0.077932,0.095395,0.096095
0.35496,0.13438,-0.41854,0.82509,-0.077932,0.095395,0.096095
0.35496,0.13438,-0.41854,0.82509,-0.077932,0.095395,0.096095
0.35496,0.13438,-0.41854,0.82509,-0.077932,0.095395,0.096095
0.35496,0.13438,-0.41854,0.82509,-0.077932,0.095395,0.096092
0.35496,0.13438,-0.41854,0.82509,-0.077932,0.095395,0.096092
0.35496,0.13438,-0.41854,0.82509,-0.077932,0.095395,0.096092
0.35496,0.13438,-0.41854,0.82509,-0.077932,0.095395,0.096092
0.35496,0.13438,-0.41854,0.82509,-0.077931,0.095395,0.096092
0.35496,0.13438,-0.41854,0.82509,-0.077932,0.095395,0.096089
0.35496,0.13438,-0.41854,0.82509,-0.077932,0.095395,0.096089
0.35496,0.13438,-0.41854,0.82509,-0.077932,0.095395,0.096089
0.35496,0.13438,-0.41854,0.82509,-0.077931,0.095395,0.096089
0.35496,0.13438,-0.41854,0.82509,-0.077931,0.095395,0.096088
0.35496,0.13438,-0.41854,0.82509,-0.077932,0.095396,0.096086
0.35496,0.13438,-0.41854,0.82509,-0.077932,0.095395,0.096086
0.35496,0.13438,-0.41854,0.82509,-0.077932,0.095395,0.096085
0.35496,0.13438,-0.41854,0.82509,-0.077931,0.095395,0.096085
0.35496,0.13438,-0.41854,0.82509,-0.077931,0.095395,0.096085
0.35496,0.13438,-0.41854,0.82509,-0.077932,0.095396,0.096082
0.35496,0.13438,-0.41854,0.82509,-0.077931,0.095396,0.096082
0.35496,0.13438,-0.41854,0.82509,-0.077931,0.095396,0.096082
0.35496,0.13438,-0.41854,0.82509,-0.077931,0.095396,0.096082
0.35496,0.13438,-0.41854,0.82509,-0.077931,0.095395,0.096082
0.35496,0.13438,-0.41854,0.82509,-0.077931,0.095396,0.096079
0.35496,0.13438,-0.41854,0.82509,-0.077931,0.095396,0.096079
0.35496,0.13438,-0.41854,0.82509,-0.077931,0.095396,0.096079
0.35496,0.13438,-0.41854,0.82509,-0.077931,0.095396,0.096079
0.35496,0.13438,-0.41854,0.82509,-0.077931,0.095395,0.096079
0.35496,0.13438,-0.41854,0.82509,-0.077931,0.095396,0.096076
0.35496,0.13438,-0.41854,0.82509,-0.077931,0.095396,0.096076
0.35496,0.13438,-0.41854,0.82509,-0.077931,0.095396,0.096076
0.35496,0.13438,-0.41854,0.82509,-0.077931,0.095396,0.096076
0.35496,0.13438,-0.41854,0.82509,-0.077931,0.095396,0.096076
0.35496,0.13438,-0.41854,0.82509,-0.077931,0.095396,0.096073
0.35496,0.13438,-0.41854,0.82509,-0.077931,0.095396,0.096073
0.35496,0.13438,-0.41854,0.82509,-0.077931,0.095396,0.096073
0.35496,0.13438,-0.41854,0.82509,-0.077931,0.095396,0.096073
0.35496,0.13438,-0.41854,0.82509,-0.077931,0.095396,0.096073
0.35496,0.13438,-0.41854,0.82509,-0.077931,0.095396,0.09607
0.35496,0.13438,-0.41854,0.82509,-0.077931,0.095396,0.09607
0.35496,0.13438,-0.41854,0.82509,-0.077931,0.095396,0.09607
0.35496,0.13438,-0.41854,0.82509,-0.077931,0.095396,0.09607
0.35496,0.13438,-0.41854,0.82509,-0.077931,0.095396,0.096069
0.35496,0.13438,-0.41854,0.82509,-0.077931,0.095396,0.096067
0.35496,0.13438,-0.41854,0.82509,-0.077931,0.095396,0.096067
0.35496,0.13438,-0.41854,0.82509,-0.077931,0.095396,0.096066
0.35496,0.13438,-0.41854,0.82509,-0.077931,0.095396,0.096066
0.35496,0.13438,-0.41854,0.82509,-0.077931,0.095396,0.096066
0.35496,0.13438,-0.41854,0.82509,-0.077931,0.095396,0.096064
0.35496,0.13438,-0.41854,0.82509,-0.077931,0.095396,0.096064
0.35496,0.13438,-0.41854,0.82509,-0.077931,0.095396,0.096063
0.35496,0.13438,-0.41854,0.82509,-0.077931,0.095396,0.096063
0.35496,0.13438,-0.41854,0.82509,-0.077931,0.095396,0.096063
0.35496,0.13438,-0.41854,0.82509,-0.077931,0.095397,0.096061
0.35496,0.13438,-0.41854,0.82509,-0.077931,0.095397,0.09606
0.35496,0.13438,-0.41854,0.82509,-0.077931,0.095397,0.09606
0.35496,0.13438,-0.41854,0.82509,-0.077931,0.095396,0.09606
0.35496,0.13438,-0.41854,0.82509,-0.07793,0.095396,0.09606
0.35496,0.13438,-0.41854,0.82509,-0.077931,0.095397,0.096057
0.35496,0.13438,-0.41854,0.82509,-0.077931,0.095397,0.096057
0.35496,0.13438,-0.41854,0.82509,-0.07793,0.095397,0.096057
0.35496,0.13438,-0.41854,0.82509,-0.07793,0.095397,0.096057
0.35496,0.13438,-0.41854,0.82509,-0.07793,0.095397,0.096057
0.35496,0.13438,-0.41854,0.82509,-0.077931,0.095397,0.096054
0.35496,0.13438,-0.41854,0.82509,-0.07793,0.095397,0.096054
0.35496,0.13438,-0.41854,0.82509,-0.07793,0.095397,0.096054
0.35496,0.13438,-0.41854,0.82509,-0.07793,0.095397,0.096054
0.35496,0.13438,-0.41854,0.82509,-0.07793,0.095397,0.096054
0.35496,0.13438,-0.41854,0.82509,-0.07793,0.095397,0.096051
0.35496,0.13438,-0.41854,0.82509,-0.07793,0.095397,0.096051
0.35496,0.13438,-0.41854,0.82509,-0.07793,0.095397,0.096051
0.35496,0.13438,-0.41854,0.82509,-0.07793,0.095397,0.096051
0.35496,0.13438,-0.41854,0.82509,-0.07793,0.095397,0.096051
0.35496,0.13438,-0.41854,0.82509,-0.07793,0.095397,0.096048
0.35496,0.13438,-0.41854,0.82509,-0.07793,0.095397,0.096048
0.35496,0.13438,-0.41854,0.82509,-0.07793,0.095397,0.096048
0.35496,0.13438,-0.41854,0.82509,-0.07793,0.095397,0.096048
0.35496,0.13438,-0.41854,0.82509,-0.07793,0.095397,0.096048
0.35496,0.13438,-0.41854,0.82509,-0.07793,0.095397,0.096045
0.35496,0.13438,-0.41854,0.82509,-0.07793,0.095397,0.096045
0.35496,0.13438,-0.41854,0.82509,-0.07793,0.095397,0.096045
0.35496,0.13438,-0.41854,0.82509,-0.07793,0.095397,0.096045
0.35496,0.13438,-0.41854,0.82509,-0.07793,0.095397,0.096045
0.35496,0.13438,-0.41854,0.82509,-0.07793,0.095398,0.096042
0.35496,0.13438,-0.41854,0.82509,-0.07793,0.095398,0.096042
0.35496,0.13438,-0.41854,0.82509,-0.07793,0.095398,0.096042
0.35496,0.13438,-0.41854,0.82509,-0.07793,0.095398,0.096042
0.35496,0.13438,-0.41854,0.82509,-0.07793,0.095398,0.096042
0.35496,0.13438,-0.41854,0.82509,-0.07793,0.095398,0.096039
0.35496,0.13438,-0.41854,0.82509,-0.07793,0.095398,0.096039
0.35496,0.13438,-0.41854,0.82509,-0.07793,0.095398,0.096039
0.35496,0.13438,-0.41854,0.82509,-0.07793,0.095398,0.096039
0.35496,0.13438,-0.41854,0.82509,-0.07793,0.095398,0.096039
0.35496,0.13438,-0.41854,0.82509,-0.07793,0.095398,0.096036
0.35496,0.13438,-0.41854,0.82509,-0.07793,0.095398,0.096036
0.35496,0.13438,-0.41854,0.82509,-0.07793,0.095398,0.096036
0.35496,0.13438,-0.41854,0.82509,-0.07793,0.095398,0.096036
0.35496,0.13438,-0.41854,0.82509,-0.07793,0.095398,0.096036
0.35496,0.13438,-0.41854,0.82509,-0.07793,0.095398,0.096033
0.35496,0.13438,-0.41854,0.82509,-0.07793,0.095398,0.096033
0.35496,0.13438,-0.41854,0.82509,-0.07793,0.095398,0.096033
0.35496,0.13438,-0.41854,0.82509,-0.07793,0.095398,0.096033
0.35496,0.13438,-0.41854,0.82509,-0.07793,0.095398,0.096033
0.35496,0.13438,-0.41854,0.82509,-0.07793,0.095398,0.09603
0.35496,0.13438,-0.41854,0.82509,-0.07793,0.095398,0.09603
0.35496,0.13438,-0.41854,0.82509,-0.07793,0.095398,0.09603
0.35496,0.13438,-0.41854,0.82509,-0.07793,0.095398,0.09603
0.35496,0.13438,-0.41854,0.82509,-0.07793,0.095398,0.09603
0.35496,0.13438,-0.41854,0.82509,-0.07793,0.095399,0.096027
0.35496,0.13438,-0.41854,0.82509,-0.07793,0.095399,0.096027
0.35496,0.13438,-0.41854,0.82509,-0.07793,0.095399,0.096027
0.35496,0.13438,-0.41854,0.82509,-0.07793,0.095398,0.096027
0.35496,0.13438,-0.41854,0.82509,-0.07793,0.095398,0.096027
0.35496,0.13438,-0.41854,0.82509,-0.07793,0.095399,0.096024
0.35496,0.13438,-0.41854,0.82509,-0.07793,0.095399,0.096024
0.35496,0.13438,-0.41854,0.82509,-0.07793,0.095399,0.096024
0.35496,0.13438,-0.41854,0.82509,-0.07793,0.095399,0.096024
0.35496,0.13438,-0.41854,0.82509,-0.07793,0.095399,0.096024
0.35496,0.13438,-0.41854,0.82509,-0.07793,0.095399,0.096021
0.35496,0.13438,-0.41854,0.82509,-0.07793,0.095399,0.096021
0.35496,0.13438,-0.41854,0.82509,-0.07793,0.095399,0.096021
0.35496,0.13438,-0.41854,0.82509,-0.07793,0.095399,0.096021
0.35496,0.13438,-0.41854,0.82509,-0.07793,0.095399,0.096021
0.35496,0.13438,-0.41854,0.82509,-0.07793,0.095399,0.096018
0.35496,0.13438,-0.41854,0.82509,-0.07793,0.095399,0.096018
0.35496,0.13438,-0.41854,0.82509,-0.07793,0.095399,0.096018
0.35496,0.13438,-0.41854,0.82509,-0.07793,0.095399,0.096018
0.35496,0.13438,-0.41854,0.82509,-0.07793,0.095399,0.096018
0.35496,0.13438,-0.41854,0.82509,-0.07793,0.095399,0.096015
0.35496,0.13438,-0.41854,0.82509,-0.07793,0.095399,0.096015
0.35496,0.13438,-0.41854,0.82509,-0.07793,0.095399,0.096015
0.35496,0.13438,-0.41854,0.82509,-0.07793,0.095399,0.096015
0.35496,0.13438,-0.41854,0.82509,-0.07793,0.095399,0.096015
0.35496,0.13438,-0.41854,0.82509,-0.07793,0.0954,0.096013
0.35496,0.13438,-0.41854,0.82509,-0.07793,0.0954,0.096013
0.35496,0.13438,-0.41854,0.82509,-0.07793,0.0954,0.096013
0.35496,0.13438,-0.41854,0.82509,-0.07793,0.0954,0.096013
0.35496,0.13438,-0.41854,0.82509,-0.07793,0.0954,0.096013
0.35496,0.13438,-0.41854,0.82509,-0.07793,0.0954,0.09601
