0.61436,-0.74944,-0.20197,-0.14179,-0.073561,0.025026,0.035562
0.61436,-0.74944,-0.20197,-0.14179,-0.073561,0.025026,0.035562
0.61436,-0.74944,-0.20197,-0.14179,-0.073561,0.025026,0.035562
0.61436,-0.74944,-0.20197,-0.14179,-0.073561,0.025025,0.035562
0.61436,-0.74944,-0.20197,-0.14179,-0.073561,0.025025,0.035562
0.61436,-0.74944,-0.20197,-0.14179,-0.073561,0.025025,0.035562
0.61436,-0.74944,-0.20197,-0.14179,-0.073561,0.025025,0.035562
0.61436,-0.74944,-0.20197,-0.14179,-0.073562,0.025025,0.035559
0.61436,-0.74944,-0.20197,-0.14179,-0.073562,0.025025,0.035559
0.61436,-0.74944,-0.20197,-0.14179,-0.073562,0.025025,0.035559
0.61436,-0.74944,-0.20197,-0.14179,-0.073561,0.025025,0.035559
0.61436,-0.74944,-0.20197,-0.14179,-0.073561,0.025025,0.035559
0.61436,-0.74944,-0.20197,-0.14179,-0.073562,0.025025,0.035556
0.61436,-0.74944,-0.20197,-0.14179,-0.073562,0.025025,0.035556
0.61436,-0.74944,-0.20197,-0.14179,-0.073562,0.025025,0.035556
0.61436,-0.74944,-0.20197,-0.14179,-0.073562,0.025025,0.035555
0.61436,-0.74944,-0.20197,-0.14179,-0.073562,0.025025,0.035555
0.61436,-0.74944,-0.20197,-0.14179,-0.073562,0.025026,0.035552
0.61436,-0.74944,-0.20197,-0.14179,-0.073562,0.025026,0.035552
0.61436,-0.74944,-0.20197,-0.14179,-0.073562,0.025026,0.035552
0.61436,-0.74944,-0.20197,-0.14179,-0.073562,0.025026,0.035552
0.61436,-0.74944,-0.20197,-0.14179,-0.073562,0.025026,0.035552
0.61436,-0.74944,-0.20197,-0.14179,-0.073562,0.025026,0.035549
0.61436,-0.74944,-0.20197,-0.14179,-0.073562,0.025026,0.035549
0.61436,-0.74944,-0.20197,-0.14179,-0.073562,0.025026,0.035549
0.61436,-0.74944,-0.20197,-0.14179,-0.073562,0.025026,0.035549
0.61436,-0.74944,-0.20197,-0.14179,-0.073562,0.025026,0.035549
0.61436,-0.74944,-0.20197,-0.14179,-0.073562,0.025026,0.035546
0.61436,-0.74944,-0.20197,-0.14179,-0.073562,0.025026,0.035546
0.61436,-0.74944,-0.20197,-0.14179,-0.073562,0.025026,0.035546
0.61436,-0.74944,-0.20197,-0.14179,-0.073562,0.025026,0.035546
0.61436,-0.74944,-0.20197,-0.14179,-0.073562,0.025026,0.035545
0.61436,-0.74944,-0.20197,-0.14179,-0.073562,0.025026,0.035542
0.61436,-0.74944,-0.20197,-0.14179,-0.073562,0.025026,0.035542
0.61436,-0.74944,-0.20197,-0.14179,-0.073562,0.025026,0.035542
0.61436,-0.74944,-0.20197,-0.14179,-0.073562,0.025026,0.035542
0.61436,-0.74944,-0.20197,-0.14179,-0.073562,0.025026,0.035542
0.61436,-0.74944,-0.20197,-0.14179,-0.073562,0.025026,0.035539
0.61436,-0.74944,-0.20197,-0.14179,-0.073562,0.025026,0.035539
0.61436,-0.74944,-0.20197,-0.14179,-0.073562,0.025026,0.035539
0.61436,-0.74944,-0.20197,-0.14179,-0.073562,0.025026,0.035539
0.61436,-0.74944,-0.20197,-0.14179,-0.073562,0.025026,0.035539
0.61436,-0.74944,-0.20197,-0.14179,-0.073562,0.025027,0.035536
0.61436,-0.74944,-0.20197,-0.14179,-0.073562,0.025027,0.035536
0.61436,-0.74944,-0.20197,-0.14179,-0.073562,0.025027,0.035536
0.61436,-0.74944,-0.20197,-0.14179,-0.073562,0.025027,0.035536
0.61436,-0.74944,-0.20197,-0.14179,-0.073562,0.025027,0.035536
0.61436,-0.74944,-0.20197,-0.14179,-0.073562,0.025027,0.035533
0.61436,-0.74944,-0.20197,-0.14179,-0.073562,0.025027,0.035533
0.61436,-0.74944,-0.20197,-0.14179,-0.073562,0.025027,0.035533
0.61436,-0.74944,-0.20197,-0.14179,-0.073562,0.025027,0.035533
0.61436,-0.74944,-0.20197,-0.14179,-0.073562,0.025027,0.035533
0.61436,-0.74944,-0.20197,-0.14179,-0.073562,0.025027,0.03553
0.61436,-0.74944,-0.20197,-0.14179,-0.073562,0.025027,0.035529
0.61436,-0.74944,-0.20197,-0.14179,-0.073562,0.025027,0.035529
0.61436,-0.74944,-0.20197,-0.14179,-0.073562,0.025027,0.035529
0.61436,-0.74944,-0.20197,-0.14179,-0.073562,0.025027,0.035529
0.61436,-0.74944,-0.20197,-0.14179,-0.073562,0.025027,0.035526
0.61436,-0.74944,-0.20197,-0.14179,-0.073562,0.025027,0.035526
0.61436,-0.74944,-0.20197,-0.14179,-0.073562,0.025027,0.035526
0.61436,-0.74944,-0.20197,-0.14179,-0.073562,0.025027,0.035526
0.61436,-0.74944,-0.20197,-0.14179,-0.073562,0.025027,0.035526
0.61436,-0.74944,-0.20197,-0.14179,-0.073562,0.025027,0.035523
0.61436,-0.74944,-0.20197,-0.14179,-0.073562,0.025027,0.035523
0.61436,-0.74944,-0.20197,-0.14179,-0.073562,0.025027,0.035523
0.61436,-0.74944,-0.20197,-0.14179,-0.073562,0.025027,0.035523
0.61436,-0.74944,-0.20197,-0.14179,-0.073562,0.025027,0.035523
0.61436,-0.74944,-0.20197,-0.14179,-0.073563,0.025028,0.03552
0.61436,-0.74944,-0.20197,-0.14179,-0.073563,0.025028,0.03552
0.61436,-0.74944,-0.20197,-0.14179,-0.073563,0.025028,0.03552
0.61436,-0.74944,-0.20197,-0.14179,-0.073563,0.025028,0.035519
0.61436,-0.74944,-0.20197,-0.14179,-0.073563,0.025027,0.035519
0.61436,-0.74944,-0.20197,-0.14179,-0.073563,0.025028,0.035516
0.61436,-0.74944,-0.20197,-0.14179,-0.073563,0.025028,0.035516
0.61436,-0.74944,-0.20197,-0.14179,-0.073563,0.025028,0.035516
0.61436,-0.74944,-0.20197,-0.14179,-0.073563,0.025028,0.035516
0.61436,-0.74944,-0.20197,-0.14179,-0.073563,0.025028,0.035516
0.61436,-0.74944,-0.20197,-0.14179,-0.073563,0.025028,0.035513
0.61436,-0.74944,-0.20197,-0.14179,-0.073563,0.025028,0.035513
0.61436,-0.74944,-0.20197,-0.14179,-0.073563,0.025028,0.035513
0.61436,-0.74944,-0.20197,-0.14179,-0.073563,0.025028,0.035513
0.61436,-0.74944,-0.20197,-0.14179,-0.073563,0.025028,0.035513
0.61436,-0.74944,-0.20197,-0.14179,-0.073563,0.025028,0.03551
0.61436,-0.74944,-0.20197,-0.14179,-0.073563,0.025028,0.03551
0.61436,-0.74944,-0.20197,-0.14179,-0.073563,0.025028,0.03551
0.61436,-0.74944,-0.20197,-0.14179,-0.073563,0.025028,0.035509
0.61436,-0.74944,-0.20197,-0.14179,-0.073563,0.025028,0.035509
0.61436,-0.74944,-0.20197,-0.14179,-0.073564,0.025028,0.035506
0.61436,-0.74944,-0.20197,-0.14179,-0.073564,0.025028,0.035506
0.61436,-0.74944,-0.20197,-0.14179,-0.073564,0.025028,0.035506
0.61436,-0.74944,-0.20197,-0.14179,-0.073564,0.025028,0.035506
0.61436,-0.74944,-0.20197,-0.14179,-0.073564,0.025028,0.035506
0.61436,-0.74944,-0.20197,-0.14179,-0.073564,0.025028,0.035503
0.61436,-0.74944,-0.20197,-0.14179,-0.073564,0.025028,0.035503
0.61436,-0.74944,-0.20197,-0.14179,-0.073564,0.025028,0.035503
0.61436,-0.74944,-0.20197,-0.14179,-0.073564,0.025028,0.035502
0.61436,-0.74944,-0.20197,-0.14179,-0.073564,0.025028,0.035502
0.61436,-0.74944,-0.20197,-0.14179,-0.073564,0.025028,0.035499
0.61436,-0.74944,-0.20197,-0.14179,-0.073564,0.025028,0.035499
0.61436,-0.74944,-0.20197,-0.14179,-0.073564,0.025028,0.035499
0.61436,-0.74944,-0.20197,-0.14179,-0.073564,0.025028,0.035499
0.61436,-0.74944,-0.20197,-0.14179,-0.073564,0.025028,0.035499
0.61436,-0.74944,-0.20197,-0.14179,-0.073564,0.025028,0.035496
0.61436,-0.74944,-0.20197,-0.14179,-0.073564,0.025028,0.035496
0.61436,-0.74944,-0.20197,-0.14179,-0.073564,0.025028,0.035496
0.61436,-0.74944,-0.20197,-0.14179,-0.073564,0.025028,0.035496
0.61436,-0.74944,-0.20197,-0.14179,-0.073564,0.025028,0.035496
0.61436,-0.74944,-0.20197,-0.14179,-0.073565,0.025028,0.035493
0.61436,-0.74944,-0.20197,-0.14179,-0.073565,0.025028,0.035493
0.61436,-0.74944,-0.20197,-0.14179,-0.073564,0.025028,0.035493
0.61436,-0.74944,-0.20197,-0.14179,-0.073564,0.025028,0.035492
0.61436,-0.74944,-0.20197,-0.14179,-0.073564,0.025028,0.035492
0.61436,-0.74944,-0.20197,-0.14179,-0.073565,0.025029,0.035489
0.61436,-0.74944,-0.20197,-0.14179,-0.073565,0.025029,0.035489
0.61436,-0.74944,-0.20197,-0.14179,-0.073565,0.025029,0.035489
0.61436,-0.74944,-0.20197,-0.14179,-0.073565,0.025029,0.035489
0.61436,-0.74944,-0.20197,-0.14179,-0.073565,0.025029,0.035489
0.61436,-0.74944,-0.20197,-0.14179,-0.073565,0.025029,0.035486
0.61436,-0.74944,-0.20197,-0.14179,-0.073565,0.025029,0.035486
0.61436,-0.74944,-0.20197,-0.14179,-0.073565,0.025029,0.035486
0.61436,-0.74944,-0.20197,-0.14179,-0.073565,0.025029,0.035486
0.61436,-0.74944,-0.20197,-0.14179,-0.073565,0.025029,0.035486
0.61436,-0.74944,-0.20197,-0.14179,-0.073565,0.025029,0.035483
0.61436,-0.74944,-0.20197,-0.14179,-0.073565,0.025029,0.035483
0.61436,-0.74944,-0.20197,-0.14179,-0.073565,0.025029,0.035483
0.61436,-0.74944,-0.20197,-0.14179,-0.073565,0.025029,0.035483
0.61436,-0.74944,-0.20197,-0.14179,-0.073565,0.025029,0.035483
0.61436,-0.74944,-0.20197,-0.14179,-0.073565,0.025029,0.03548
0.61436,-0.74944,-0.20197,-0.14179,-0.073565,0.025029,0.03548
0.61436,-0.74944,-0.20197,-0.14179,-0.073565,0.025029,0.035479
0.61436,-0.74944,-0.20197,-0.14179,-0.073565,0.025029,0.035479
0.61436,-0.74944,-0.20197,-0.14179,-0.073565,0.025029,0.035479
0.61436,-0.74944,-0.20197,-0.14179,-0.073565,0.025029,0.035476
0.61436,-0.74944,-0.20197,-0.14179,-0.073565,0.025029,0.035476
0.61436,-0.74944,-0.20197,-0.14179,-0.073565,0.025029,0.035476
0.61436,-0.74944,-0.20197,-0.14179,-0.073565,0.025029,0.035476
0.61436,-0.74944,-0.20197,-0.14179,-0.073565,0.025029,0.035476
0.61436,-0.74944,-0.20197,-0.14179,-0.073565,0.02503,0.035473
0.61436,-0.74944,-0.20197,-0.14179,-0.073565,0.025029,0.035473
0.61436,-0.74944,-0.20197,-0.14179,-0.073565,0.025029,0.035473
0.61436,-0.74944,-0.20197,-0.14179,-0.073565,0.025029,0.035473
0.61436,-0.74944,-0.20197,-0.14179,-0.073565,0.025029,0.035473
0.61436,-0.74944,-0.20197,-0.14179,-0.073565,0.02503,0.03547
0.61436,-0.74944,-0.20197,-0.14179,-0.073565,0.02503,0.03547
0.61436,-0.74944,-0.20197,-0.14179,-0.073565,0.02503,0.03547
0.61436,-0.74944,-0.20197,-0.14179,-0.073565,0.02503,0.03547
0.61436,-0.74944,-0.20197,-0.14179,-0.073565,0.02503,0.03547
0.61436,-0.74944,-0.20197,-0.14179,-0.073566,0.02503,0.035467
0.61436,-0.74944,-0.20197,-0.14179,-0.073566,0.02503,0.035467
0.61436,-0.74944,-0.20197,-0.14179,-0.073566,0.02503,0.035467
0.61436,-0.74944,-0.20197,-0.14179,-0.073566,0.02503,0.035466
0.61436,-0.74944,-0.20197,-0.14179,-0.073566,0.02503,0.035466
0.61436,-0.74944,-0.20197,-0.14179,-0.073566,0.02503,0.035463
0.61436,-0.74944,-0.20197,-0.14179,-0.073566,0.02503,0.035463
0.61436,-0.74944,-0.20197,-0.14179,-0.073566,0.02503,0.035463
0.61436,-0.74944,-0.20197,-0.14179,-0.073566,0.02503,0.035463
0.61436,-0.74944,-0.20197,-0.14179,-0.073566,0.02503,0.035463
0.61436,-0.74944,-0.20197,-0.14179,-0.073566,0.02503,0.03546
0.61436,-0.74944,-0.20197,-0.14179,-0.073566,0.02503,0.03546
0.61436,-0.74944,-0.20197,-0.14179,-0.073566,0.02503,0.03546
0.61436,-0.74944,-0.20197,-0.14179,-0.073566,0.02503,0.03546
0.61436,-0.74944,-0.20197,-0.14179,-0.073566,0.02503,0.03546
0.61436,-0.74944,-0.20197,-0.14179,-0.073566,0.02503,0.035457
0.61436,-0.74944,-0.20197,-0.14179,-0.073566,0.02503,0.035457
0.61436,-0.74944,-0.20197,-0.14179,-0.073566,0.02503,0.035457
0.61436,-0.74944,-0.20197,-0.14179,-0.073566,0.02503,0.035457
0.61436,-0.74944,-0.20197,-0.14179,-0.073566,0.02503,0.035457
0.61436,-0.74944,-0.20197,-0.14179,-0.073567,0.02503,0.035454
0.61436,-0.74944,-0.20197,-0.14179,-0.073567,0.02503,0.035454
0.61436,-0.74944,-0.20197,-0.14179,-0.073567,0.02503,0.035454
0.61436,-0.74944,-0.20197,-0.14179,-0.073567,0.02503,0.035453
0.61436,-0.74944,-0.20197,-0.14179,-0.073567,0.02503,0.035453
0.61436,-0.74944,-0.20197,-0.14179,-0.073567,0.02503,0.03545
0.61436,-0.74944,-0.20197,-0.14179,-0.073567,0.02503,0.03545
0.61436,-0.74944,-0.20197,-0.14179,-0.073567,0.02503,0.03545
0.61436,-0.74944,-0.20197,-0.14179,-0.073567,0.02503,0.03545
0.61436,-0.74944,-0.20197,-0.14179,-0.073567,0.02503,0.03545
0.61436,-0.74944,-0.20197,-0.14179,-0.073567,0.025031,0.035447
0.61436,-0.74944,-0.20197,-0.14179,-0.073567,0.02503,0.035447
0.61436,-0.74944,-0.20197,-0.14179,-0.073567,0.02503,0.035447
0.61436,-0.74944,-0.20197,-0.14179,-0.073567,0.02503,0.035447
0.61436,-0.74944,-0.20197,-0.14179,-0.073567,0.02503,0.035447
0.61436,-0.74944,-0.20197,-0.14179,-0.073567,0.025031,0.035444
0.61436,-0.74944,-0.20197,-0.14179,-0.073567,0.025031,0.035444
0.61436,-0.74944,-0.20197,-0.14179,-0.073567,0.02503,0.035444
0.61436,-0.74944,-0.20197,-0.14179,-0.073567,0.02503,0.035443
0.61436,-0.74944,-0.20197,-0.14179,-0.073567,0.02503,0.035443
0.61436,-0.74944,-0.20197,-0.14179,-0.073567,0.02503,0.03544
0.61436,-0.74944,-0.20197,-0.14179,-0.073567,0.02503,0.03544
0.61436,-0.74944,-0.20197,-0.14179,-0.073567,0.02503,0.03544
0.61436,-0.74944,-0.20197,-0.14179,-0.073567,0.02503,0.03544
0.61436,-0.74944,-0.20197,-0.14179,-0.073567,0.02503,0.03544
0.61436,-0.74944,-0.20197,-0.14179,-0.073567,0.02503,0.035437
0.61436,-0.74944,-0.20197,-0.14179,-0.073567,0.02503,0.035437
0.61436,-0.74944,-0.20197,-0.14179,-0.073567,0.02503,0.035437
0.61436,-0.74944,-0.20197,-0.14179,-0.073567,0.02503,0.035437
0.61436,-0.74944,-0.20197,-0.14179,-0.073567,0.02503,0.035437
0.61436,-0.74944,-0.20197,-0.14179,-0.073567,0.02503,0.035434
0.61436,-0.74944,-0.20197,-0.14179,-0.073567,0.02503,0.035434
0.61436,-0.74944,-0.20197,-0.14179,-0.073567,0.02503,0.035434
0.61436,-0.74944,-0.20197,-0.14179,-0.073567,0.02503,0.035434
0.61436,-0.74944,-0.20197,-0.14179,-0.073567,0.02503,0.035433
0.61436,-0.74944,-0.20197,-0.14179,-0.073567,0.02503,0.035431
0.61436,-0.74944,-0.20197,-0.14179,-0.073567,0.02503,0.03543
0.61436,-0.74944,-0.20197,-0.14179,-0.073567,0.02503,0.03543
0.61436,-0.74944,-0.20197,-0.14179,-0.073567,0.02503,0.03543
0.61436,-0.74944,-0.20197,-0.14179,-0.073567,0.02503,0.03543
0.61436,-0.74944,-0.20197,-0.14179,-0.073567,0.02503,0.035427
0.61436,-0.74944,-0.20197,-0.14179,-0.073567,0.02503,0.035427
0.61436,-0.74944,-0.20197,-0.14179,-0.073567,0.02503,0.035427
0.61436,-0.74944,-0.20197,-0.14179,-0.073567,0.02503,0.035427
0.61436,-0.74944,-0.20197,-0.14179,-0.073567,0.02503,0.035427
0.61436,-0.74944,-0.20197,-0.14179,-0.073567,0.02503,0.035424
0.61436,-0.74944,-0.20197,-0.14179,-0.073567,0.02503,0.035424
0.61436,-0.74944,-0.20197,-0.14179,-0.073567,0.02503,0.035424
0.61436,-0.74944,-0.20197,-0.14179,-0.073567,0.02503,0.035424
0.61436,-0.74944,-0.20197,-0.14179,-0.073567,0.02503,0.035424
0.61436,-0.74944,-0.20197,-0.14179,-0.073568,0.02503,0.035421
0.61436,-0.74944,-0.20197,-0.14179,-0.073567,0.02503,0.035421
0.61436,-0.74944,-0.20197,-0.14179,-0.073567,0.02503,0.035421
0.61436,-0.74944,-0.20197,-0.14179,-0.073567,0.02503,0.035421
0.61436,-0.74944,-0.20197,-0.14179,-0.073567,0.02503,0.035421
0.61436,-0.74944,-0.20197,-0.14179,-0.073568,0.02503,0.035418
0.61436,-0.74944,-0.20197,-0.14179,-0.073568,0.02503,0.035418
0.61436,-0.74944,-0.20197,-0.14179,-0.073567,0.02503,0.035418
0.61436,-0.74944,-0.20197,-0.14179,-0.073567,0.02503,0.035417
0.61436,-0.74944,-0.20197,-0.14179,-0.073567,0.02503,0.035417
0.61436,-0.74944,-0.20197,-0.14179,-0.073568,0.02503,0.035414
0.61436,-0.74944,-0.20197,-0.14179,-0.073567,0.02503,0.035414
0.61436,-0.74944,-0.20197,-0.14179,-0.073567,0.02503,0.035414
0.61436,-0.74944,-0.20197,-0.14179,-0.073567,0.02503,0.035414
0.61436,-0.74944,-0.20197,-0.14179,-0.073567,0.02503,0.035414
0.61436,-0.74944,-0.20197,-0.14179,-0.073568,0.02503,0.035411
0.61436,-0.74944,-0.20197,-0.14179,-0.073567,0.02503,0.035411
0.61436,-0.74944,-0.20197,-0.14179,-0.073567,0.02503,0.035411
0.61436,-0.74944,-0.20197,-0.14179,-0.073567,0.02503,0.035411
0.61436,-0.74944,-0.20197,-0.14179,-0.073567,0.02503,0.035411
0.61436,-0.74944,-0.20197,-0.14179,-0.073567,0.02503,0.035408
0.61436,-0.74944,-0.20197,-0.14179,-0.073567,0.02503,0.035408
0.61436,-0.74944,-0.20197,-0.14179,-0.073567,0.02503,0.035408
0.61436,-0.74944,-0.20197,-0.14179,-0.073567,0.02503,0.035408
0.61436,-0.74944,-0.20197,-0.14179,-0.073567,0.02503,0.035408
0.61436,-0.74944,-0.20197,-0.14179,-0.073568,0.02503,0.035405
0.61436,-0.74944,-0.20197,-0.14179,-0.073567,0.02503,0.035405
0.61436,-0.74944,-0.20197,-0.14179,-0.073567,0.02503,0.035404
0.61436,-0.74944,-0.20197,-0.14179,-0.073567,0.02503,0.035404
0.61436,-0.74944,-0.20197,-0.14179,-0.073567,0.02503,0.035404
0.61436,-0.74944,-0.20197,-0.14179,-0.073567,0.02503,0.035401
0.61436,-0.74944,-0.20197,-0.14179,-0.073567,0.02503,0.035401
0.61436,-0.74944,-0.20197,-0.14179,-0.073567,0.02503,0.035401
0.61436,-0.74944,-0.20197,-0.14179,-0.073567,0.02503,0.035401
0.61436,-0.74944,-0.20197,-0.14179,-0.073567,0.02503,0.035401
0.61436,-0.74944,-0.20197,-0.14179,-0.073568,0.025031,0.035398
0.61436,-0.74944,-0.20197,-0.14179,-0.073568,0.02503,0.035398
0.61436,-0.74944,-0.20197,-0.14179,-0.073567,0.02503,0.035398
0.61436,-0.74944,-0.20197,-0.14179,-0.073567,0.02503,0.035398
0.61436,-0.74944,-0.20197,-0.14179,-0.073567,0.02503,0.035398
0.61436,-0.74944,-0.20197,-0.14179,-0.073568,0.025031,0.035395
0.61436,-0.74944,-0.20197,-0.14179,-0.073568,0.02503,0.035395
0.61436,-0.74944,-0.20197,-0.14179,-0.073568,0.02503,0.035395
0.61436,-0.74944,-0.20197,-0.14179,-0.073568,0.02503,0.035395
0.61436,-0.74944,-0.20197,-0.14179,-0.073567,0.02503,0.035395
0.61436,-0.74944,-0.20197,-0.14179,-0.073568,0.025031,0.035392
0.61436,-0.74944,-0.20197,-0.14179,-0.073568,0.02503,0.035392
0.61436,-0.74944,-0.20197,-0.14179,-0.073568,0.02503,0.035392
0.61436,-0.74944,-0.20197,-0.14179,-0.073568,0.02503,0.035391
0.61436,-0.74944,-0.20197,-0.14179,-0.073568,0.02503,0.035391
0.61436,-0.74944,-0.20197,-0.14179,-0.073568,0.025031,0.035389
0.61436,-0.74944,-0.20197,-0.14179,-0.073568,0.025031,0.035388
0.61436,-0.74944,-0.20197,-0.14179,-0.073568,0.025031,0.035388
0.61436,-0.74944,-0.20197,-0.14179,-0.073568,0.02503,0.035388
0.61436,-0.74944,-0.20197,-0.14179,-0.073568,0.02503,0.035388
0.61436,-0.74944,-0.20197,-0.14179,-0.073568,0.025031,0.035385
0.61436,-0.74944,-0.20197,-0.14179,-0.073568,0.025031,0.035385
0.61436,-0.74944,-0.20197,-0.14179,-0.073568,0.025031,0.035385
0.61436,-0.74944,-0.20197,-0.14179,-0.073568,0.025031,0.035385
0.61436,-0.74944,-0.20197,-0.14179,-0.073568,0.02503,0.035385
0.61436,-0.74944,-0.20197,-0.14179,-0.073568,0.025031,0.035382
0.61436,-0.74944,-0.20197,-0.14179,-0.073568,0.025031,0.035382
0.61436,-0.74944,-0.20197,-0.14179,-0.073568,0.025031,0.035382
0.61436,-0.74944,-0.20197,-0.14179,-0.073568,0.025031,0.035382
0.61436,-0.74944,-0.20197,-0.14179,-0.073568,0.025031,0.035382
0.61436,-0.74944,-0.20197,-0.14179,-0.073568,0.025031,0.035379
0.61436,-0.74944,-0.20197,-0.14179,-0.073568,0.025031,0.035379
0.61436,-0.74944,-0.20197,-0.14179,-0.073568,0.025031,0.035379
0.61436,-0.74944,-0.20197,-0.14179,-0.073568,0.025031,0.035379
0.61436,-0.74944,-0.20197,-0.14179,-0.073568,0.025031,0.035379
0.61436,-0.74944,-0.20197,-0.14179,-0.073568,0.025031,0.035376
0.61436,-0.74944,-0.20197,-0.14179,-0.073568,0.025031,0.035376
0.61436,-0.74944,-0.20197,-0.14179,-0.073568,0.025031,0.035376
0.61436,-0.74944,-0.20197,-0.14179,-0.073568,0.025031,0.035375
0.61436,-0.74944,-0.20197,-0.14179,-0.073567,0.025031,0.035375
0.61436,-0.74944,-0.20197,-0.14179,-0.073568,0.025031,0.035372
0.61436,-0.74944,-0.20197,-0.14179,-0.073568,0.025031,0.035372
0.61436,-0.74944,-0.20197,-0.14179,-0.073568,0.025031,0.035372
0.61436,-0.74944,-0.20197,-0.14179,-0.073568,0.025031,0.035372
0.61436,-0.74944,-0.20197,-0.14179,-0.073567,0.025031,0.035372
0.61436,-0.74944,-0.20197,-0.14179,-0.073568,0.025031,0.035369
0.61436,-0.74944,-0.20197,-0.14179,-0.073568,0.025031,0.035369
0.61436,-0.74944,-0.20197,-0.14179,-0.073568,0.025031,0.035369
0.61436,-0.74944,-0.20197,-0.14179,-0.073567,0.025031,0.035369
0.61436,-0.74944,-0.20197,-0.14179,-0.073567,0.025031,0.035369
0.61436,-0.74944,-0.20197,-0.14179,-0.073568,0.025031,0.035366
0.61436,-0.74944,-0.20197,-0.14179,-0.073568,0.025031,0.035366
0.61436,-0.74944,-0.20197,-0.14179,-0.073567,0.025031,0.035366
0.61436,-0.74944,-0.20197,-0.14179,-0.073567,0.025031,0.035366
0.61436,-0.74944,-0.20197,-0.14179,-0.073567,0.025031,0.035366
0.61436,-0.74944,-0.20197,-0.14179,-0.073568,0.025031,0.035363
0.61436,-0.74944,-0.20197,-0.14179,-0.073568,0.025031,0.035363
0.61436,-0.74944,-0.20197,-0.14179,-0.073567,0.025031,0.035363
0.61436,-0.74944,-0.20197,-0.14179,-0.073567,0.025031,0.035363
0.61436,-0.74944,-0.20197,-0.14179,-0.073567,0.025031,0.035363
0.61436,-0.74944,-0.20197,-0.14179,-0.073568,0.025031,0.03536
0.61436,-0.74944,-0.20197,-0.14179,-0.073568,0.025031,0.03536
0.61436,-0.74944,-0.20197,-0.14179,-0.073568,0.025031,0.03536
0.61436,-0.74944,-0.20197,-0.14179,-0.073567,0.025031,0.03536
0.61436,-0.74944,-0.20197,-0.14179,-0.073567,0.025031,0.03536
0.61436,-0.74944,-0.20197,-0.14179,-0.073568,0.025031,0.035357
0.61436,-0.74944,-0.20197,-0.14179,-0.073568,0.025031,0.035357
0.61436,-0.74944,-0.20197,-0.14179,-0.073568,0.025031,0.035357
0.61436,-0.74944,-0.20197,-0.14179,-0.073568,0.025031,0.035357
0.61436,-0.74944,-0.20197,-0.14179,-0.073567,0.025031,0.035356
0.61436,-0.74944,-0.20197,-0.14179,-0.073568,0.025031,0.035354
0.61436,-0.74944,-0.20197,-0.14179,-0.073568,0.025031,0.035353
0.61436,-0.74944,-0.20197,-0.14179,-0.073567,0.025031,0.035353
0.61436,-0.74944,-0.20197,-0.14179,-0.073567,0.025031,0.035353
0.61436,-0.74944,-0.20197,-0.14179,-0.073567,0.025031,0.035353
0.61436,-0.74944,-0.20197,-0.14179,-0.073568,0.025031,0.03535
0.61436,-0.74944,-0.20197,-0.14179,-0.073567,0.025031,0.03535
0.61436,-0.74944,-0.20197,-0.14179,-0.073567,0.025031,0.03535
0.61436,-0.74944,-0.20197,-0.14179,-0.073567,0.025031,0.03535
0.61436,-0.74944,-0.20197,-0.14179,-0.073567,0.025031,0.03535
0.61436,-0.74944,-0.20197,-0.14179,-0.073567,0.025031,0.035347
0.61436,-0.74944,-0.20197,-0.14179,-0.073567,0.025031,0.035347
0.61436,-0.74944,-0.20197,-0.14179,-0.073567,0.025031,0.035347
0.61436,-0.74944,-0.20197,-0.14179,-0.073567,0.025031,0.035347
0.61436,-0.74944,-0.20197,-0.14179,-0.073567,0.025031,0.035347
0.61436,-0.74944,-0.20197,-0.14179,-0.073567,0.025031,0.035344
0.61436,-0.74944,-0.20197,-0.14179,-0.073567,0.025031,0.035344
0.61436,-0.74944,-0.20197,-0.14179,-0.073567,0.025031,0.035344
0.61436,-0.74944,-0.20197,-0.14179,-0.073567,0.025031,0.035344
0.61436,-0.74944,-0.20197,-0.14179,-0.073567,0.025031,0.035344
0.61436,-0.74944,-0.20197,-0.14179,-0.073567,0.025031,0.035341
0.61436,-0.74944,-0.20197,-0.14179,-0.073567,0.025031,0.035341
0.61436,-0.74944,-0.20197,-0.14179,-0.073567,0.025031,0.03534
0.61436,-0.74944,-0.20197,-0.14179,-0.073567,0.025031,0.03534
0.61436,-0.74944,-0.20197,-0.14179,-0.073567,0.025031,0.03534
0.61436,-0.74944,-0.20197,-0.14179,-0.073567,0.025032,0.035338
0.61436,-0.74944,-0.20197,-0.14179,-0.073567,0.025031,0.035337
0.61436,-0.74944,-0.20197,-0.14179,-0.073567,0.025031,0.035337
0.61436,-0.74944,-0.20197,-0.14179,-0.073567,0.025031,0.035337
0.61436,-0.74944,-0.20197,-0.14179,-0.073567,0.025031,0.035337
0.61436,-0.74944,-0.20197,-0.14179,-0.073567,0.025032,0.035334
0.61436,-0.74944,-0.20197,-0.14179,-0.073567,0.025032,0.035334
0.61436,-0.74944,-0.20197,-0.14179,-0.073567,0.025032,0.035334
0.61436,-0.74944,-0.20197,-0.14179,-0.073567,0.025032,0.035334
0.61436,-0.74944,-0.20197,-0.14179,-0.073567,0.025031,0.035334
0.61436,-0.74944,-0.20197,-0.14179,-0.073567,0.025032,0.035331
0.61436,-0.74944,-0.20197,-0.14179,-0.073567,0.025032,0.035331
0.61436,-0.74944,-0.20197,-0.14179,-0.073567,0.025032,0.035331
0.61436,-0.74944,-0.20197,-0.14179,-0.073567,0.025032,0.035331
0.61436,-0.74944,-0.20197,-0.14179,-0.073567,0.025031,0.035331
0.61436,-0.74944,-0.20197,-0.14179,-0.073567,0.025032,0.035328
0.61436,-0.74944,-0.20197,-0.14179,-0.073567,0.025032,0.035328
0.61436,-0.74944,-0.20197,-0.14179,-0.073567,0.025032,0.035328
0.61436,-0.74944,-0.20197,-0.14179,-0.073567,0.025032,0.035328
0.61436,-0.74944,-0.20197,-0.14179,-0.073567,0.025032,0.035328
0.61436,-0.74944,-0.20197,-0.14179,-0.073567,0.025032,0.035325
0.61436,-0.74944,-0.20197,-0.14179,-0.073567,0.025032,0.035325
0.61436,-0.74944,-0.20197,-0.14179,-0.073567,0.025032,0.035325
0.61436,-0.74944,-0.20197,-0.14179,-0.073567,0.025032,0.035325
0.61436,-0.74944,-0.20197,-0.14179,-0.073567,0.025032,0.035325
0.61436,-0.74944,-0.20197,-0.14179,-0.073567,0.025032,0.035322
0.61436,-0.74944,-0.20197,-0.14179,-0.073567,0.025032,0.035322
0.61436,-0.74944,-0.20197,-0.14179,-0.073567,0.025032,0.035322
0.61436,-0.74944,-0.20197,-0.14179,-0.073566,0.025032,0.035321
0.61436,-0.74944,-0.20197,-0.14179,-0.073566,0.025032,0.035321
0.61436,-0.74944,-0.20197,-0.14179,-0.073567,0.025032,0.035318
0.61436,-0.74944,-0.20197,-0.14179,-0.073566,0.025032,0.035318
0.61436,-0.74944,-0.20197,-0.14179,-0.073566,0.025032,0.035318
0.61436,-0.74944,-0.20197,-0.14179,-0.073566,0.025032,0.035318
0.61436,-0.74944,-0.20197,-0.14179,-0.073566,0.025032,0.035318
0.61436,-0.74944,-0.20197,-0.14179,-0.073566,0.025032,0.035315
0.61436,-0.74944,-0.20197,-0.14179,-0.073566,0.025032,0.035315
0.61436,-0.74944,-0.20197,-0.14179,-0.073566,0.025032,0.035315
0.61436,-0.74944,-0.20197,-0.14179,-0.073566,0.025032,0.035315
0.61436,-0.74944,-0.20197,-0.14179,-0.073566,0.025032,0.035315
0.61436,-0.74944,-0.20197,-0.14179,-0.073566,0.025033,0.035312
0.61436,-0.74944,-0.20197,-0.14179,-0.073566,0.025033,0.035312
0.61436,-0.74944,-0.20197,-0.14179,-0.073566,0.025033,0.035312
0.61436,-0.74944,-0.20197,-0.14179,-0.073566,0.025032,0.035312
0.61436,-0.74944,-0.20197,-0.14179,-0.073566,0.025032,0.035312
0.61436,-0.74944,-0.20197,-0.14179,-0.073566,0.025033,0.035309
0.61436,-0.74944,-0.20197,-0.14179,-0.073566,0.025033,0.035309
0.61436,-0.74944,-0.20197,-0.14179,-0.073566,0.025033,0.035309
0.61436,-0.74944,-0.20197,-0.14179,-0.073566,0.025033,0.035309
0.61436,-0.74944,-0.20197,-0.14179,-0.073566,0.025033,0.035309
0.61436,-0.74944,-0.20197,-0.14179,-0.073566,0.025033,0.035306
0.61436,-0.74944,-0.20197,-0.14179,-0.073566,0.025033,0.035306
0.61436,-0.74944,-0.20197,-0.14179,-0.073566,0.025033,0.035306
0.61436,-0.74944,-0.20197,-0.14179,-0.073566,0.025033,0.035306
0.61436,-0.74944,-0.20197,-0.14179,-0.073566,0.025033,0.035306
0.61436,-0.74944,-0.20197,-0.14179,-0.073566,0.025033,0.035303
0.61436,-0.74944,-0.20197,-0.14179,-0.073566,0.025033,0.035303
0.61436,-0.74944,-0.20197,-0.14179,-0.073566,0.025033,0.035303
0.61436,-0.74944,-0.20197,-0.14179,-0.073566,0.025033,0.035303
0.61436,-0.74944,-0.20197,-0.14179,-0.073566,0.025033,0.035303
0.61436,-0.74944,-0.20197,-0.14179,-0.073566,0.025033,0.0353
0.61436,-0.74944,-0.20197,-0.14179,-0.073566,0.025033,0.0353
0.61436,-0.74944,-0.20197,-0.14179,-0.073566,0.025033,0.0353
0.61436,-0.74944,-0.20197,-0.14179,-0.073566,0.025033,0.0353
0.61436,-0.74944,-0.20197,-0.14179,-0.073566,0.025033,0.0353
0.61436,-0.74944,-0.20197,-0.14179,-0.073566,0.025033,0.035297
0.61436,-0.74944,-0.20197,-0.14179,-0.073566,0.025033,0.035297
0.61436,-0.74944,-0.20197,-0.14179,-0.073566,0.025033,0.035297
0.61436,-0.74944,-0.20197,-0.14179,-0.073566,0.025033,0.035297
0.61436,-0.74944,-0.20197,-0.14179,-0.073566,0.025033,0.035297
0.61436,-0.74944,-0.20197,-0.14179,-0.073566,0.025034,0.035294
0.61436,-0.74944,-0.20197,-0.14179,-0.073566,0.025034,0.035294
0.61436,-0.74944,-0.20197,-0.14179,-0.073566,0.025034,0.035294
0.61436,-0.74944,-0.20197,-0.14179,-0.073566,0.025034,0.035294
0.61436,-0.74944,-0.20197,-0.14179,-0.073566,0.025034,0.035294
0.61436,-0.74944,-0.20197,-0.14179,-0.073566,0.025034,0.035291
0.61436,-0.74944,-0.20197,-0.14179,-0.073566,0.025034,0.035291
0.61436,-0.74944,-0.20197,-0.14179,-0.073566,0.025034,0.035291
0.61436,-0.74944,-0.20197,-0.14179,-0.073566,0.025034,0.035291
0.61436,-0.74944,-0.20197,-0.14179,-0.073566,0.025034,0.035291
0.61436,-0.74944,-0.20197,-0.14179,-0.073566,0.025034,0.035288
0.61436,-0.74944,-0.20197,-0.14179,-0.073566,0.025034,0.035288
0.61436,-0.74944,-0.20197,-0.14179,-0.073566,0.025034,0.035288
0.61436,-0.74944,-0.20197,-0.14179,-0.073566,0.025034,0.035288
0.61436,-0.74944,-0.20197,-0.14179,-0.073566,0.025034,0.035288
0.61436,-0.74944,-0.20197,-0.14179,-0.073566,0.025034,0.035285
0.61436,-0.74944,-0.20197,-0.14179,-0.073566,0.025034,0.035285
0.61436,-0.74944,-0.20197,-0.14179,-0.073566,0.025034,0.035285
0.61436,-0.74944,-0.20197,-0.14179,-0.073566,0.025034,0.035285
0.61436,-0.74944,-0.20197,-0.14179,-0.073566,0.025034,0.035285
0.61436,-0.74944,-0.20197,-0.14179,-0.073566,0.025034,0.035282
0.61436,-0.74944,-0.20197,-0.14179,-0.073566,0.025034,0.035282
0.61436,-0.74944,-0.20197,-0.14179,-0.073566,0.025034,0.035282
0.61436,-0.74944,-0.20197,-0.14179,-0.073566,0.025034,0.035282
0.61436,-0.74944,-0.20197,-0.14179,-0.073566,0.025034,0.035282
0.61436,-0.74944,-0.20197,-0.14179,-0.073566,0.025035,0.035279
0.61436,-0.74944,-0.20197,-0.14179,-0.073566,0.025035,0.035279
0.61436,-0.74944,-0.20197,-0.14179,-0.073566,0.025035,0.035279
0.61436,-0.74944,-0.20197,-0.14179,-0.073566,0.025034,0.035279
0.61436,-0.74944,-0.20197,-0.14179,-0.073566,0.025034,0.035279
0.61436,-0.74944,-0.20197,-0.14179,-0.073566,0.025035,0.035276
0.61436,-0.74944,-0.20197,-0.14179,-0.073566,0.025035,0.035276
0.61436,-0.74944,-0.20197,-0.14179,-0.073566,0.025035,0.035276
0.61436,-0.74944,-0.20197,-0.14179,-0.073566,0.025035,0.035276
0.61436,-0.74944,-0.20197,-0.14179,-0.073566,0.025035,0.035276
0.61436,-0.74944,-0.20197,-0.14179,-0.073566,0.025035,0.035273
0.61436,-0.74944,-0.20197,-0.14179,-0.073566,0.025035,0.035273
0.61436,-0.74944,-0.20197,-0.14179,-0.073566,0.025035,0.035273
0.61436,-0.74944,-0.20197,-0.14179,-0.073566,0.025035,0.035273
0.61436,-0.74944,-0.20197,-0.14179,-0.073566,0.025035,0.035273
0.61436,-0.74944,-0.20197,-0.14179,-0.073566,0.025035,0.03527
0.61436,-0.74944,-0.20197,-0.14179,-0.073566,0.025035,0.03527
0.61436,-0.74944,-0.20197,-0.14179,-0.073566,0.025035,0.03527
0.61436,-0.74944,-0.20197,-0.14179,-0.073566,0.025035,0.03527
0.61436,-0.74944,-0.20197,-0.14179,-0.073566,0.025035,0.03527
0.61436,-0.74944,-0.20197,-0.14179,-0.073566,0.025035,0.035267
0.61436,-0.74944,-0.20197,-0.14179,-0.073566,0.025035,0.035267
0.61436,-0.74944,-0.20197,-0.14179,-0.073566,0.025035,0.035267
0.61436,-0.74944,-0.20197,-0.14179,-0.073566,0.025035,0.035267
0.61436,-0.74944,-0.20197,-0.14179,-0.073566,0.025035,0.035267
0.61436,-0.74944,-0.20197,-0.14179,-0.073566,0.025036,0.035265
0.61436,-0.74944,-0.20197,-0.14179,-0.073566,0.025036,0.035264
0.61436,-0.74944,-0.20197,-0.14179,-0.073566,0.025036,0.035264
0.61436,-0.74944,-0.20197,-0.14179,-0.073566,0.025036,0.035264
0.61436,-0.74944,-0.20197,-0.14179,-0.073566,0.025036,0.035264
0.61436,-0.74944,-0.20197,-0.14179,-0.073566,0.025036,0.035262
