0.49668,0.86495,0.069957,0.016673,0.064438,-0.6745,0.40867,0
0.49668,0.86495,0.069957,0.016673,0.064438,-0.6745,0.40867,0.1
0.49703,0.86475,0.070299,0.01529,0.064354,-0.67451,0.40884,0.2
0.49665,0.865,0.069898,0.014741,0.062779,-0.67422,0.40911,0.3
0.49714,0.86469,0.070485,0.013728,0.062869,-0.67442,0.40869,0.4
0.49725,0.86455,0.071569,0.013462,0.062984,-0.67415,0.40905,0.5
0.49677,0.86475,0.072249,0.014164,0.061957,-0.67311,0.41098,0.6
0.49887,0.8636,0.071981,0.011413,0.063703,-0.67457,0.40884,0.7
0.49864,0.86384,0.071071,0.0093509,0.063957,-0.67445,0.40904,0.8
0.49814,0.86412,0.071163,0.0091736,0.063551,-0.67397,0.40984,0.9
0.49918,0.8634,0.072541,0.0099063,0.063096,-0.67457,0.409,1
0.49969,0.8631,0.072724,0.0088661,0.064106,-0.67476,0.40881,1.1
0.49952,0.86319,0.072976,0.007776,0.064372,-0.67523,0.40836,1.2
0.49912,0.86352,0.071968,0.0054486,0.064628,-0.67582,0.40688,1.3
0.49753,0.8645,0.071298,0.004308,0.064009,-0.67637,0.40529,1.4
0.49571,0.86549,0.072054,0.0028938,0.064001,-0.67694,0.40372,1.5
0.49444,0.86618,0.072553,0.0021058,0.063121,-0.67723,0.40255,1.6
0.49337,0.8667,0.073633,0.0019352,0.061558,-0.67723,0.40256,1.7
0.49335,0.86666,0.074149,-0.0011995,0.062774,-0.67768,0.40245,1.8
0.49395,0.86648,0.072174,-0.0039069,0.061369,-0.67841,0.40229,1.9
0.4935,0.86688,0.070042,-0.0079876,0.062199,-0.67804,0.40392,2
0.49448,0.86641,0.068532,-0.011035,0.062571,-0.67881,0.40426,2.1
0.4945,0.86641,0.068367,-0.011229,0.061681,-0.67846,0.40624,2.2
0.49566,0.86568,0.068972,-0.012913,0.063171,-0.67872,0.40723,2.3
0.49671,0.86505,0.069047,-0.013775,0.062422,-0.67872,0.40889,2.4
0.49912,0.86362,0.069379,-0.015122,0.062445,-0.67942,0.40929,2.5
0.49955,0.86343,0.06848,-0.016081,0.059542,-0.67912,0.41217,2.6
0.50138,0.86226,0.068693,-0.020266,0.060673,-0.68018,0.41177,2.7
0.50221,0.86165,0.069792,-0.02154,0.059226,-0.68056,0.41209,2.8
0.5027,0.86124,0.070777,-0.023279,0.057517,-0.68126,0.41155,2.9
0.50323,0.86065,0.07343,-0.025354,0.057993,-0.6822,0.41074,3
0.50398,0.86001,0.075635,-0.025896,0.057863,-0.6831,0.41051,3.1
0.50425,0.85979,0.075754,-0.027524,0.058151,-0.68296,0.41217,3.2
0.50558,0.85902,0.075069,-0.028849,0.059057,-0.68383,0.41268,3.3
0.50552,0.85917,0.073692,-0.028911,0.058557,-0.68371,0.41505,3.4
0.507,0.85829,0.073606,-0.029399,0.059851,-0.68468,0.41588,3.5
0.50779,0.85774,0.0745,-0.029565,0.061752,-0.68566,0.41675,3.6
0.5074,0.85803,0.073788,-0.029675,0.061734,-0.68659,0.41729,3.7
0.50601,0.85884,0.073146,-0.031571,0.063267,-0.68724,0.41779,3.8
0.50595,0.85876,0.073543,-0.033794,0.066903,-0.68844,0.4169,3.9
0.5051,0.85919,0.074364,-0.033817,0.069301,-0.68839,0.41975,4
0.50571,0.85877,0.073753,-0.03632,0.07109,-0.68967,0.41891,4.1
0.5046,0.85933,0.073682,-0.038675,0.072821,-0.69041,0.41906,4.2
0.50314,0.86007,0.073979,-0.040726,0.074407,-0.69056,0.41964,4.3
0.50218,0.86044,0.075125,-0.042717,0.077509,-0.69052,0.42004,4.4
0.50067,0.86132,0.07403,-0.04449,0.079311,-0.69014,0.42054,4.5
0.50007,0.86168,0.073387,-0.045367,0.081835,-0.6897,0.42103,4.6
0.49908,0.86223,0.071937,-0.047978,0.084183,-0.68879,0.42241,4.7
0.4984,0.86249,0.072988,-0.048827,0.086635,-0.6874,0.42486,4.8
0.49897,0.86215,0.072564,-0.049601,0.086383,-0.68665,0.42736,4.9
0.49813,0.86246,0.073034,-0.051865,0.086959,-0.68589,0.42976,5
0.49799,0.86217,0.074575,-0.055708,0.089265,-0.68578,0.43057,5.1
0.49755,0.86204,0.079034,-0.05544,0.089715,-0.68559,0.43172,5.2
0.4975,0.86174,0.082911,-0.054991,0.090597,-0.68528,0.4327,5.3
0.49686,0.86179,0.085711,-0.055674,0.09062,-0.68572,0.43315,5.4
0.49464,0.86272,0.088674,-0.056402,0.090189,-0.68541,0.43517,5.5
0.49395,0.86277,0.090391,-0.058831,0.091023,-0.68603,0.43588,5.6
0.49267,0.86308,0.092496,-0.061706,0.0935,-0.68749,0.43437,5.7
0.48958,0.86453,0.095832,-0.060904,0.091975,-0.68847,0.43441,5.8
0.48721,0.86549,0.099681,-0.060178,0.091692,-0.6893,0.43444,5.9
0.48532,0.8661,0.10324,-0.060672,0.094891,-0.69027,0.43372,6
0.4838,0.86686,0.10438,-0.059992,0.095084,-0.69033,0.43566,6.1
0.48269,0.86746,0.10394,-0.060968,0.09721,-0.69039,0.43717,6.2
0.48207,0.86781,0.1034,-0.061887,0.099767,-0.69012,0.43931,6.3
0.48346,0.86704,0.10344,-0.061717,0.1033,-0.69038,0.44047,6.4
0.48462,0.86669,0.10202,-0.059898,0.10535,-0.69045,0.4421,6.5
0.48613,0.86621,0.10016,-0.057702,0.10774,-0.69107,0.44299,6.6
0.48734,0.86584,0.099055,-0.054891,0.10994,-0.69084,0.44557,6.7
0.48831,0.86596,0.094756,-0.051792,0.10953,-0.69169,0.44736,6.8
0.48861,0.86587,0.093589,-0.052575,0.1135,-0.6924,0.44821,6.9
0.49064,0.86512,0.090996,-0.050594,0.11662,-0.69413,0.44737,7
0.49127,0.86525,0.08713,-0.049123,0.11796,-0.6954,0.44735,7.1
0.49055,0.86573,0.086709,-0.04855,0.1215,-0.69576,0.44877,7.2
0.48971,0.86653,0.083962,-0.047587,0.122,-0.69667,0.45002,7.3
0.4902,0.86632,0.083491,-0.047223,0.12411,-0.6985,0.44976,7.4
0.49003,0.86654,0.082736,-0.046225,0.12404,-0.70026,0.45003,7.5
0.48932,0.86692,0.082408,-0.047103,0.12525,-0.70154,0.45091,7.6
0.4906,0.8662,0.08293,-0.046229,0.12641,-0.70345,0.45122,7.7
0.49153,0.86586,0.081661,-0.044879,0.1255,-0.70563,0.45115,7.8
0.49202,0.86558,0.08116,-0.045875,0.12917,-0.70754,0.45025,7.9
0.49187,0.8658,0.079177,-0.046645,0.13038,-0.70843,0.45109,8
0.49164,0.86601,0.078354,-0.046659,0.12985,-0.70928,0.45256,8.1
0.49177,0.86608,0.077884,-0.044873,0.12943,-0.70997,0.45465,8.2
0.49344,0.86524,0.077031,-0.044141,0.13184,-0.71203,0.45405,8.3
0.49513,0.86437,0.074937,-0.045722,0.13538,-0.71467,0.45285,8.4
0.49286,0.86586,0.074036,-0.043395,0.13405,-0.71484,0.45681,8.5
0.4929,0.86579,0.074641,-0.043427,0.13782,-0.71625,0.45776,8.6
0.49358,0.86557,0.074709,-0.039872,0.13803,-0.71754,0.45986,8.7
0.49652,0.86409,0.074131,-0.036253,0.14309,-0.7195,0.45942,8.8
0.49778,0.86388,0.070324,-0.031433,0.14247,-0.72072,0.46159,8.9
0.49936,0.86319,0.06781,-0.030849,0.14618,-0.72286,0.46077,9
0.50017,0.86285,0.066689,-0.029589,0.14842,-0.7244,0.46144,9.1
0.50118,0.86239,0.065169,-0.029215,0.15312,-0.7256,0.46218,9.2
0.50244,0.86171,0.064485,-0.029076,0.15663,-0.72696,0.4628,9.3
0.50443,0.86049,0.065197,-0.02914,0.16118,-0.72918,0.46279,9.4
0.50583,0.85984,0.062075,-0.030958,0.16199,-0.73173,0.46261,9.5
0.50596,0.85963,0.064117,-0.030413,0.16495,-0.73215,0.46606,9.6
0.50771,0.85862,0.063944,-0.03024,0.16912,-0.73443,0.46631,9.7
0.50815,0.85834,0.064802,-0.0288,0.17145,-0.73625,0.46756,9.8
0.51112,0.85651,0.065903,-0.028473,0.1731,-0.73998,0.46587,9.9
0.51071,0.85663,0.065574,-0.032416,0.17674,-0.74101,0.467,10
0.51053,0.85672,0.06501,-0.034182,0.17811,-0.74277,0.46765,10.1
0.51056,0.85667,0.064405,-0.036099,0.17945,-0.74469,0.46816,10.2
0.51094,0.85623,0.065781,-0.038504,0.1822,-0.74573,0.46965,10.3
0.51114,0.85589,0.068431,-0.038744,0.18274,-0.7465,0.47205,10.4
0.51333,0.85441,0.069264,-0.041045,0.18693,-0.74855,0.47092,10.5
0.51499,0.85346,0.068347,-0.041547,0.18762,-0.75091,0.47082,10.6
0.5149,0.85333,0.068511,-0.044922,0.19073,-0.75175,0.47249,10.7
0.51556,0.85296,0.06888,-0.043681,0.1881,-0.75385,0.47367,10.8
0.51628,0.85241,0.0701,-0.044052,0.19079,-0.75496,0.47423,10.9
0.51693,0.85192,0.070686,-0.045015,0.19384,-0.75607,0.47402,11
0.5169,0.85202,0.069938,-0.044496,0.19182,-0.75819,0.47364,11.1
0.51584,0.85253,0.070521,-0.046173,0.19397,-0.75903,0.47417,11.2
0.51614,0.85221,0.071166,-0.047689,0.19593,-0.76102,0.47263,11.3
0.51465,0.85305,0.073039,-0.045931,0.19586,-0.7619,0.47331,11.4
0.5165,0.85185,0.075643,-0.043198,0.1948,-0.76585,0.46875,11.5
0.51461,0.8528,0.076073,-0.046086,0.19934,-0.76467,0.47189,11.6
0.51379,0.85317,0.078594,-0.044073,0.19936,-0.76514,0.47391,11.7
0.51301,0.85367,0.079245,-0.042245,0.19881,-0.76642,0.47437,11.8
0.51273,0.8537,0.080948,-0.041881,0.20065,-0.76775,0.47447,11.9
0.51187,0.85412,0.082965,-0.039789,0.20012,-0.76838,0.47676,12
0.51132,0.85439,0.084642,-0.037396,0.19908,-0.76966,0.47776,12.1
0.51105,0.85445,0.084076,-0.040884,0.20312,-0.76978,0.47843,12.2
0.51082,0.85464,0.084075,-0.039843,0.20181,-0.77022,0.48076,12.3
0.51208,0.85389,0.083494,-0.040932,0.20221,-0.77133,0.48105,12.4
0.51471,0.85195,0.086918,-0.041222,0.20483,-0.77239,0.48054,12.5
0.51693,0.85033,0.089217,-0.042034,0.20892,-0.77337,0.47979,12.6
0.51803,0.84971,0.090186,-0.038813,0.20773,-0.77515,0.47913,12.7
0.51675,0.85045,0.090857,-0.038157,0.20712,-0.77572,0.47996,12.8
0.51541,0.85118,0.091543,-0.038419,0.20691,-0.77702,0.47921,12.9
0.51312,0.85229,0.094931,-0.036111,0.20735,-0.77759,0.47914,13
0.51142,0.85311,0.097019,-0.035209,0.20751,-0.77851,0.47907,13.1
0.51026,0.8536,0.098638,-0.035687,0.20763,-0.7795,0.47866,13.2
0.50884,0.85428,0.099585,-0.036911,0.20778,-0.78126,0.47797,13.3
0.50684,0.85512,0.1025,-0.037238,0.20825,-0.78184,0.47911,13.4
0.50544,0.85555,0.10566,-0.037468,0.21119,-0.78257,0.47907,13.5
0.50413,0.85646,0.10491,-0.03627,0.20932,-0.78352,0.48038,13.6
0.50421,0.85634,0.10562,-0.035966,0.209,-0.78581,0.47889,13.7
0.5025,0.85714,0.10658,-0.038131,0.21193,-0.78551,0.481,13.8
0.50216,0.85724,0.10692,-0.039236,0.2134,-0.78642,0.48164,13.9
0.50114,0.85787,0.10631,-0.040225,0.21491,-0.78755,0.48238,14
0.50113,0.85795,0.10516,-0.041688,0.21462,-0.78933,0.48214,14.1
0.50017,0.85841,0.10508,-0.043866,0.21587,-0.79133,0.48082,14.2
0.49872,0.85868,0.1095,-0.044188,0.21826,-0.79204,0.48035,14.3
0.49717,0.85951,0.11004,-0.04431,0.21976,-0.79309,0.48001,14.4
0.49553,0.86043,0.1102,-0.044352,0.22056,-0.79328,0.48159,14.5
0.49586,0.86017,0.11067,-0.044576,0.22174,-0.79539,0.47859,14.6
0.49456,0.86079,0.11162,-0.044663,0.22559,-0.79474,0.48051,14.7
0.49504,0.86073,0.10989,-0.044659,0.22462,-0.79554,0.48162,14.8
0.49563,0.86036,0.10941,-0.046539,0.22792,-0.79643,0.48136,14.9
0.49559,0.86025,0.11123,-0.044478,0.22878,-0.79564,0.48569,15
0.49798,0.85888,0.11127,-0.044308,0.2295,-0.79575,0.4883,15.1
0.49969,0.85786,0.11143,-0.04437,0.22929,-0.79752,0.48853,15.2
0.49938,0.85777,0.11356,-0.044222,0.22993,-0.79595,0.49318,15.3
0.50294,0.85525,0.11658,-0.044907,0.23352,-0.79839,0.49228,15.4
0.50201,0.85551,0.11831,-0.045787,0.23351,-0.79606,0.50031,15.5
0.50388,0.85404,0.12023,-0.047552,0.23611,-0.79825,0.50187,15.6
0.50621,0.85245,0.12179,-0.04744,0.23818,-0.80112,0.5028,15.7
0.50591,0.85255,0.12177,-0.048802,0.24078,-0.80324,0.50456,15.8
0.50446,0.85296,0.12696,-0.043171,0.24056,-0.80704,0.50574,15.9
0.50086,0.85493,0.12956,-0.038097,0.24306,-0.80798,0.51075,16
0.49844,0.8564,0.13023,-0.034278,0.24522,-0.80858,0.51659,16.1
0.49952,0.85649,0.12499,-0.035797,0.24646,-0.81205,0.51795,16.2
0.49973,0.85638,0.12437,-0.037546,0.24776,-0.81634,0.51727,16.3
0.49761,0.85738,0.12623,-0.036648,0.2494,-0.81927,0.51848,16.4
0.4955,0.85862,0.12696,-0.033603,0.25098,-0.82373,0.51718,16.5
0.49185,0.86053,0.12855,-0.032346,0.25452,-0.82411,0.52248,16.6
0.49174,0.86049,0.12888,-0.033749,0.25613,-0.82552,0.52613,16.7
0.49252,0.86014,0.12796,-0.034757,0.25567,-0.82865,0.52794,16.8
0.49305,0.8601,0.12577,-0.036302,0.25321,-0.8316,0.53036,16.9
0.49284,0.85999,0.12637,-0.039474,0.25683,-0.83302,0.5337,17
0.49217,0.8599,0.12824,-0.04366,0.26278,-0.83357,0.5375,17.1
0.49393,0.85881,0.12865,-0.043943,0.26117,-0.8386,0.53678,17.2
0.49473,0.85815,0.12914,-0.046404,0.26472,-0.84252,0.53638,17.3
0.49297,0.85936,0.12682,-0.048996,0.26539,-0.84444,0.54077,17.4
0.49399,0.8589,0.12473,-0.052027,0.26652,-0.84907,0.53984,17.5
0.49153,0.85998,0.12561,-0.055247,0.27157,-0.84838,0.54559,17.6
0.49164,0.85967,0.12749,-0.054793,0.27437,-0.8507,0.54793,17.7
0.49326,0.85878,0.12754,-0.054063,0.27393,-0.85536,0.54694,17.8
0.4911,0.85938,0.12963,-0.059001,0.28373,-0.85501,0.5509,17.9
0.48911,0.86011,0.13317,-0.05701,0.28359,-0.85517,0.55808,18
0.49098,0.85875,0.13343,-0.060668,0.29208,-0.85548,0.56037,18.1
0.49462,0.85674,0.13363,-0.058996,0.29185,-0.85886,0.56141,18.2
0.49713,0.85525,0.13318,-0.060601,0.29867,-0.85925,0.56448,18.3
0.49918,0.85413,0.13284,-0.060343,0.30259,-0.85874,0.56913,18.4
0.50201,0.85277,0.13101,-0.060016,0.30519,-0.86073,0.56948,18.5
0.50821,0.84889,0.13471,-0.054412,0.30413,-0.86789,0.56237,18.6
0.50605,0.85029,0.13305,-0.056731,0.30858,-0.86407,0.57052,18.7
0.51003,0.84771,0.13376,-0.057974,0.31336,-0.86752,0.5663,18.8
0.50844,0.84859,0.13415,-0.058219,0.31615,-0.86545,0.57107,18.9
0.51081,0.84729,0.13347,-0.057998,0.31662,-0.8683,0.56842,19
0.51025,0.84763,0.13382,-0.057056,0.31695,-0.86924,0.56924,19.1
0.50684,0.84907,0.13797,-0.056256,0.32275,-0.8673,0.57069,19.2
0.50273,0.85131,0.13864,-0.057501,0.3269,-0.86387,0.57443,19.3
0.50245,0.85141,0.13864,-0.058586,0.32977,-0.86379,0.5746,19.4
0.50174,0.85108,0.14315,-0.058543,0.33512,-0.86295,0.57411,19.5
0.49936,0.85225,0.14397,-0.059819,0.33891,-0.8595,0.57765,19.6
0.49951,0.85215,0.14397,-0.060011,0.33975,-0.85874,0.57942,19.7
0.50071,0.85113,0.1449,-0.062261,0.34561,-0.85838,0.57753,19.8
0.50103,0.8508,0.14557,-0.062636,0.3472,-0.85889,0.57746,19.9
0.50031,0.85044,0.15,-0.062737,0.35177,-0.85747,0.57868,20
0.49877,0.85124,0.14971,-0.064893,0.35697,-0.85608,0.57905,20.1
0.49595,0.85273,0.14986,-0.06656,0.36097,-0.85257,0.58389,20.2
0.49689,0.85158,0.15352,-0.065856,0.36373,-0.8531,0.5835,20.3
0.49713,0.85118,0.15406,-0.067941,0.36936,-0.85256,0.58312,20.4
0.49653,0.8514,0.15406,-0.06954,0.37188,-0.85161,0.58466,20.5
0.4977,0.85105,0.15285,-0.068235,0.36832,-0.85464,0.58392,20.6
0.49478,0.85235,0.15461,-0.069248,0.37017,-0.85267,0.58761,20.7
0.49609,0.85088,0.15655,-0.07336,0.37902,-0.85455,0.58109,20.8
0.49333,0.85228,0.15733,-0.074037,0.37997,-0.85433,0.5828,20.9
0.49151,0.85272,0.16009,-0.075234,0.38399,-0.85357,0.58242,21
0.48909,0.85349,0.1629,-0.076196,0.38486,-0.8524,0.58521,21.1
0.49142,0.85246,0.16293,-0.072653,0.37685,-0.85909,0.5808,21.2
0.48724,0.8536,0.16699,-0.078,0.38636,-0.85355,0.58551,21.3
0.48548,0.85406,0.16866,-0.080289,0.38922,-0.85306,0.58688,21.4
0.48756,0.8529,0.16959,-0.078007,0.38554,-0.8576,0.58291,21.5
0.48498,0.85457,0.16758,-0.080068,0.38561,-0.85689,0.5861,21.6
0.48726,0.85268,0.17105,-0.079067,0.38787,-0.86147,0.5798,21.7
0.48167,0.85481,0.17416,-0.083451,0.39636,-0.85407,0.58885,21.8
0.48233,0.85388,0.17583,-0.085657,0.40055,-0.8548,0.58804,21.9
0.48116,0.85423,0.17879,-0.082533,0.39762,-0.85387,0.59431,22
0.48592,0.85218,0.17614,-0.081523,0.3955,-0.8615,0.58663,22.1
0.4827,0.8531,0.18048,-0.08147,0.3989,-0.85621,0.59641,22.2
0.48391,0.85207,0.18023,-0.085612,0.40432,-0.85639,0.59541,22.3
0.48588,0.85151,0.17488,-0.090966,0.40672,-0.8599,0.59136,22.4
0.48278,0.85202,0.17976,-0.093106,0.4143,-0.85481,0.59798,22.5
0.48627,0.84933,0.18223,-0.094694,0.41889,-0.85852,0.59249,22.6
0.48633,0.84928,0.18216,-0.094996,0.41796,-0.85956,0.59423,22.7
0.48979,0.84803,0.17988,-0.092701,0.411,-0.86676,0.58989,22.8
0.4862,0.84834,0.18474,-0.098997,0.42614,-0.85811,0.59756,22.9
0.48777,0.84712,0.18675,-0.097934,0.42731,-0.8608,0.59662,23
0.4878,0.84727,0.18592,-0.098089,0.42678,-0.862,0.59834,23.1
0.49068,0.8462,0.18416,-0.096218,0.42177,-0.86735,0.59648,23.2
0.48843,0.84546,0.19432,-0.094173,0.42863,-0.86135,0.6045,23.3
0.49055,0.84467,0.19156,-0.095898,0.43042,-0.86419,0.60177,23.4
0.4926,0.84322,0.19422,-0.092761,0.42845,-0.86733,0.60038,23.5
0.49468,0.84151,0.19423,-0.097105,0.43415,-0.8691,0.59833,23.6
0.49752,0.83926,0.19601,-0.098498,0.43953,-0.87146,0.59323,23.7
0.49527,0.84151,0.19137,-0.099699,0.43697,-0.87015,0.59854,23.8
0.49529,0.84045,0.19696,-0.09765,0.4403,-0.86961,0.59983,23.9
0.49616,0.83974,0.19706,-0.099144,0.44285,-0.87085,0.59808,24
0.49191,0.84164,0.19921,-0.099882,0.44388,-0.86472,0.60851,24.1
0.49419,0.84059,0.19891,-0.098112,0.44018,-0.86916,0.60632,24.2
0.49615,0.83837,0.20283,-0.099132,0.44551,-0.87,0.60306,24.3
0.49721,0.83903,0.19785,-0.098317,0.44061,-0.87359,0.60232,24.4
0.49826,0.83839,0.19786,-0.098407,0.44122,-0.87474,0.60095,24.5
0.49668,0.83788,0.2019,-0.10249,0.45041,-0.86879,0.60549,24.6
0.496,0.83768,0.2048,-0.1017,0.45041,-0.86802,0.60865,24.7
0.49407,0.83987,0.19873,-0.10495,0.44867,-0.86682,0.61157,24.8
0.49851,0.83644,0.20458,-0.10002,0.44609,-0.87282,0.60504,24.9
0.49724,0.8361,0.20994,-0.098018,0.44919,-0.86989,0.60843,25
0.50083,0.83403,0.21002,-0.097219,0.45059,-0.87482,0.60064,25.1
0.49803,0.83641,0.20483,-0.10211,0.45543,-0.87114,0.60346,25.2
0.49847,0.83725,0.20154,-0.099621,0.4478,-0.87528,0.60332,25.3
0.49873,0.83642,0.20099,-0.10619,0.4583,-0.87347,0.59991,25.4
0.49805,0.83593,0.20554,-0.10446,0.46051,-0.87259,0.60258,25.5
0.49901,0.83451,0.20892,-0.10461,0.46562,-0.87194,0.60082,25.6
0.49565,0.83742,0.20726,-0.10051,0.45685,-0.87107,0.6088,25.7
0.49505,0.83618,0.21141,-0.10504,0.47129,-0.86691,0.60774,25.8
0.49359,0.83757,0.20823,-0.10716,0.47227,-0.86597,0.61003,25.9
0.49088,0.83751,0.21497,-0.10679,0.47886,-0.86047,0.61537,26
0.49769,0.83392,0.21591,-0.10131,0.47317,-0.87219,0.60414,26.1
0.48962,0.83925,0.21269,-0.10342,0.47187,-0.86318,0.62034,26.2
0.4949,0.83542,0.21404,-0.10646,0.48311,-0.8669,0.60915,26.3
0.49687,0.83512,0.21333,-0.10088,0.47682,-0.87094,0.60964,26.4
0.50116,0.8332,0.21142,-0.099581,0.4783,-0.87585,0.60296,26.5
0.50198,0.8332,0.20954,-0.099383,0.47895,-0.87792,0.60176,26.6
0.49776,0.83579,0.2081,-0.10192,0.48179,-0.8728,0.60955,26.7
0.49742,0.8355,0.20918,-0.10376,0.48603,-0.87239,0.60862,26.8
0.50035,0.83444,0.20842,-0.099538,0.47942,-0.88004,0.6025,26.9
0.49418,0.83846,0.20755,-0.098449,0.47607,-0.87386,0.61475,27
0.49238,0.83983,0.20446,-0.10218,0.47988,-0.87071,0.61682,27.1
0.4954,0.8381,0.20466,-0.1014,0.48058,-0.87456,0.61049,27.2
0.49034,0.84032,0.20824,-0.10036,0.48147,-0.86693,0.61987,27.3
0.4943,0.83793,0.20757,-0.10221,0.48561,-0.87113,0.61024,27.4
0.49588,0.83783,0.20566,-0.09923,0.47779,-0.87576,0.60712,27.5
0.49047,0.83947,0.20813,-0.10681,0.49127,-0.864,0.61408,27.6
0.49328,0.83852,0.20629,-0.10488,0.48406,-0.87006,0.60795,27.7
0.49409,0.8375,0.20768,-0.10652,0.48677,-0.86977,0.60376,27.8
0.49741,0.83492,0.20841,-0.10982,0.49317,-0.87076,0.59458,27.9
0.49453,0.83684,0.2096,-0.10591,0.48599,-0.86768,0.6032,28
0.49708,0.8346,0.21116,-0.10846,0.49271,-0.8661,0.59775,28.1
0.49731,0.83339,0.21324,-0.11258,0.50167,-0.86121,0.59562,28.2
0.49669,0.83393,0.21379,-0.11023,0.49608,-0.86107,0.59777,28.3
0.49903,0.83335,0.20928,-0.1127,0.49427,-0.86313,0.59274,28.4
0.498,0.83249,0.21475,-0.11334,0.49963,-0.85578,0.59607,28.5
0.50023,0.83204,0.21331,-0.10939,0.49116,-0.85966,0.59307,28.6
0.49981,0.83067,0.21791,-0.11266,0.501,-0.85435,0.59081,28.7
0.49694,0.83286,0.21496,-0.11481,0.49841,-0.85069,0.59455,28.8
0.5005,0.83148,0.21279,-0.11343,0.49193,-0.85601,0.58753,28.9
0.50062,0.83181,0.20954,-0.11649,0.49335,-0.8539,0.58619,29
0.50453,0.82927,0.21197,-0.11325,0.49013,-0.8569,0.58077,29.1
0.5028,0.83034,0.20932,-0.11793,0.49504,-0.85221,0.58121,29.2
0.49986,0.8321,0.21005,-0.11673,0.49148,-0.84952,0.58533,29.3
0.50012,0.83091,0.21075,-0.12269,0.50138,-0.84581,0.58021,29.4
0.5015,0.83211,0.20526,-0.11814,0.48556,-0.85215,0.57831,29.5
0.49872,0.83272,0.2092,-0.1187,0.48872,-0.84666,0.58143,29.6
0.49797,0.83342,0.21116,-0.11338,0.47907,-0.84795,0.58369,29.7
0.49884,0.83073,0.21642,-0.11921,0.49127,-0.84327,0.57806,29.8
0.4979,0.82938,0.22464,-0.11728,0.49248,-0.84038,0.57928,29.9
0.49206,0.83302,0.22042,-0.124,0.49435,-0.8328,0.58606,30
0.49702,0.82935,0.22679,-0.11708,0.48814,-0.83907,0.57918,30.1
0.49386,0.83067,0.2265,-0.12161,0.49312,-0.83162,0.58356,30.2
0.49508,0.82928,0.2282,-0.12294,0.49577,-0.82946,0.58111,30.3
0.49728,0.83001,0.2233,-0.11806,0.48263,-0.83459,0.58085,30.4
0.50035,0.82791,0.22547,-0.11567,0.48232,-0.8354,0.57615,30.5
0.49652,0.82915,0.22713,-0.11991,0.49036,-0.82551,0.58226,30.6
0.50119,0.8278,0.22349,-0.11666,0.48247,-0.83144,0.57615,30.7
0.50069,0.82588,0.23023,-0.11927,0.49476,-0.82344,0.5765,30.8
0.50041,0.82688,0.22973,-0.11439,0.48817,-0.82313,0.57841,30.9
0.50162,0.82564,0.22991,-0.11766,0.49687,-0.81998,0.57449,31
0.5002,0.8269,0.22958,-0.11547,0.4923,-0.81774,0.57728,31.1
0.50443,0.82619,0.22526,-0.1105,0.48012,-0.82689,0.56872,31.2
0.49822,0.82728,0.23085,-0.11873,0.49745,-0.81204,0.57364,31.3
0.5033,0.827,0.22295,-0.11423,0.48439,-0.82301,0.56159,31.4
0.4978,0.82779,0.23031,-0.11791,0.4969,-0.81099,0.56609,31.5
0.49537,0.828,0.23601,-0.11544,0.49812,-0.80707,0.56667,31.6
0.49281,0.82991,0.23543,-0.11389,0.49227,-0.80493,0.56887,31.7
0.49349,0.83093,0.2313,-0.11189,0.4841,-0.80746,0.56518,31.8
0.49135,0.8319,0.23177,-0.11313,0.4845,-0.80204,0.56656,31.9
0.48766,0.83181,0.23759,-0.11757,0.49388,-0.78928,0.57124,32
0.49041,0.82947,0.24024,-0.11729,0.49456,-0.78843,0.56728,32.1
0.49097,0.82897,0.23886,-0.12129,0.49582,-0.78513,0.56504,32.2
0.48922,0.8298,0.23838,-0.12357,0.49317,-0.78095,0.56575,32.3
0.49215,0.82689,0.24324,-0.12198,0.49306,-0.77893,0.56361,32.4
0.49565,0.82783,0.23427,-0.11895,0.47968,-0.78514,0.55895,32.5
0.49476,0.82603,0.24129,-0.12107,0.48837,-0.77654,0.56066,32.6
0.49348,0.82568,0.24577,-0.11968,0.48807,-0.76995,0.56537,32.7
0.49406,0.82629,0.24263,-0.11948,0.48386,-0.76891,0.56528,32.8
0.49476,0.82466,0.2461,-0.12076,0.48767,-0.76551,0.56389,32.9
0.49492,0.82426,0.24679,-0.12141,0.48627,-0.76451,0.56315,33
0.49543,0.82334,0.24789,-0.12339,0.48732,-0.76258,0.56115,33.1
0.49729,0.82278,0.24504,-0.12522,0.48605,-0.76372,0.55627,33.2
0.4922,0.82482,0.24853,-0.12504,0.48529,-0.75565,0.56476,33.3
0.49419,0.82375,0.24843,-0.12447,0.48456,-0.75676,0.55973,33.4
0.4933,0.82584,0.24404,-0.12282,0.47774,-0.75727,0.56031,33.5
0.49097,0.82438,0.25367,-0.12248,0.48507,-0.74863,0.56466,33.6
0.49246,0.82361,0.25346,-0.12207,0.48279,-0.74901,0.56217,33.7
0.4944,0.82172,0.25555,-0.12268,0.48476,-0.74887,0.55835,33.8
0.49432,0.82167,0.25483,-0.12482,0.48513,-0.74735,0.55889,33.9
0.49455,0.82081,0.25553,-0.12802,0.48713,-0.74553,0.55735,34
0.49342,0.82018,0.25791,-0.13166,0.49044,-0.7415,0.55886,34.1
0.49393,0.82046,0.25573,-0.13225,0.48939,-0.74183,0.55747,34.2
0.49438,0.82056,0.25402,-0.13317,0.49052,-0.7433,0.55301,34.3
0.49621,0.82182,0.24769,-0.13052,0.48157,-0.7501,0.54874,34.4
0.49039,0.82206,0.25571,-0.13546,0.49477,-0.73848,0.55484,34.5
0.48826,0.82406,0.25377,-0.13464,0.49197,-0.73794,0.55518,34.6
0.48708,0.82395,0.25655,-0.13432,0.49801,-0.73433,0.55618,34.7
0.48805,0.82379,0.25501,-0.13472,0.49914,-0.73513,0.55473,34.8
0.48918,0.8232,0.25486,-0.13452,0.49774,-0.73776,0.55237,34.9
0.48694,0.82381,0.25651,-0.13576,0.49938,-0.73466,0.5555,35
0.48538,0.82499,0.25647,-0.13422,0.4967,-0.7336,0.55917,35.1
0.48675,0.82371,0.25518,-0.13951,0.5048,-0.73145,0.55537,35.2
0.48752,0.82311,0.25608,-0.1387,0.50559,-0.72905,0.55785,35.3
0.48962,0.8223,0.25483,-0.13842,0.50577,-0.72816,0.55763,35.4
0.49268,0.82112,0.25341,-0.13715,0.50383,-0.72903,0.55765,35.5
0.4948,0.81969,0.25166,-0.14127,0.50848,-0.72726,0.55525,35.6
0.49635,0.81861,0.25246,-0.14067,0.50821,-0.72732,0.5542,35.7
0.49848,0.81805,0.25071,-0.13952,0.50476,-0.73035,0.55142,35.8
0.49786,0.81774,0.2533,-0.13885,0.50544,-0.72808,0.55284,35.9
0.49916,0.81641,0.25445,-0.13991,0.50868,-0.7293,0.54704,36
0.49668,0.81681,0.25743,-0.14092,0.5109,-0.72572,0.54811,36.1
0.49726,0.81354,0.26602,-0.14185,0.51951,-0.72265,0.54367,36.2
0.49544,0.81424,0.26753,-0.14136,0.51905,-0.72239,0.54157,36.3
0.49157,0.81482,0.27161,-0.14369,0.52457,-0.71763,0.54194,36.4
0.49289,0.81372,0.27198,-0.14474,0.52664,-0.7202,0.53479,36.5
0.48895,0.81514,0.2739,-0.14646,0.5298,-0.71559,0.53702,36.6
0.48864,0.8138,0.27803,-0.14717,0.53518,-0.71291,0.53417,36.7
0.48712,0.81404,0.28033,-0.14652,0.53501,-0.71026,0.53651,36.8
0.48969,0.8118,0.28076,-0.14949,0.53849,-0.71091,0.53114,36.9
0.48858,0.81089,0.28353,-0.15286,0.54281,-0.70561,0.53301,37
0.4894,0.80907,0.28804,-0.1514,0.54089,-0.70311,0.53717,37.1
0.49329,0.8065,0.28663,-0.15513,0.54396,-0.70251,0.53446,37.2
0.49669,0.80338,0.288,-0.15792,0.54762,-0.70156,0.53105,37.3
0.49645,0.80267,0.28856,-0.16125,0.55009,-0.69766,0.53255,37.4
0.49937,0.80169,0.28591,-0.1618,0.54746,-0.70103,0.52889,37.5
0.50026,0.80114,0.28473,-0.16386,0.54828,-0.70107,0.52684,37.6
0.49781,0.80051,0.29044,-0.16436,0.55176,-0.69478,0.53101,37.7
0.50187,0.7973,0.29242,-0.16409,0.55452,-0.69783,0.52279,37.8
0.49975,0.79685,0.29709,-0.16435,0.55889,-0.69299,0.5237,37.9
0.49784,0.79658,0.30013,-0.16593,0.56468,-0.68859,0.52186,38
0.49819,0.79573,0.30162,-0.1663,0.56599,-0.68871,0.5183,38.1
0.49789,0.79697,0.29949,-0.16509,0.56192,-0.69038,0.51915,38.2
0.49503,0.7963,0.30473,-0.16727,0.56896,-0.6827,0.52089,38.3
0.49414,0.79612,0.30647,-0.1676,0.57074,-0.68021,0.5209,38.4
0.49357,0.79536,0.30967,-0.16703,0.5717,-0.67816,0.52104,38.5
0.49845,0.79334,0.30767,-0.16581,0.56928,-0.68503,0.51212,38.6
0.49892,0.79484,0.30276,-0.16629,0.56564,-0.68762,0.50981,38.7
0.49579,0.7922,0.31383,-0.1677,0.57591,-0.6761,0.51433,38.8
0.49664,0.79386,0.30919,-0.16596,0.56932,-0.6796,0.51492,38.9
0.49587,0.791,0.31736,-0.16647,0.57635,-0.6727,0.51563,39
0.5021,0.79114,0.30759,-0.16549,0.56834,-0.68512,0.50385,39.1
0.49648,0.78982,0.31807,-0.16887,0.58062,-0.67062,0.51066,39.2
0.49288,0.79205,0.31932,-0.16663,0.57626,-0.66789,0.51659,39.3
0.49682,0.78889,0.31858,-0.17126,0.58383,-0.66842,0.50704,39.4
0.49423,0.79085,0.31814,-0.17052,0.58104,-0.66697,0.51029,39.5
0.49589,0.78936,0.31957,-0.16997,0.58131,-0.66833,0.50618,39.6
0.49611,0.78944,0.31814,-0.17158,0.58125,-0.66863,0.50429,39.7
0.49544,0.78771,0.32478,-0.16902,0.5828,-0.66581,0.50544,39.8
0.49631,0.78678,0.32567,-0.16908,0.584,-0.66584,0.50247,39.9
0.49319,0.78834,0.32638,-0.16959,0.5834,-0.66186,0.50742,40
0.494,0.78746,0.32672,-0.17067,0.58551,-0.66133,0.50385,40.1
0.49435,0.78675,0.32693,-0.17251,0.58723,-0.66085,0.50144,40.2
0.49362,0.78692,0.32566,-0.17617,0.58949,-0.65852,0.50041,40.3
0.49346,0.78629,0.32594,-0.17893,0.59194,-0.65698,0.49836,40.4
0.49308,0.78655,0.32611,-0.17852,0.5906,-0.65705,0.49848,40.5
0.49225,0.78558,0.33069,-0.17664,0.59105,-0.65464,0.50018,40.6
0.49241,0.78608,0.3287,-0.17769,0.59052,-0.65492,0.49848,40.7
0.49333,0.78454,0.33057,-0.17842,0.59319,-0.65352,0.49626,40.8
0.49271,0.78449,0.33139,-0.17886,0.59371,-0.65215,0.49594,40.9
0.49083,0.78494,0.3315,-0.18182,0.59662,-0.64808,0.49666,41
0.49248,0.78372,0.33233,-0.18111,0.59681,-0.64961,0.49273,41.1
0.49288,0.78303,0.33454,-0.17894,0.59494,-0.65019,0.49226,41.2
0.49826,0.78394,0.32558,-0.17658,0.58508,-0.66265,0.48356,41.3
0.49549,0.783,0.32979,-0.18067,0.59293,-0.65459,0.48507,41.4
0.49196,0.78354,0.33301,-0.18205,0.59595,-0.64838,0.48913,41.5
0.49452,0.7832,0.33333,-0.17589,0.58717,-0.65568,0.48696,41.6
0.48947,0.78232,0.33844,-0.184,0.601,-0.64135,0.4905,41.7
0.48897,0.78129,0.34126,-0.18447,0.60311,-0.63877,0.49026,41.8
0.49034,0.78214,0.33752,-0.18415,0.60001,-0.64225,0.48753,41.9
0.49168,0.78142,0.3371,-0.18441,0.59925,-0.64344,0.48544,42
0.49047,0.78187,0.33605,-0.18759,0.6022,-0.6403,0.4853,42.1
0.49407,0.78259,0.33135,-0.18347,0.59348,-0.64958,0.48119,42.2
0.49169,0.78026,0.33741,-0.18864,0.60544,-0.63905,0.48056,42.3
0.48999,0.78067,0.33995,-0.18682,0.60463,-0.63715,0.48389,42.4
0.49042,0.77949,0.34169,-0.18742,0.60706,-0.63568,0.48227,42.5
0.4904,0.7784,0.34334,-0.189,0.60979,-0.63355,0.48083,42.6
0.48851,0.77991,0.3424,-0.18937,0.60793,-0.63259,0.48374,42.7
0.48991,0.77964,0.34101,-0.18935,0.60646,-0.63445,0.48144,42.8
0.49066,0.77907,0.34084,-0.1901,0.60746,-0.63425,0.47993,42.9
0.49024,0.77825,0.34185,-0.1927,0.61172,-0.63093,0.47917,43
0.4883,0.77911,0.34317,-0.19179,0.61035,-0.62805,0.484,43.1
0.49103,0.78067,0.3385,-0.18671,0.60023,-0.63694,0.4833,43.2
0.49226,0.77618,0.34359,-0.1928,0.61305,-0.62959,0.4779,43.3
0.49236,0.77436,0.34729,-0.19324,0.61701,-0.62568,0.47823,43.4
0.49206,0.77369,0.34881,-0.19392,0.61894,-0.6231,0.47871,43.5
0.49235,0.77417,0.34769,-0.19329,0.61885,-0.62275,0.4787,43.6
0.4931,0.77357,0.34798,-0.19327,0.62042,-0.62135,0.47815,43.7
0.49425,0.77103,0.35207,-0.1931,0.62475,-0.61733,0.47774,43.8
0.49273,0.77433,0.34693,-0.19306,0.62121,-0.6177,0.4816,43.9
0.49656,0.77164,0.3469,-0.19405,0.6243,-0.61989,0.47466,44
0.49507,0.77066,0.35018,-0.19585,0.62939,-0.61464,0.47475,44.1
0.49518,0.77083,0.34966,-0.19584,0.62921,-0.61472,0.47414,44.2
0.49396,0.771,0.35008,-0.19751,0.63104,-0.6118,0.47442,44.3
0.49543,0.77129,0.34939,-0.19386,0.62636,-0.61649,0.47299,44.4
0.49487,0.77191,0.34693,-0.19721,0.62868,-0.61536,0.47024,44.5
0.49282,0.77209,0.34973,-0.19671,0.62864,-0.61255,0.47285,44.6
0.49398,0.77069,0.35168,-0.19583,0.62964,-0.61317,0.46964,44.7
0.49364,0.77037,0.35287,-0.1958,0.63026,-0.6118,0.46984,44.8
0.49362,0.77035,0.35245,-0.19664,0.63006,-0.61288,0.46802,44.9
0.49107,0.77198,0.35186,-0.19773,0.62782,-0.61243,0.47099,45
0.49016,0.77142,0.35344,-0.19935,0.62772,-0.61165,0.47163,45.1
0.48902,0.77164,0.35239,-0.2031,0.6287,-0.61044,0.47111,45.2
0.48834,0.77084,0.35554,-0.20228,0.6294,-0.60835,0.47168,45.3
0.48979,0.77021,0.35445,-0.2031,0.63064,-0.60798,0.46956,45.4
0.49033,0.76918,0.35709,-0.20105,0.62994,-0.60559,0.4718,45.5
0.49177,0.76904,0.35491,-0.20195,0.62922,-0.60595,0.47079,45.6
0.49255,0.76664,0.35893,-0.20203,0.63273,-0.60108,0.471,45.7
0.49208,0.76726,0.35917,-0.2004,0.63132,-0.59901,0.47347,45.8
0.49178,0.76754,0.36023,-0.19816,0.63026,-0.59652,0.47557,45.9
0.49403,0.76618,0.35938,-0.19938,0.63268,-0.59615,0.47059,46
0.49433,0.76602,0.35948,-0.19906,0.63206,-0.59555,0.46926,46.1
0.49409,0.76571,0.36084,-0.19838,0.63161,-0.59437,0.46727,46.2
0.49193,0.76444,0.36981,-0.19203,0.62948,-0.59101,0.47046,46.3
0.4947,0.76549,0.36125,-0.19697,0.63063,-0.594,0.46044,46.4
0.49309,0.76458,0.36658,-0.19468,0.63109,-0.58989,0.46154,46.5
0.49147,0.76591,0.36559,-0.19538,0.63049,-0.58757,0.46067,46.6
0.49084,0.7655,0.36826,-0.19358,0.62958,-0.58598,0.46123,46.7
0.49152,0.76307,0.37249,-0.19332,0.63004,-0.5849,0.45793,46.8
0.49076,0.76313,0.37409,-0.19197,0.62557,-0.58571,0.45879,46.9
0.49028,0.76183,0.37636,-0.19391,0.62805,-0.58155,0.45826,47
0.49019,0.76063,0.37746,-0.19668,0.63003,-0.57834,0.45689,47.1
0.4888,0.75989,0.38104,-0.1961,0.62943,-0.57525,0.45838,47.2
