0.83689,-0.019932,0.029707,0.54619,0.047606,-0.061198,0.018904
0.83689,-0.019932,0.029707,0.54619,0.047606,-0.061198,0.018904
0.83689,-0.019932,0.029707,0.54619,0.047606,-0.061198,0.018904
0.83689,-0.019932,0.029707,0.54619,0.047606,-0.061198,0.018904
0.83689,-0.019932,0.029707,0.54619,0.047606,-0.061198,0.018904
0.83689,-0.019932,0.029707,0.54619,0.047606,-0.061198,0.018904
0.83689,-0.019932,0.029707,0.54619,0.047606,-0.061198,0.018904
0.83689,-0.019932,0.029707,0.54619,0.047603,-0.061196,0.018905
0.83689,-0.019932,0.029707,0.54619,0.047603,-0.061196,0.018905
0.83689,-0.019932,0.029707,0.54619,0.047603,-0.061196,0.018905
0.83689,-0.019932,0.029707,0.54619,0.047603,-0.061196,0.018905
0.83689,-0.019932,0.029707,0.54619,0.047603,-0.061196,0.018905
0.83689,-0.019932,0.029707,0.54619,0.0476,-0.061194,0.018905
0.83689,-0.019932,0.029707,0.54619,0.0476,-0.061194,0.018905
0.83689,-0.019932,0.029707,0.54619,0.0476,-0.061194,0.018905
0.83689,-0.019932,0.029707,0.54619,0.0476,-0.061194,0.018905
0.83689,-0.019932,0.029707,0.54619,0.0476,-0.061194,0.018905
0.83689,-0.019932,0.029707,0.54619,0.047597,-0.061192,0.018905
0.83689,-0.019932,0.029707,0.54619,0.047597,-0.061192,0.018905
0.83689,-0.019932,0.029707,0.54619,0.047597,-0.061192,0.018905
0.83689,-0.019932,0.029707,0.54619,0.047597,-0.061192,0.018905
0.83689,-0.019932,0.029707,0.54619,0.047597,-0.061192,0.018905
0.83689,-0.019932,0.029707,0.54619,0.047595,-0.06119,0.018905
0.83689,-0.019932,0.029707,0.54619,0.047595,-0.06119,0.018905
0.83689,-0.019932,0.029707,0.54619,0.047595,-0.06119,0.018905
0.83689,-0.019932,0.029707,0.54619,0.047595,-0.06119,0.018905
0.83689,-0.019932,0.029707,0.54619,0.047595,-0.06119,0.018905
0.83689,-0.019932,0.029707,0.54619,0.047592,-0.061189,0.018905
0.83689,-0.019932,0.029707,0.54619,0.047592,-0.061188,0.018905
0.83689,-0.019932,0.029707,0.54619,0.047592,-0.061188,0.018905
0.83689,-0.019932,0.029707,0.54619,0.047592,-0.061188,0.018905
0.83689,-0.019932,0.029707,0.54619,0.047592,-0.061188,0.018905
0.83689,-0.019932,0.029707,0.54619,0.047589,-0.061187,0.018905
0.83689,-0.019932,0.029707,0.54619,0.047589,-0.061187,0.018905
0.83689,-0.019932,0.029707,0.54619,0.047589,-0.061186,0.018905
0.83689,-0.019932,0.029707,0.54619,0.047589,-0.061186,0.018905
0.83689,-0.019932,0.029707,0.54619,0.047589,-0.061186,0.018905
0.83689,-0.019932,0.029707,0.54619,0.047586,-0.061185,0.018905
0.83689,-0.019932,0.029707,0.54619,0.047586,-0.061185,0.018905
0.83689,-0.019932,0.029707,0.54619,0.047586,-0.061185,0.018905
0.83689,-0.019932,0.029707,0.54619,0.047586,-0.061185,0.018905
0.83689,-0.019932,0.029707,0.54619,0.047586,-0.061185,0.018905
0.83689,-0.019932,0.029707,0.54619,0.047584,-0.061183,0.018905
0.83689,-0.019932,0.029707,0.54619,0.047584,-0.061183,0.018905
0.83689,-0.019932,0.029707,0.54619,0.047584,-0.061183,0.018905
0.83689,-0.019932,0.029707,0.54619,0.047584,-0.061183,0.018905
0.83689,-0.019932,0.029707,0.54619,0.047584,-0.061183,0.018905
0.83689,-0.019932,0.029707,0.54619,0.047581,-0.061181,0.018905
0.83689,-0.019932,0.029707,0.54619,0.047581,-0.061181,0.018905
0.83689,-0.019932,0.029707,0.54619,0.047581,-0.061181,0.018905
0.83689,-0.019932,0.029707,0.54619,0.047581,-0.061181,0.018905
0.83689,-0.019932,0.029707,0.54619,0.047581,-0.061181,0.018905
0.83689,-0.019932,0.029707,0.54619,0.047578,-0.061179,0.018906
0.83689,-0.019932,0.029707,0.54619,0.047578,-0.061179,0.018906
0.83689,-0.019932,0.029707,0.54619,0.047578,-0.061179,0.018906
0.83689,-0.019932,0.029707,0.54619,0.047578,-0.061179,0.018906
0.83689,-0.019932,0.029707,0.54619,0.047578,-0.061179,0.018906
0.83689,-0.019932,0.029707,0.54619,0.047575,-0.061177,0.018906
0.83689,-0.019932,0.029707,0.54619,0.047575,-0.061177,0.018906
0.83689,-0.019932,0.029707,0.54619,0.047575,-0.061177,0.018906
0.83689,-0.019932,0.029707,0.54619,0.047575,-0.061177,0.018906
0.83689,-0.019932,0.029707,0.54619,0.047575,-0.061177,0.018906
0.83689,-0.019932,0.029707,0.54619,0.047573,-0.061175,0.018906
0.83689,-0.019932,0.029707,0.54619,0.047573,-0.061175,0.018906
0.83689,-0.019932,0.029707,0.54619,0.047573,-0.061175,0.018906
0.83689,-0.019932,0.029707,0.54619,0.047573,-0.061175,0.018906
0.83689,-0.019932,0.029707,0.54619,0.047573,-0.061175,0.018906
0.83689,-0.019932,0.029707,0.54619,0.04757,-0.061173,0.018906
0.83689,-0.019932,0.029707,0.54619,0.04757,-0.061173,0.018906
0.83689,-0.019932,0.029707,0.54619,0.04757,-0.061173,0.018906
0.83689,-0.019932,0.029707,0.54619,0.04757,-0.061173,0.018906
0.83689,-0.019932,0.029707,0.54619,0.04757,-0.061173,0.018906
0.83689,-0.019932,0.029707,0.54619,0.047567,-0.061171,0.018906
0.83689,-0.019932,0.029707,0.54619,0.047567,-0.061171,0.018906
0.83689,-0.019932,0.029707,0.54619,0.047567,-0.061171,0.018906
0.83689,-0.019932,0.029707,0.54619,0.047567,-0.061171,0.018906
0.83689,-0.019932,0.029707,0.54619,0.047567,-0.061171,0.018906
0.83689,-0.019932,0.029707,0.54619,0.047565,-0.061169,0.018906
0.83689,-0.019932,0.029707,0.54619,0.047565,-0.061169,0.018906
0.83689,-0.019932,0.029707,0.54619,0.047565,-0.061169,0.018906
0.83689,-0.019932,0.029707,0.54619,0.047565,-0.061169,0.018906
0.83689,-0.019932,0.029707,0.54619,0.047565,-0.061169,0.018906
0.83689,-0.019932,0.029707,0.54619,0.047562,-0.061167,0.018906
0.83689,-0.019932,0.029707,0.54619,0.047562,-0.061167,0.018906
0.83689,-0.019932,0.029707,0.54619,0.047562,-0.061167,0.018906
0.83689,-0.019932,0.029707,0.54619,0.047562,-0.061167,0.018906
0.83689,-0.019932,0.029707,0.54619,0.047562,-0.061167,0.018906
0.83689,-0.019932,0.029707,0.54619,0.047559,-0.061165,0.018906
0.83689,-0.019932,0.029707,0.54619,0.047559,-0.061165,0.018906
0.83689,-0.019932,0.029707,0.54619,0.047559,-0.061165,0.018906
0.83689,-0.019932,0.029707,0.54619,0.047559,-0.061165,0.018906
0.83689,-0.019932,0.029707,0.54619,0.047559,-0.061165,0.018906
0.83689,-0.019932,0.029707,0.54619,0.047557,-0.061163,0.018906
0.83689,-0.019932,0.029707,0.54619,0.047557,-0.061163,0.018906
0.83689,-0.019932,0.029707,0.54619,0.047557,-0.061163,0.018906
0.83689,-0.019932,0.029707,0.54619,0.047557,-0.061163,0.018906
0.83689,-0.019932,0.029707,0.54619,0.047557,-0.061163,0.018906
0.83689,-0.019932,0.029707,0.54619,0.047554,-0.061161,0.018907
0.83689,-0.019932,0.029707,0.54619,0.047554,-0.061161,0.018907
0.83689,-0.019932,0.029707,0.54619,0.047554,-0.061161,0.018907
0.83689,-0.019932,0.029707,0.54619,0.047554,-0.061161,0.018907
0.83689,-0.019932,0.029707,0.54619,0.047554,-0.061161,0.018907
0.83689,-0.019932,0.029707,0.54619,0.047551,-0.061159,0.018907
0.83689,-0.019932,0.029707,0.54619,0.047551,-0.061159,0.018907
0.83689,-0.019932,0.029707,0.54619,0.047551,-0.061159,0.018907
0.83689,-0.019932,0.029707,0.54619,0.047551,-0.061159,0.018907
0.83689,-0.019932,0.029707,0.54619,0.047551,-0.061159,0.018907
0.83689,-0.019932,0.029707,0.54619,0.047549,-0.061157,0.018907
0.83689,-0.019932,0.029707,0.54619,0.047549,-0.061157,0.018907
0.83689,-0.019932,0.029707,0.54619,0.047549,-0.061157,0.018907
0.83689,-0.019932,0.029707,0.54619,0.047549,-0.061157,0.018907
0.83689,-0.019932,0.029707,0.54619,0.047549,-0.061157,0.018907
0.83689,-0.019932,0.029707,0.54619,0.047546,-0.061155,0.018907
0.83689,-0.019932,0.029707,0.54619,0.047546,-0.061155,0.018907
0.83689,-0.019932,0.029707,0.54619,0.047546,-0.061155,0.018907
0.83689,-0.019932,0.029707,0.54619,0.047546,-0.061155,0.018907
0.83689,-0.019932,0.029707,0.54619,0.047546,-0.061155,0.018907
0.83689,-0.019932,0.029707,0.54619,0.047543,-0.061153,0.018907
0.83689,-0.019932,0.029707,0.54619,0.047543,-0.061153,0.018907
0.83689,-0.019932,0.029707,0.54619,0.047543,-0.061153,0.018907
0.83689,-0.019932,0.029707,0.54619,0.047543,-0.061153,0.018907
0.83689,-0.019932,0.029707,0.54619,0.047543,-0.061153,0.018907
0.83689,-0.019932,0.029707,0.54619,0.047541,-0.061151,0.018907
0.83689,-0.019932,0.029707,0.54619,0.047541,-0.061151,0.018907
0.83689,-0.019932,0.029707,0.54619,0.047541,-0.061151,0.018907
0.83689,-0.019932,0.029707,0.54619,0.047541,-0.061151,0.018907
0.83689,-0.019932,0.029707,0.54619,0.047541,-0.061151,0.018907
0.83689,-0.019932,0.029707,0.54619,0.047538,-0.061149,0.018907
0.83689,-0.019932,0.029707,0.54619,0.047538,-0.061149,0.018907
0.83689,-0.019932,0.029707,0.54619,0.047538,-0.061149,0.018907
0.83689,-0.019932,0.029707,0.54619,0.047538,-0.061149,0.018907
0.83689,-0.019932,0.029707,0.54619,0.047538,-0.061149,0.018907
0.83689,-0.019932,0.029707,0.54619,0.047535,-0.061147,0.018907
0.83689,-0.019932,0.029707,0.54619,0.047535,-0.061147,0.018907
0.83689,-0.019932,0.029707,0.54619,0.047535,-0.061147,0.018907
0.83689,-0.019932,0.029707,0.54619,0.047535,-0.061147,0.018907
0.83689,-0.019932,0.029707,0.54619,0.047535,-0.061147,0.018907
0.83689,-0.019932,0.029707,0.54619,0.047533,-0.061145,0.018907
0.83689,-0.019932,0.029707,0.54619,0.047533,-0.061145,0.018907
0.83689,-0.019932,0.029707,0.54619,0.047533,-0.061145,0.018907
0.83689,-0.019932,0.029707,0.54619,0.047533,-0.061145,0.018907
0.83689,-0.019932,0.029707,0.54619,0.047533,-0.061145,0.018907
0.83689,-0.019932,0.029707,0.54619,0.04753,-0.061143,0.018907
0.83689,-0.019932,0.029707,0.54619,0.04753,-0.061143,0.018907
0.83689,-0.019932,0.029707,0.54619,0.04753,-0.061143,0.018907
0.83689,-0.019932,0.029707,0.54619,0.04753,-0.061143,0.018907
0.83689,-0.019932,0.029707,0.54619,0.04753,-0.061143,0.018907
0.83689,-0.019932,0.029707,0.54619,0.047527,-0.061141,0.018908
0.83689,-0.019932,0.029707,0.54619,0.047527,-0.061141,0.018908
0.83689,-0.019932,0.029707,0.54619,0.047527,-0.061141,0.018908
0.83689,-0.019932,0.029707,0.54619,0.047527,-0.061141,0.018907
0.83689,-0.019932,0.029707,0.54619,0.047527,-0.061141,0.018907
0.83689,-0.019932,0.029707,0.54619,0.047525,-0.061139,0.018908
0.83689,-0.019932,0.029707,0.54619,0.047525,-0.061139,0.018908
0.83689,-0.019932,0.029707,0.54619,0.047525,-0.061139,0.018908
0.83689,-0.019932,0.029707,0.54619,0.047525,-0.061139,0.018908
0.83689,-0.019932,0.029707,0.54619,0.047525,-0.061139,0.018908
0.83689,-0.019932,0.029707,0.54619,0.047522,-0.061138,0.018908
0.83689,-0.019932,0.029707,0.54619,0.047522,-0.061138,0.018908
0.83689,-0.019932,0.029707,0.54619,0.047522,-0.061138,0.018908
0.83689,-0.019932,0.029707,0.54619,0.047522,-0.061137,0.018908
0.83689,-0.019932,0.029707,0.54619,0.047522,-0.061137,0.018908
0.83689,-0.019932,0.029707,0.54619,0.047519,-0.061136,0.018908
0.83689,-0.019932,0.029707,0.54619,0.047519,-0.061136,0.018908
0.83689,-0.019932,0.029707,0.54619,0.047519,-0.061136,0.018908
0.83689,-0.019932,0.029707,0.54619,0.04752,-0.061136,0.018908
0.83689,-0.019932,0.029707,0.54619,0.04752,-0.061136,0.018908
0.83689,-0.019932,0.029707,0.54619,0.047517,-0.061134,0.018908
0.83689,-0.019932,0.029707,0.54619,0.047517,-0.061134,0.018908
0.83689,-0.019932,0.029707,0.54619,0.047517,-0.061134,0.018908
0.83689,-0.019932,0.029707,0.54619,0.047517,-0.061134,0.018908
0.83689,-0.019932,0.029707,0.54619,0.047517,-0.061134,0.018908
0.83689,-0.019932,0.029707,0.54619,0.047514,-0.061132,0.018908
0.83689,-0.019932,0.029707,0.54619,0.047514,-0.061132,0.018908
0.83689,-0.019932,0.029707,0.54619,0.047514,-0.061132,0.018908
0.83689,-0.019932,0.029707,0.54619,0.047514,-0.061132,0.018908
0.83689,-0.019932,0.029707,0.54619,0.047514,-0.061132,0.018908
0.83689,-0.019932,0.029707,0.54619,0.047512,-0.06113,0.018908
0.83689,-0.019932,0.029707,0.54619,0.047512,-0.06113,0.018908
0.83689,-0.019932,0.029707,0.54619,0.047512,-0.06113,0.018908
0.83689,-0.019932,0.029707,0.54619,0.047512,-0.06113,0.018908
0.83689,-0.019932,0.029707,0.54619,0.047512,-0.06113,0.018908
0.83689,-0.019932,0.029707,0.54619,0.047509,-0.061128,0.018908
0.83689,-0.019932,0.029707,0.54619,0.047509,-0.061128,0.018908
0.83689,-0.019932,0.029707,0.54619,0.047509,-0.061128,0.018908
0.83689,-0.019932,0.029707,0.54619,0.047509,-0.061128,0.018908
0.83689,-0.019932,0.029707,0.54619,0.047509,-0.061128,0.018908
0.83689,-0.019932,0.029707,0.54619,0.047506,-0.061126,0.018908
0.83689,-0.019932,0.029707,0.54619,0.047506,-0.061126,0.018908
0.83689,-0.019932,0.029707,0.54619,0.047506,-0.061126,0.018908
0.83689,-0.019932,0.029707,0.54619,0.047506,-0.061126,0.018908
0.83689,-0.019932,0.029707,0.54619,0.047506,-0.061126,0.018908
0.83689,-0.019932,0.029707,0.54619,0.047504,-0.061124,0.018908
0.83689,-0.019932,0.029707,0.54619,0.047504,-0.061124,0.018908
0.83689,-0.019932,0.029707,0.54619,0.047504,-0.061124,0.018908
0.83689,-0.019932,0.029707,0.54619,0.047504,-0.061124,0.018908
0.83689,-0.019932,0.029707,0.54619,0.047504,-0.061124,0.018908
0.83689,-0.019932,0.029707,0.54619,0.047501,-0.061122,0.018909
0.83689,-0.019932,0.029707,0.54619,0.047501,-0.061122,0.018909
0.83689,-0.019932,0.029707,0.54619,0.047501,-0.061122,0.018909
0.83689,-0.019932,0.029707,0.54619,0.047501,-0.061122,0.018909
0.83689,-0.019932,0.029707,0.54619,0.047501,-0.061122,0.018909
0.83689,-0.019932,0.029707,0.54619,0.047499,-0.06112,0.018909
0.83689,-0.019932,0.029707,0.54619,0.047499,-0.06112,0.018909
0.83689,-0.019932,0.029707,0.54619,0.047499,-0.06112,0.018909
0.83689,-0.019932,0.029707,0.54619,0.047499,-0.06112,0.018909
0.83689,-0.019932,0.029707,0.54619,0.047499,-0.06112,0.018909
0.83689,-0.019932,0.029707,0.54619,0.047496,-0.061118,0.018909
0.83689,-0.019932,0.029707,0.54619,0.047496,-0.061118,0.018909
0.83689,-0.019932,0.029707,0.54619,0.047496,-0.061118,0.018909
0.83689,-0.019932,0.029707,0.54619,0.047496,-0.061118,0.018909
0.83689,-0.019932,0.029707,0.54619,0.047496,-0.061118,0.018909
0.83689,-0.019932,0.029707,0.54619,0.047493,-0.061116,0.018909
0.83689,-0.019932,0.029707,0.54619,0.047493,-0.061116,0.018909
0.83689,-0.019932,0.029707,0.54619,0.047493,-0.061116,0.018909
0.83689,-0.019932,0.029707,0.54619,0.047493,-0.061116,0.018909
0.83689,-0.019932,0.029707,0.54619,0.047493,-0.061116,0.018909
0.83689,-0.019932,0.029707,0.54619,0.047491,-0.061114,0.018909
0.83689,-0.019932,0.029707,0.54619,0.047491,-0.061114,0.018909
0.83689,-0.019932,0.029707,0.54619,0.047491,-0.061114,0.018909
0.83689,-0.019932,0.029707,0.54619,0.047491,-0.061114,0.018909
0.83689,-0.019932,0.029707,0.54619,0.047491,-0.061114,0.018909
0.83689,-0.019932,0.029707,0.54619,0.047488,-0.061112,0.018909
0.83689,-0.019932,0.029707,0.54619,0.047488,-0.061112,0.018909
0.83689,-0.019932,0.029707,0.54619,0.047488,-0.061112,0.018909
0.83689,-0.019932,0.029707,0.54619,0.047488,-0.061112,0.018909
0.83689,-0.019932,0.029707,0.54619,0.047488,-0.061112,0.018909
0.83689,-0.019932,0.029707,0.54619,0.047485,-0.06111,0.018909
0.83689,-0.019932,0.029707,0.54619,0.047485,-0.06111,0.018909
0.83689,-0.019932,0.029707,0.54619,0.047486,-0.06111,0.018909
0.83689,-0.019932,0.029707,0.54619,0.047486,-0.06111,0.018909
0.83689,-0.019932,0.029707,0.54619,0.047486,-0.06111,0.018909
0.83689,-0.019932,0.029707,0.54619,0.047483,-0.061109,0.018909
0.83689,-0.019932,0.029707,0.54619,0.047483,-0.061109,0.018909
0.83689,-0.019932,0.029707,0.54619,0.047483,-0.061109,0.018909
0.83689,-0.019932,0.029707,0.54619,0.047483,-0.061108,0.018909
0.83689,-0.019932,0.029707,0.54619,0.047483,-0.061108,0.018909
0.83689,-0.019932,0.029707,0.54619,0.04748,-0.061107,0.018909
0.83689,-0.019932,0.029707,0.54619,0.04748,-0.061107,0.018909
0.83689,-0.019932,0.029707,0.54619,0.04748,-0.061107,0.018909
0.83689,-0.019932,0.029707,0.54619,0.04748,-0.061107,0.018909
0.83689,-0.019932,0.029707,0.54619,0.04748,-0.061107,0.018909
0.83689,-0.019932,0.029707,0.54619,0.047478,-0.061105,0.01891
0.83689,-0.019932,0.029707,0.54619,0.047478,-0.061105,0.01891
0.83689,-0.019932,0.029707,0.54619,0.047478,-0.061105,0.01891
0.83689,-0.019932,0.029707,0.54619,0.047478,-0.061105,0.01891
0.83689,-0.019932,0.029707,0.54619,0.047478,-0.061105,0.01891
0.83689,-0.019932,0.029707,0.54619,0.047475,-0.061103,0.01891
0.83689,-0.019932,0.029707,0.54619,0.047475,-0.061103,0.01891
0.83689,-0.019932,0.029707,0.54619,0.047475,-0.061103,0.01891
0.83689,-0.019932,0.029707,0.54619,0.047475,-0.061103,0.01891
0.83689,-0.019932,0.029707,0.54619,0.047475,-0.061103,0.01891
0.83689,-0.019932,0.029707,0.54619,0.047472,-0.061101,0.01891
0.83689,-0.019932,0.029707,0.54619,0.047472,-0.061101,0.01891
0.83689,-0.019932,0.029707,0.54619,0.047473,-0.061101,0.01891
0.83689,-0.019932,0.029707,0.54619,0.047473,-0.061101,0.01891
0.83689,-0.019932,0.029707,0.54619,0.047473,-0.061101,0.01891
0.83689,-0.019932,0.029707,0.54619,0.04747,-0.061099,0.01891
0.83689,-0.019932,0.029707,0.54619,0.04747,-0.061099,0.01891
0.83689,-0.019932,0.029707,0.54619,0.04747,-0.061099,0.01891
0.83689,-0.019932,0.029707,0.54619,0.04747,-0.061099,0.01891
0.83689,-0.019932,0.029707,0.54619,0.04747,-0.061099,0.01891
0.83689,-0.019932,0.029707,0.54619,0.047467,-0.061097,0.01891
0.83689,-0.019932,0.029707,0.54619,0.047467,-0.061097,0.01891
0.83689,-0.019932,0.029707,0.54619,0.047467,-0.061097,0.01891
0.83689,-0.019932,0.029707,0.54619,0.047467,-0.061097,0.01891
0.83689,-0.019932,0.029707,0.54619,0.047467,-0.061097,0.01891
0.83689,-0.019932,0.029707,0.54619,0.047465,-0.061095,0.01891
0.83689,-0.019932,0.029707,0.54619,0.047465,-0.061095,0.01891
0.83689,-0.019932,0.029707,0.54619,0.047465,-0.061095,0.01891
0.83689,-0.019932,0.029707,0.54619,0.047465,-0.061095,0.01891
0.83689,-0.019932,0.029707,0.54619,0.047465,-0.061095,0.01891
0.83689,-0.019932,0.029707,0.54619,0.047462,-0.061093,0.01891
0.83689,-0.019932,0.029707,0.54619,0.047462,-0.061093,0.01891
0.83689,-0.019932,0.029707,0.54619,0.047462,-0.061093,0.01891
0.83689,-0.019932,0.029707,0.54619,0.047462,-0.061093,0.01891
0.83689,-0.019932,0.029707,0.54619,0.047462,-0.061093,0.01891
0.83689,-0.019932,0.029707,0.54619,0.04746,-0.061091,0.01891
0.83689,-0.019932,0.029707,0.54619,0.04746,-0.061091,0.01891
0.83689,-0.019932,0.029707,0.54619,0.04746,-0.061091,0.01891
0.83689,-0.019932,0.029707,0.54619,0.04746,-0.061091,0.01891
0.83689,-0.019932,0.029707,0.54619,0.04746,-0.061091,0.01891
0.83689,-0.019932,0.029707,0.54619,0.047457,-0.061089,0.01891
0.83689,-0.019932,0.029707,0.54619,0.047457,-0.061089,0.01891
0.83689,-0.019932,0.029707,0.54619,0.047457,-0.061089,0.01891
0.83689,-0.019932,0.029707,0.54619,0.047457,-0.061089,0.01891
0.83689,-0.019932,0.029707,0.54619,0.047457,-0.061089,0.01891
0.83689,-0.019932,0.029707,0.54619,0.047454,-0.061087,0.01891
0.83689,-0.019932,0.029707,0.54619,0.047454,-0.061087,0.01891
0.83689,-0.019932,0.029707,0.54619,0.047454,-0.061087,0.01891
0.83689,-0.019932,0.029707,0.54619,0.047454,-0.061087,0.01891
0.83689,-0.019932,0.029707,0.54619,0.047454,-0.061087,0.01891
0.83689,-0.019932,0.029707,0.54619,0.047452,-0.061085,0.018911
0.83689,-0.019932,0.029707,0.54619,0.047452,-0.061085,0.018911
0.83689,-0.019932,0.029707,0.54619,0.047452,-0.061085,0.018911
0.83689,-0.019932,0.029707,0.54619,0.047452,-0.061085,0.018911
0.83689,-0.019932,0.029707,0.54619,0.047452,-0.061085,0.018911
0.83689,-0.019932,0.029707,0.54619,0.047449,-0.061084,0.018911
0.83689,-0.019932,0.029707,0.54619,0.047449,-0.061084,0.018911
0.83689,-0.019932,0.029707,0.54619,0.047449,-0.061084,0.018911
0.83689,-0.019932,0.029707,0.54619,0.047449,-0.061084,0.018911
0.83689,-0.019932,0.029707,0.54619,0.047449,-0.061084,0.018911
0.83689,-0.019932,0.029707,0.54619,0.047447,-0.061082,0.018911
0.83689,-0.019932,0.029707,0.54619,0.047447,-0.061082,0.018911
0.83689,-0.019932,0.029707,0.54619,0.047447,-0.061082,0.018911
0.83689,-0.019932,0.029707,0.54619,0.047447,-0.061082,0.018911
0.83689,-0.019932,0.029707,0.54619,0.047447,-0.061082,0.018911
0.83689,-0.019932,0.029707,0.54619,0.047444,-0.06108,0.018911
0.83689,-0.019932,0.029707,0.54619,0.047444,-0.06108,0.018911
0.83689,-0.019932,0.029707,0.54619,0.047444,-0.06108,0.018911
0.83689,-0.019932,0.029707,0.54619,0.047444,-0.06108,0.018911
0.83689,-0.019932,0.029707,0.54619,0.047444,-0.06108,0.018911
0.83689,-0.019932,0.029707,0.54619,0.047441,-0.061078,0.018911
0.83689,-0.019932,0.029707,0.54619,0.047441,-0.061078,0.018911
0.83689,-0.019932,0.029707,0.54619,0.047441,-0.061078,0.018911
0.83689,-0.019932,0.029707,0.54619,0.047441,-0.061078,0.018911
0.83689,-0.019932,0.029707,0.54619,0.047442,-0.061078,0.018911
0.83689,-0.019932,0.029707,0.54619,0.047439,-0.061076,0.018911
0.83689,-0.019932,0.029707,0.54619,0.047439,-0.061076,0.018911
0.83689,-0.019932,0.029707,0.54619,0.047439,-0.061076,0.018911
0.83689,-0.019932,0.029707,0.54619,0.047439,-0.061076,0.018911
0.83689,-0.019932,0.029707,0.54619,0.047439,-0.061076,0.018911
0.83689,-0.019932,0.029707,0.54619,0.047436,-0.061074,0.018911
0.83689,-0.019932,0.029707,0.54619,0.047436,-0.061074,0.018911
0.83689,-0.019932,0.029707,0.54619,0.047436,-0.061074,0.018911
0.83689,-0.019932,0.029707,0.54619,0.047436,-0.061074,0.018911
0.83689,-0.019932,0.029707,0.54619,0.047436,-0.061074,0.018911
0.83689,-0.019932,0.029707,0.54619,0.047434,-0.061072,0.018911
0.83689,-0.019932,0.029707,0.54619,0.047434,-0.061072,0.018911
0.83689,-0.019932,0.029707,0.54619,0.047434,-0.061072,0.018911
0.83689,-0.019932,0.029707,0.54619,0.047434,-0.061072,0.018911
0.83689,-0.019932,0.029707,0.54619,0.047434,-0.061072,0.018911
0.83689,-0.019932,0.029707,0.54619,0.047431,-0.06107,0.018911
0.83689,-0.019932,0.029707,0.54619,0.047431,-0.06107,0.018911
0.83689,-0.019932,0.029707,0.54619,0.047431,-0.06107,0.018911
0.83689,-0.019932,0.029707,0.54619,0.047431,-0.06107,0.018911
0.83689,-0.019932,0.029707,0.54619,0.047431,-0.06107,0.018911
0.83689,-0.019932,0.029707,0.54619,0.047429,-0.061068,0.018912
0.83689,-0.019932,0.029707,0.54619,0.047429,-0.061068,0.018912
0.83689,-0.019932,0.029707,0.54619,0.047429,-0.061068,0.018912
0.83689,-0.019932,0.029707,0.54619,0.047429,-0.061068,0.018912
0.83689,-0.019932,0.029707,0.54619,0.047429,-0.061068,0.018912
0.83689,-0.019932,0.029707,0.54619,0.047426,-0.061066,0.018912
0.83689,-0.019932,0.029707,0.54619,0.047426,-0.061066,0.018912
0.83689,-0.019932,0.029707,0.54619,0.047426,-0.061066,0.018912
0.83689,-0.019932,0.029707,0.54619,0.047426,-0.061066,0.018912
0.83689,-0.019932,0.029707,0.54619,0.047426,-0.061066,0.018912
0.83689,-0.019932,0.029707,0.54619,0.047423,-0.061065,0.018912
0.83689,-0.019932,0.029707,0.54619,0.047423,-0.061065,0.018912
0.83689,-0.019932,0.029707,0.54619,0.047423,-0.061065,0.018912
0.83689,-0.019932,0.029707,0.54619,0.047423,-0.061065,0.018912
0.83689,-0.019932,0.029707,0.54619,0.047423,-0.061065,0.018912
0.83689,-0.019932,0.029707,0.54619,0.047421,-0.061063,0.018912
0.83689,-0.019932,0.029707,0.54619,0.047421,-0.061063,0.018912
0.83689,-0.019932,0.029707,0.54619,0.047421,-0.061063,0.018912
0.83689,-0.019932,0.029707,0.54619,0.047421,-0.061063,0.018912
0.83689,-0.019932,0.029707,0.54619,0.047421,-0.061063,0.018912
0.83689,-0.019932,0.029707,0.54619,0.047418,-0.061061,0.018912
0.83689,-0.019932,0.029707,0.54619,0.047418,-0.061061,0.018912
0.83689,-0.019932,0.029707,0.54619,0.047418,-0.061061,0.018912
0.83689,-0.019932,0.029707,0.54619,0.047418,-0.061061,0.018912
0.83689,-0.019932,0.029707,0.54619,0.047418,-0.061061,0.018912
0.83689,-0.019932,0.029707,0.54619,0.047416,-0.061059,0.018912
0.83689,-0.019932,0.029707,0.54619,0.047416,-0.061059,0.018912
0.83689,-0.019932,0.029707,0.54619,0.047416,-0.061059,0.018912
0.83689,-0.019932,0.029707,0.54619,0.047416,-0.061059,0.018912
0.83689,-0.019932,0.029707,0.54619,0.047416,-0.061059,0.018912
0.83689,-0.019932,0.029707,0.54619,0.047413,-0.061057,0.018912
0.83689,-0.019932,0.029707,0.54619,0.047413,-0.061057,0.018912
0.83689,-0.019932,0.029707,0.54619,0.047413,-0.061057,0.018912
0.83689,-0.019932,0.029707,0.54619,0.047413,-0.061057,0.018912
0.83689,-0.019932,0.029707,0.54619,0.047413,-0.061057,0.018912
0.83689,-0.019932,0.029707,0.54619,0.047411,-0.061055,0.018912
0.83689,-0.019932,0.029707,0.54619,0.047411,-0.061055,0.018912
0.83689,-0.019932,0.029707,0.54619,0.047411,-0.061055,0.018912
0.83689,-0.019932,0.029707,0.54619,0.047411,-0.061055,0.018912
0.83689,-0.019932,0.029707,0.54619,0.047411,-0.061055,0.018912
0.83689,-0.019932,0.029707,0.54619,0.047408,-0.061053,0.018912
0.83689,-0.019932,0.029707,0.54619,0.047408,-0.061053,0.018912
0.83689,-0.019932,0.029707,0.54619,0.047408,-0.061053,0.018912
0.83689,-0.019932,0.029707,0.54619,0.047408,-0.061053,0.018912
0.83689,-0.019932,0.029707,0.54619,0.047408,-0.061053,0.018912
0.83689,-0.019932,0.029707,0.54619,0.047405,-0.061051,0.018912
0.83689,-0.019932,0.029707,0.54619,0.047405,-0.061051,0.018912
0.83689,-0.019932,0.029707,0.54619,0.047405,-0.061051,0.018912
0.83689,-0.019932,0.029707,0.54619,0.047405,-0.061051,0.018912
0.83689,-0.019932,0.029707,0.54619,0.047405,-0.061051,0.018912
0.83689,-0.019932,0.029707,0.54619,0.047403,-0.061049,0.018913
0.83689,-0.019932,0.029707,0.54619,0.047403,-0.061049,0.018913
0.83689,-0.019932,0.029707,0.54619,0.047403,-0.061049,0.018913
0.83689,-0.019932,0.029707,0.54619,0.047403,-0.061049,0.018913
0.83689,-0.019932,0.029707,0.54619,0.047403,-0.061049,0.018913
0.83689,-0.019932,0.029707,0.54619,0.0474,-0.061047,0.018913
0.83689,-0.019932,0.029707,0.54619,0.0474,-0.061047,0.018913
0.83689,-0.019932,0.029707,0.54619,0.0474,-0.061047,0.018913
0.83689,-0.019932,0.029707,0.54619,0.0474,-0.061047,0.018913
0.83689,-0.019932,0.029707,0.54619,0.0474,-0.061047,0.018913
0.83689,-0.019932,0.029707,0.54619,0.047398,-0.061046,0.018913
0.83689,-0.019932,0.029707,0.54619,0.047398,-0.061046,0.018913
0.83689,-0.019932,0.029707,0.54619,0.047398,-0.061046,0.018913
0.83689,-0.019932,0.029707,0.54619,0.047398,-0.061046,0.018913
0.83689,-0.019932,0.029707,0.54619,0.047398,-0.061045,0.018913
0.83689,-0.019932,0.029707,0.54619,0.047395,-0.061044,0.018913
0.83689,-0.019932,0.029707,0.54619,0.047395,-0.061044,0.018913
0.83689,-0.019932,0.029707,0.54619,0.047395,-0.061044,0.018913
0.83689,-0.019932,0.029707,0.54619,0.047395,-0.061044,0.018913
0.83689,-0.019932,0.029707,0.54619,0.047395,-0.061044,0.018913
0.83689,-0.019932,0.029707,0.54619,0.047392,-0.061042,0.018913
0.83689,-0.019932,0.029707,0.54619,0.047392,-0.061042,0.018913
0.83689,-0.019932,0.029707,0.54619,0.047392,-0.061042,0.018913
0.83689,-0.019932,0.029707,0.54619,0.047392,-0.061042,0.018913
0.83689,-0.019932,0.029707,0.54619,0.047392,-0.061042,0.018913
0.83689,-0.019932,0.029707,0.54619,0.04739,-0.06104,0.018913
0.83689,-0.019932,0.029707,0.54619,0.04739,-0.06104,0.018913
0.83689,-0.019932,0.029707,0.54619,0.04739,-0.06104,0.018913
0.83689,-0.019932,0.029707,0.54619,0.04739,-0.06104,0.018913
0.83689,-0.019932,0.029707,0.54619,0.04739,-0.06104,0.018913
0.83689,-0.019932,0.029707,0.54619,0.047387,-0.061038,0.018913
0.83689,-0.019932,0.029707,0.54619,0.047387,-0.061038,0.018913
0.83689,-0.019932,0.029707,0.54619,0.047387,-0.061038,0.018913
0.83689,-0.019932,0.029707,0.54619,0.047387,-0.061038,0.018913
0.83689,-0.019932,0.029707,0.54619,0.047387,-0.061038,0.018913
0.83689,-0.019932,0.029707,0.54619,0.047385,-0.061036,0.018913
0.83689,-0.019932,0.029707,0.54619,0.047385,-0.061036,0.018913
0.83689,-0.019932,0.029707,0.54619,0.047385,-0.061036,0.018913
0.83689,-0.019932,0.029707,0.54619,0.047385,-0.061036,0.018913
0.83689,-0.019932,0.029707,0.54619,0.047385,-0.061036,0.018913
0.83689,-0.019932,0.029707,0.54619,0.047382,-0.061034,0.018913
0.83689,-0.019932,0.029707,0.54619,0.047382,-0.061034,0.018913
0.83689,-0.019932,0.029707,0.54619,0.047382,-0.061034,0.018913
0.83689,-0.019932,0.029707,0.54619,0.047382,-0.061034,0.018913
0.83689,-0.019932,0.029707,0.54619,0.047382,-0.061034,0.018913
0.83689,-0.019932,0.029707,0.54619,0.04738,-0.061032,0.018913
0.83689,-0.019932,0.029707,0.54619,0.04738,-0.061032,0.018913
0.83689,-0.019932,0.029707,0.54619,0.04738,-0.061032,0.018913
0.83689,-0.019932,0.029707,0.54619,0.04738,-0.061032,0.018913
0.83689,-0.019932,0.029707,0.54619,0.04738,-0.061032,0.018913
0.83689,-0.019932,0.029707,0.54619,0.047377,-0.06103,0.018914
0.83689,-0.019932,0.029707,0.54619,0.047377,-0.06103,0.018914
0.83689,-0.019932,0.029707,0.54619,0.047377,-0.06103,0.018914
0.83689,-0.019932,0.029707,0.54619,0.047377,-0.06103,0.018914
0.83689,-0.019932,0.029707,0.54619,0.047377,-0.06103,0.018914
0.83689,-0.019932,0.029707,0.54619,0.047375,-0.061029,0.018914
0.83689,-0.019932,0.029707,0.54619,0.047375,-0.061029,0.018914
0.83689,-0.019932,0.029707,0.54619,0.047375,-0.061028,0.018914
0.83689,-0.019932,0.029707,0.54619,0.047375,-0.061028,0.018914
0.83689,-0.019932,0.029707,0.54619,0.047375,-0.061028,0.018914
0.83689,-0.019932,0.029707,0.54619,0.047372,-0.061027,0.018914
0.83689,-0.019932,0.029707,0.54619,0.047372,-0.061027,0.018914
0.83689,-0.019932,0.029707,0.54619,0.047372,-0.061027,0.018914
0.83689,-0.019932,0.029707,0.54619,0.047372,-0.061027,0.018914
0.83689,-0.019932,0.029707,0.54619,0.047372,-0.061027,0.018914
0.83689,-0.019932,0.029707,0.54619,0.047369,-0.061025,0.018914
0.83689,-0.019932,0.029707,0.54619,0.047369,-0.061025,0.018914
0.83689,-0.019932,0.029707,0.54619,0.047369,-0.061025,0.018914
0.83689,-0.019932,0.029707,0.54619,0.04737,-0.061025,0.018914
0.83689,-0.019932,0.029707,0.54619,0.04737,-0.061025,0.018914
0.83689,-0.019932,0.029707,0.54619,0.047367,-0.061023,0.018914
0.83689,-0.019932,0.029707,0.54619,0.047367,-0.061023,0.018914
0.83689,-0.019932,0.029707,0.54619,0.047367,-0.061023,0.018914
0.83689,-0.019932,0.029707,0.54619,0.047367,-0.061023,0.018914
0.83689,-0.019932,0.029707,0.54619,0.047367,-0.061023,0.018914
0.83689,-0.019932,0.029707,0.54619,0.047364,-0.061021,0.018914
0.83689,-0.019932,0.029707,0.54619,0.047364,-0.061021,0.018914
0.83689,-0.019932,0.029707,0.54619,0.047364,-0.061021,0.018914
0.83689,-0.019932,0.029707,0.54619,0.047364,-0.061021,0.018914
0.83689,-0.019932,0.029707,0.54619,0.047364,-0.061021,0.018914
0.83689,-0.019932,0.029707,0.54619,0.047362,-0.061019,0.018914
0.83689,-0.019932,0.029707,0.54619,0.047362,-0.061019,0.018914
0.83689,-0.019932,0.029707,0.54619,0.047362,-0.061019,0.018914
0.83689,-0.019932,0.029707,0.54619,0.047362,-0.061019,0.018914
0.83689,-0.019932,0.029707,0.54619,0.047362,-0.061019,0.018914
0.83689,-0.019932,0.029707,0.54619,0.047359,-0.061017,0.018914
0.83689,-0.019932,0.029707,0.54619,0.047359,-0.061017,0.018914
0.83689,-0.019932,0.029707,0.54619,0.047359,-0.061017,0.018914
0.83689,-0.019932,0.029707,0.54619,0.047359,-0.061017,0.018914
0.83689,-0.019932,0.029707,0.54619,0.047359,-0.061017,0.018914
0.83689,-0.019932,0.029707,0.54619,0.047357,-0.061015,0.018914
0.83689,-0.019932,0.029707,0.54619,0.047357,-0.061015,0.018914
0.83689,-0.019932,0.029707,0.54619,0.047357,-0.061015,0.018914
0.83689,-0.019932,0.029707,0.54619,0.047357,-0.061015,0.018914
0.83689,-0.019932,0.029707,0.54619,0.047357,-0.061015,0.018914
0.83689,-0.019932,0.029707,0.54619,0.047354,-0.061013,0.018914
0.83689,-0.019932,0.029707,0.54619,0.047354,-0.061013,0.018914
0.83689,-0.019932,0.029707,0.54619,0.047354,-0.061013,0.018914
0.83689,-0.019932,0.029707,0.54619,0.047354,-0.061013,0.018914
0.83689,-0.019932,0.029707,0.54619,0.047354,-0.061013,0.018914
0.83689,-0.019932,0.029707,0.54619,0.047352,-0.061012,0.018914
0.83689,-0.019932,0.029707,0.54619,0.047352,-0.061012,0.018914
0.83689,-0.019932,0.029707,0.54619,0.047352,-0.061012,0.018914
0.83689,-0.019932,0.029707,0.54619,0.047352,-0.061012,0.018914
0.83689,-0.019932,0.029707,0.54619,0.047352,-0.061012,0.018914
0.83689,-0.019932,0.029707,0.54619,0.047349,-0.06101,0.018914
0.83689,-0.019932,0.029707,0.54619,0.047349,-0.06101,0.018914
0.83689,-0.019932,0.029707,0.54619,0.047349,-0.06101,0.018914
0.83689,-0.019932,0.029707,0.54619,0.047349,-0.06101,0.018914
0.83689,-0.019932,0.029707,0.54619,0.047349,-0.06101,0.018914
0.83689,-0.019932,0.029707,0.54619,0.047347,-0.061008,0.018915
0.83689,-0.019932,0.029707,0.54619,0.047347,-0.061008,0.018914
0.83689,-0.019932,0.029707,0.54619,0.047347,-0.061008,0.018914
0.83689,-0.019932,0.029707,0.54619,0.047347,-0.061008,0.018914
0.83689,-0.019932,0.029707,0.54619,0.047347,-0.061008,0.018914
0.83689,-0.019932,0.029707,0.54619,0.047344,-0.061006,0.018915
0.83689,-0.019932,0.029707,0.54619,0.047344,-0.061006,0.018915
0.83689,-0.019932,0.029707,0.54619,0.047344,-0.061006,0.018915
0.83689,-0.019932,0.029707,0.54619,0.047344,-0.061006,0.018915
0.83689,-0.019932,0.029707,0.54619,0.047344,-0.061006,0.018915
0.83689,-0.019932,0.029707,0.54619,0.047342,-0.061004,0.018915
0.83689,-0.019932,0.029707,0.54619,0.047342,-0.061004,0.018915
0.83689,-0.019932,0.029707,0.54619,0.047342,-0.061004,0.018915
0.83689,-0.019932,0.029707,0.54619,0.047342,-0.061004,0.018915
0.83689,-0.019932,0.029707,0.54619,0.047342,-0.061004,0.018915
0.83689,-0.019932,0.029707,0.54619,0.047339,-0.061002,0.018915
0.83689,-0.019932,0.029707,0.54619,0.047339,-0.061002,0.018915
0.83689,-0.019932,0.029707,0.54619,0.047339,-0.061002,0.018915
0.83689,-0.019932,0.029707,0.54619,0.047339,-0.061002,0.018915
0.83689,-0.019932,0.029707,0.54619,0.047339,-0.061002,0.018915
0.83689,-0.019932,0.029707,0.54619,0.047337,-0.061,0.018915
0.83689,-0.019932,0.029707,0.54619,0.047337,-0.061,0.018915
0.83689,-0.019932,0.029707,0.54619,0.047337,-0.061,0.018915
0.83689,-0.019932,0.029707,0.54619,0.047337,-0.061,0.018915
0.83689,-0.019932,0.029707,0.54619,0.047337,-0.061,0.018915
0.83689,-0.019932,0.029707,0.54619,0.047334,-0.060999,0.018915
0.83689,-0.019932,0.029707,0.54619,0.047334,-0.060999,0.018915
0.83689,-0.019932,0.029707,0.54619,0.047334,-0.060998,0.018915
0.83689,-0.019932,0.029707,0.54619,0.047334,-0.060998,0.018915
0.83689,-0.019932,0.029707,0.54619,0.047334,-0.060998,0.018915
0.83689,-0.019932,0.029707,0.54619,0.047332,-0.060997,0.018915
0.83689,-0.019932,0.029707,0.54619,0.047332,-0.060997,0.018915
0.83689,-0.019932,0.029707,0.54619,0.047332,-0.060997,0.018915
0.83689,-0.019932,0.029707,0.54619,0.047332,-0.060997,0.018915
0.83689,-0.019932,0.029707,0.54619,0.047332,-0.060997,0.018915
0.83689,-0.019932,0.029707,0.54619,0.047329,-0.060995,0.018915
0.83689,-0.019932,0.029707,0.54619,0.047329,-0.060995,0.018915
0.83689,-0.019932,0.029707,0.54619,0.04733,-0.060995,0.018915
0.83689,-0.019932,0.029707,0.54619,0.04733,-0.060995,0.018915
0.83689,-0.019932,0.029707,0.54619,0.04733,-0.060995,0.018915
0.83689,-0.019932,0.029707,0.54619,0.047327,-0.060993,0.018915
0.83689,-0.019932,0.029707,0.54619,0.047327,-0.060993,0.018915
0.83689,-0.019932,0.029707,0.54619,0.047327,-0.060993,0.018915
0.83689,-0.019932,0.029707,0.54619,0.047327,-0.060993,0.018915
0.83689,-0.019932,0.029707,0.54619,0.047327,-0.060993,0.018915
0.83689,-0.019932,0.029707,0.54619,0.047325,-0.060991,0.018915
0.83689,-0.019932,0.029707,0.54619,0.047325,-0.060991,0.018915
0.83689,-0.019932,0.029707,0.54619,0.047325,-0.060991,0.018915
0.83689,-0.019932,0.029707,0.54619,0.047325,-0.060991,0.018915
0.83689,-0.019932,0.029707,0.54619,0.047325,-0.060991,0.018915
0.83689,-0.019932,0.029707,0.54619,0.047322,-0.060989,0.018915
0.83689,-0.019932,0.029707,0.54619,0.047322,-0.060989,0.018915
0.83689,-0.019932,0.029707,0.54619,0.047322,-0.060989,0.018915
0.83689,-0.019932,0.029707,0.54619,0.047322,-0.060989,0.018915
0.83689,-0.019932,0.029707,0.54619,0.047322,-0.060989,0.018915
0.83689,-0.019932,0.029707,0.54619,0.04732,-0.060987,0.018915
0.83689,-0.019932,0.029707,0.54619,0.04732,-0.060987,0.018915
0.83689,-0.019932,0.029707,0.54619,0.04732,-0.060987,0.018915
0.83689,-0.019932,0.029707,0.54619,0.04732,-0.060987,0.018915
0.83689,-0.019932,0.029707,0.54619,0.04732,-0.060987,0.018915
0.83689,-0.019932,0.029707,0.54619,0.047317,-0.060986,0.018915
0.83689,-0.019932,0.029707,0.54619,0.047317,-0.060986,0.018915
0.83689,-0.019932,0.029707,0.54619,0.047317,-0.060985,0.018915
0.83689,-0.019932,0.029707,0.54619,0.047317,-0.060985,0.018915
0.83689,-0.019932,0.029707,0.54619,0.047317,-0.060985,0.018915
0.83689,-0.019932,0.029707,0.54619,0.047315,-0.060984,0.018915
0.83689,-0.019932,0.029707,0.54619,0.047315,-0.060984,0.018915
0.83689,-0.019932,0.029707,0.54619,0.047315,-0.060984,0.018915
0.83689,-0.019932,0.029707,0.54619,0.047315,-0.060984,0.018915
0.83689,-0.019932,0.029707,0.54619,0.047315,-0.060984,0.018915
0.83689,-0.019932,0.029707,0.54619,0.047312,-0.060982,0.018915
0.83689,-0.019932,0.029707,0.54619,0.047312,-0.060982,0.018915
0.83689,-0.019932,0.029707,0.54619,0.047312,-0.060982,0.018915
0.83689,-0.019932,0.029707,0.54619,0.047312,-0.060982,0.018915
0.83689,-0.019932,0.029707,0.54619,0.047312,-0.060982,0.018915
0.83689,-0.019932,0.029707,0.54619,0.04731,-0.06098,0.018916
0.83689,-0.019932,0.029707,0.54619,0.04731,-0.06098,0.018916
0.83689,-0.019932,0.029707,0.54619,0.04731,-0.06098,0.018916
0.83689,-0.019932,0.029707,0.54619,0.04731,-0.06098,0.018916
0.83689,-0.019932,0.029707,0.54619,0.04731,-0.06098,0.018916
0.83689,-0.019932,0.029707,0.54619,0.047307,-0.060978,0.018916
0.83689,-0.019932,0.029707,0.54619,0.047307,-0.060978,0.018916
0.83689,-0.019932,0.029707,0.54619,0.047307,-0.060978,0.018916
0.83689,-0.019932,0.029707,0.54619,0.047307,-0.060978,0.018916
0.83689,-0.019932,0.029707,0.54619,0.047308,-0.060978,0.018916
0.83689,-0.019932,0.029707,0.54619,0.047305,-0.060976,0.018916
0.83689,-0.019932,0.029707,0.54619,0.047305,-0.060976,0.018916
0.83689,-0.019932,0.029707,0.54619,0.047305,-0.060976,0.018916
0.83689,-0.019932,0.029707,0.54619,0.047305,-0.060976,0.018916
0.83689,-0.019932,0.029707,0.54619,0.047305,-0.060976,0.018916
0.83689,-0.019932,0.029707,0.54619,0.047303,-0.060974,0.018916
0.83689,-0.019932,0.029707,0.54619,0.047303,-0.060974,0.018916
0.83689,-0.019932,0.029707,0.54619,0.047303,-0.060974,0.018916
0.83689,-0.019932,0.029707,0.54619,0.047303,-0.060974,0.018916
0.83689,-0.019932,0.029707,0.54619,0.047303,-0.060974,0.018916
0.83689,-0.019932,0.029707,0.54619,0.0473,-0.060973,0.018916
0.83689,-0.019932,0.029707,0.54619,0.0473,-0.060973,0.018916
0.83689,-0.019932,0.029707,0.54619,0.0473,-0.060972,0.018916
0.83689,-0.019932,0.029707,0.54619,0.0473,-0.060972,0.018916
0.83689,-0.019932,0.029707,0.54619,0.0473,-0.060972,0.018916
0.83689,-0.019932,0.029707,0.54619,0.047298,-0.060971,0.018916
0.83689,-0.019932,0.029707,0.54619,0.047298,-0.060971,0.018916
0.83689,-0.019932,0.029707,0.54619,0.047298,-0.060971,0.018916
0.83689,-0.019932,0.029707,0.54619,0.047298,-0.060971,0.018916
0.83689,-0.019932,0.029707,0.54619,0.047298,-0.060971,0.018916
0.83689,-0.019932,0.029707,0.54619,0.047295,-0.060969,0.018916
0.83689,-0.019932,0.029707,0.54619,0.047295,-0.060969,0.018916
0.83689,-0.019932,0.029707,0.54619,0.047295,-0.060969,0.018916
0.83689,-0.019932,0.029707,0.54619,0.047295,-0.060969,0.018916
0.83689,-0.019932,0.029707,0.54619,0.047295,-0.060969,0.018916
0.83689,-0.019932,0.029707,0.54619,0.047293,-0.060967,0.018916
0.83689,-0.019932,0.029707,0.54619,0.047293,-0.060967,0.018916
0.83689,-0.019932,0.029707,0.54619,0.047293,-0.060967,0.018916
0.83689,-0.019932,0.029707,0.54619,0.047293,-0.060967,0.018916
0.83689,-0.019932,0.029707,0.54619,0.047293,-0.060967,0.018916
0.83689,-0.019932,0.029707,0.54619,0.04729,-0.060965,0.018916
0.83689,-0.019932,0.029707,0.54619,0.04729,-0.060965,0.018916
0.83689,-0.019932,0.029707,0.54619,0.047291,-0.060965,0.018916
0.83689,-0.019932,0.029707,0.54619,0.047291,-0.060965,0.018916
0.83689,-0.019932,0.029707,0.54619,0.047291,-0.060965,0.018916
0.83689,-0.019932,0.029707,0.54619,0.047288,-0.060963,0.018916
0.83689,-0.019932,0.029707,0.54619,0.047288,-0.060963,0.018916
0.83689,-0.019932,0.029707,0.54619,0.047288,-0.060963,0.018916
0.83689,-0.019932,0.029707,0.54619,0.047288,-0.060963,0.018916
0.83689,-0.019932,0.029707,0.54619,0.047288,-0.060963,0.018916
0.83689,-0.019932,0.029707,0.54619,0.047286,-0.060962,0.018916
0.83689,-0.019932,0.029707,0.54619,0.047286,-0.060962,0.018916
0.83689,-0.019932,0.029707,0.54619,0.047286,-0.060962,0.018916
0.83689,-0.019932,0.029707,0.54619,0.047286,-0.060962,0.018916
0.83689,-0.019932,0.029707,0.54619,0.047286,-0.060962,0.018916
0.83689,-0.019932,0.029707,0.54619,0.047283,-0.06096,0.018916
0.83689,-0.019932,0.029707,0.54619,0.047283,-0.06096,0.018916
0.83689,-0.019932,0.029707,0.54619,0.047283,-0.06096,0.018916
0.83689,-0.019932,0.029707,0.54619,0.047283,-0.06096,0.018916
0.83689,-0.019932,0.029707,0.54619,0.047283,-0.06096,0.018916
0.83689,-0.019932,0.029707,0.54619,0.047281,-0.060958,0.018916
0.83689,-0.019932,0.029707,0.54619,0.047281,-0.060958,0.018916
0.83689,-0.019932,0.029707,0.54619,0.047281,-0.060958,0.018916
0.83689,-0.019932,0.029707,0.54619,0.047281,-0.060958,0.018916
0.83689,-0.019932,0.029707,0.54619,0.047281,-0.060958,0.018916
0.83689,-0.019932,0.029707,0.54619,0.047278,-0.060956,0.018916
0.83689,-0.019932,0.029707,0.54619,0.047278,-0.060956,0.018916
0.83689,-0.019932,0.029707,0.54619,0.047278,-0.060956,0.018916
0.83689,-0.019932,0.029707,0.54619,0.047278,-0.060956,0.018916
0.83689,-0.019932,0.029707,0.54619,0.047278,-0.060956,0.018916
0.83689,-0.019932,0.029707,0.54619,0.047276,-0.060954,0.018916
0.83689,-0.019932,0.029707,0.54619,0.047276,-0.060954,0.018916
0.83689,-0.019932,0.029707,0.54619,0.047276,-0.060954,0.018916
0.83689,-0.019932,0.029707,0.54619,0.047276,-0.060954,0.018916
0.83689,-0.019932,0.029707,0.54619,0.047276,-0.060954,0.018916
0.83689,-0.019932,0.029707,0.54619,0.047274,-0.060952,0.018916
0.83689,-0.019932,0.029707,0.54619,0.047274,-0.060952,0.018916
0.83689,-0.019932,0.029707,0.54619,0.047274,-0.060952,0.018916
0.83689,-0.019932,0.029707,0.54619,0.047274,-0.060952,0.018916
0.83689,-0.019932,0.029707,0.54619,0.047274,-0.060952,0.018916
0.83689,-0.019932,0.029707,0.54619,0.047271,-0.060951,0.018916
0.83689,-0.019932,0.029707,0.54619,0.047271,-0.060951,0.018916
0.83689,-0.019932,0.029707,0.54619,0.047271,-0.060951,0.018916
0.83689,-0.019932,0.029707,0.54619,0.047271,-0.060951,0.018916
0.83689,-0.019932,0.029707,0.54619,0.047271,-0.060951,0.018916
0.83689,-0.019932,0.029707,0.54619,0.047269,-0.060949,0.018917
0.83689,-0.019932,0.029707,0.54619,0.047269,-0.060949,0.018917
0.83689,-0.019932,0.029707,0.54619,0.047269,-0.060949,0.018917
0.83689,-0.019932,0.029707,0.54619,0.047269,-0.060949,0.018917
0.83689,-0.019932,0.029707,0.54619,0.047269,-0.060949,0.018917
0.83689,-0.019932,0.029707,0.54619,0.047266,-0.060947,0.018917
0.83689,-0.019932,0.029707,0.54619,0.047266,-0.060947,0.018917
0.83689,-0.019932,0.029707,0.54619,0.047266,-0.060947,0.018917
0.83689,-0.019932,0.029707,0.54619,0.047266,-0.060947,0.018917
0.83689,-0.019932,0.029707,0.54619,0.047267,-0.060947,0.018917
0.83689,-0.019932,0.029707,0.54619,0.047264,-0.060945,0.018917
0.83689,-0.019932,0.029707,0.54619,0.047264,-0.060945,0.018917
0.83689,-0.019932,0.029707,0.54619,0.047264,-0.060945,0.018917
0.83689,-0.019932,0.029707,0.54619,0.047264,-0.060945,0.018917
0.83689,-0.019932,0.029707,0.54619,0.047264,-0.060945,0.018917
0.83689,-0.019932,0.029707,0.54619,0.047262,-0.060943,0.018917
0.83689,-0.019932,0.029707,0.54619,0.047262,-0.060943,0.018917
0.83689,-0.019932,0.029707,0.54619,0.047262,-0.060943,0.018917
0.83689,-0.019932,0.029707,0.54619,0.047262,-0.060943,0.018917
0.83689,-0.019932,0.029707,0.54619,0.047262,-0.060943,0.018917
0.83689,-0.019932,0.029707,0.54619,0.047259,-0.060941,0.018917
0.83689,-0.019932,0.029707,0.54619,0.047259,-0.060941,0.018917
0.83689,-0.019932,0.029707,0.54619,0.047259,-0.060941,0.018917
0.83689,-0.019932,0.029707,0.54619,0.047259,-0.060941,0.018917
0.83689,-0.019932,0.029707,0.54619,0.047259,-0.060941,0.018917
0.83689,-0.019932,0.029707,0.54619,0.047257,-0.06094,0.018917
0.83689,-0.019932,0.029707,0.54619,0.047257,-0.06094,0.018917
0.83689,-0.019932,0.029707,0.54619,0.047257,-0.06094,0.018917
0.83689,-0.019932,0.029707,0.54619,0.047257,-0.06094,0.018917
0.83689,-0.019932,0.029707,0.54619,0.047257,-0.06094,0.018917
0.83689,-0.019932,0.029707,0.54619,0.047254,-0.060938,0.018917
0.83689,-0.019932,0.029707,0.54619,0.047255,-0.060938,0.018917
0.83689,-0.019932,0.029707,0.54619,0.047255,-0.060938,0.018917
0.83689,-0.019932,0.029707,0.54619,0.047255,-0.060938,0.018917
0.83689,-0.019932,0.029707,0.54619,0.047255,-0.060938,0.018917
0.83689,-0.019932,0.029707,0.54619,0.047252,-0.060936,0.018917
0.83689,-0.019932,0.029707,0.54619,0.047252,-0.060936,0.018917
0.83689,-0.019932,0.029707,0.54619,0.047252,-0.060936,0.018917
0.83689,-0.019932,0.029707,0.54619,0.047252,-0.060936,0.018917
0.83689,-0.019932,0.029707,0.54619,0.047252,-0.060936,0.018917
0.83689,-0.019932,0.029707,0.54619,0.04725,-0.060934,0.018917
0.83689,-0.019932,0.029707,0.54619,0.04725,-0.060934,0.018917
0.83689,-0.019932,0.029707,0.54619,0.04725,-0.060934,0.018917
0.83689,-0.019932,0.029707,0.54619,0.04725,-0.060934,0.018917
0.83689,-0.019932,0.029707,0.54619,0.04725,-0.060934,0.018917
0.83689,-0.019932,0.029707,0.54619,0.047247,-0.060932,0.018917
0.83689,-0.019932,0.029707,0.54619,0.047247,-0.060932,0.018917
0.83689,-0.019932,0.029707,0.54619,0.047247,-0.060932,0.018917
0.83689,-0.019932,0.029707,0.54619,0.047247,-0.060932,0.018917
0.83689,-0.019932,0.029707,0.54619,0.047247,-0.060932,0.018917
0.83689,-0.019932,0.029707,0.54619,0.047245,-0.060931,0.018917
0.83689,-0.019932,0.029707,0.54619,0.047245,-0.060931,0.018917
0.83689,-0.019932,0.029707,0.54619,0.047245,-0.060931,0.018917
0.83689,-0.019932,0.029707,0.54619,0.047245,-0.060931,0.018917
0.83689,-0.019932,0.029707,0.54619,0.047245,-0.060931,0.018917
0.83689,-0.019932,0.029707,0.54619,0.047243,-0.060929,0.018917
0.83689,-0.019932,0.029707,0.54619,0.047243,-0.060929,0.018917
0.83689,-0.019932,0.029707,0.54619,0.047243,-0.060929,0.018917
0.83689,-0.019932,0.029707,0.54619,0.047243,-0.060929,0.018917
0.83689,-0.019932,0.029707,0.54619,0.047243,-0.060929,0.018917
0.83689,-0.019932,0.029707,0.54619,0.04724,-0.060927,0.018917
0.83689,-0.019932,0.029707,0.54619,0.04724,-0.060927,0.018917
0.83689,-0.019932,0.029707,0.54619,0.04724,-0.060927,0.018917
0.83689,-0.019932,0.029707,0.54619,0.04724,-0.060927,0.018917
0.83689,-0.019932,0.029707,0.54619,0.04724,-0.060927,0.018917
0.83689,-0.019932,0.029707,0.54619,0.047238,-0.060925,0.018917
0.83689,-0.019932,0.029707,0.54619,0.047238,-0.060925,0.018917
0.83689,-0.019932,0.029707,0.54619,0.047238,-0.060925,0.018917
0.83689,-0.019932,0.029707,0.54619,0.047238,-0.060925,0.018917
0.83689,-0.019932,0.029707,0.54619,0.047238,-0.060925,0.018917
0.83689,-0.019932,0.029707,0.54619,0.047236,-0.060923,0.018917
0.83689,-0.019932,0.029707,0.54619,0.047236,-0.060923,0.018917
0.83689,-0.019932,0.029707,0.54619,0.047236,-0.060923,0.018917
0.83689,-0.019932,0.029707,0.54619,0.047236,-0.060923,0.018917
0.83689,-0.019932,0.029707,0.54619,0.047236,-0.060923,0.018917
0.83689,-0.019932,0.029707,0.54619,0.047233,-0.060922,0.018917
0.83689,-0.019932,0.029707,0.54619,0.047233,-0.060922,0.018917
0.83689,-0.019932,0.029707,0.54619,0.047233,-0.060922,0.018917
0.83689,-0.019932,0.029707,0.54619,0.047233,-0.060922,0.018917
0.83689,-0.019932,0.029707,0.54619,0.047233,-0.060922,0.018917
0.83689,-0.019932,0.029707,0.54619,0.047231,-0.06092,0.018917
0.83689,-0.019932,0.029707,0.54619,0.047231,-0.06092,0.018917
0.83689,-0.019932,0.029707,0.54619,0.047231,-0.06092,0.018917
0.83689,-0.019932,0.029707,0.54619,0.047231,-0.06092,0.018917
0.83689,-0.019932,0.029707,0.54619,0.047231,-0.06092,0.018917
0.83689,-0.019932,0.029707,0.54619,0.047229,-0.060918,0.018917
0.83689,-0.019932,0.029707,0.54619,0.047229,-0.060918,0.018917
0.83689,-0.019932,0.029707,0.54619,0.047229,-0.060918,0.018917
0.83689,-0.019932,0.029707,0.54619,0.047229,-0.060918,0.018917
0.83689,-0.019932,0.029707,0.54619,0.047229,-0.060918,0.018917
0.83689,-0.019932,0.029707,0.54619,0.047226,-0.060916,0.018917
0.83689,-0.019932,0.029707,0.54619,0.047226,-0.060916,0.018917
0.83689,-0.019932,0.029707,0.54619,0.047226,-0.060916,0.018917
0.83689,-0.019932,0.029707,0.54619,0.047226,-0.060916,0.018917
0.83689,-0.019932,0.029707,0.54619,0.047226,-0.060916,0.018917
0.83689,-0.019932,0.029707,0.54619,0.047224,-0.060914,0.018917
0.83689,-0.019932,0.029707,0.54619,0.047224,-0.060914,0.018917
0.83689,-0.019932,0.029707,0.54619,0.047224,-0.060914,0.018917
0.83689,-0.019932,0.029707,0.54619,0.047224,-0.060914,0.018917
0.83689,-0.019932,0.029707,0.54619,0.047224,-0.060914,0.018917
0.83689,-0.019932,0.029707,0.54619,0.047221,-0.060913,0.018918
0.83689,-0.019932,0.029707,0.54619,0.047221,-0.060913,0.018918
0.83689,-0.019932,0.029707,0.54619,0.047222,-0.060913,0.018918
0.83689,-0.019932,0.029707,0.54619,0.047222,-0.060913,0.018918
0.83689,-0.019932,0.029707,0.54619,0.047222,-0.060912,0.018917
0.83689,-0.019932,0.029707,0.54619,0.047219,-0.060911,0.018918
0.83689,-0.019932,0.029707,0.54619,0.047219,-0.060911,0.018918
0.83689,-0.019932,0.029707,0.54619,0.047219,-0.060911,0.018918
0.83689,-0.019932,0.029707,0.54619,0.047219,-0.060911,0.018918
0.83689,-0.019932,0.029707,0.54619,0.047219,-0.060911,0.018918
0.83689,-0.019932,0.029707,0.54619,0.047217,-0.060909,0.018918
0.83689,-0.019932,0.029707,0.54619,0.047217,-0.060909,0.018918
0.83689,-0.019932,0.029707,0.54619,0.047217,-0.060909,0.018918
0.83689,-0.019932,0.029707,0.54619,0.047217,-0.060909,0.018918
0.83689,-0.019932,0.029707,0.54619,0.047217,-0.060909,0.018918
0.83689,-0.019932,0.029707,0.54619,0.047214,-0.060907,0.018918
0.83689,-0.019932,0.029707,0.54619,0.047214,-0.060907,0.018918
0.83689,-0.019932,0.029707,0.54619,0.047214,-0.060907,0.018918
0.83689,-0.019932,0.029707,0.54619,0.047214,-0.060907,0.018918
0.83689,-0.019932,0.029707,0.54619,0.047214,-0.060907,0.018918
0.83689,-0.019932,0.029707,0.54619,0.047212,-0.060905,0.018918
0.83689,-0.019932,0.029707,0.54619,0.047212,-0.060905,0.018918
0.83689,-0.019932,0.029707,0.54619,0.047212,-0.060905,0.018918
0.83689,-0.019932,0.029707,0.54619,0.047212,-0.060905,0.018918
0.83689,-0.019932,0.029707,0.54619,0.047212,-0.060905,0.018918
0.83689,-0.019932,0.029707,0.54619,0.04721,-0.060904,0.018918
0.83689,-0.019932,0.029707,0.54619,0.04721,-0.060904,0.018918
0.83689,-0.019932,0.029707,0.54619,0.04721,-0.060904,0.018918
0.83689,-0.019932,0.029707,0.54619,0.04721,-0.060904,0.018918
0.83689,-0.019932,0.029707,0.54619,0.04721,-0.060904,0.018918
0.83689,-0.019932,0.029707,0.54619,0.047207,-0.060902,0.018918
0.83689,-0.019932,0.029707,0.54619,0.047207,-0.060902,0.018918
0.83689,-0.019932,0.029707,0.54619,0.047207,-0.060902,0.018918
0.83689,-0.019932,0.029707,0.54619,0.047207,-0.060902,0.018918
0.83689,-0.019932,0.029707,0.54619,0.047207,-0.060902,0.018918
0.83689,-0.019932,0.029707,0.54619,0.047205,-0.0609,0.018918
0.83689,-0.019932,0.029707,0.54619,0.047205,-0.0609,0.018918
0.83689,-0.019932,0.029707,0.54619,0.047205,-0.0609,0.018918
0.83689,-0.019932,0.029707,0.54619,0.047205,-0.0609,0.018918
0.83689,-0.019932,0.029707,0.54619,0.047205,-0.0609,0.018918
0.83689,-0.019932,0.029707,0.54619,0.047203,-0.060898,0.018918
0.83689,-0.019932,0.029707,0.54619,0.047203,-0.060898,0.018918
0.83689,-0.019932,0.029707,0.54619,0.047203,-0.060898,0.018918
0.83689,-0.019932,0.029707,0.54619,0.047203,-0.060898,0.018918
0.83689,-0.019932,0.029707,0.54619,0.047203,-0.060898,0.018918
0.83689,-0.019932,0.029707,0.54619,0.0472,-0.060896,0.018918
0.83689,-0.019932,0.029707,0.54619,0.0472,-0.060896,0.018918
0.83689,-0.019932,0.029707,0.54619,0.0472,-0.060896,0.018918
0.83689,-0.019932,0.029707,0.54619,0.0472,-0.060896,0.018918
0.83689,-0.019932,0.029707,0.54619,0.0472,-0.060896,0.018918
0.83689,-0.019932,0.029707,0.54619,0.047198,-0.060895,0.018918
0.83689,-0.019932,0.029707,0.54619,0.047198,-0.060895,0.018918
0.83689,-0.019932,0.029707,0.54619,0.047198,-0.060895,0.018918
0.83689,-0.019932,0.029707,0.54619,0.047198,-0.060895,0.018918
0.83689,-0.019932,0.029707,0.54619,0.047198,-0.060895,0.018918
0.83689,-0.019932,0.029707,0.54619,0.047196,-0.060893,0.018918
0.83689,-0.019932,0.029707,0.54619,0.047196,-0.060893,0.018918
0.83689,-0.019932,0.029707,0.54619,0.047196,-0.060893,0.018918
0.83689,-0.019932,0.029707,0.54619,0.047196,-0.060893,0.018918
0.83689,-0.019932,0.029707,0.54619,0.047196,-0.060893,0.018918
0.83689,-0.019932,0.029707,0.54619,0.047193,-0.060891,0.018919
0.83689,-0.019932,0.029707,0.54619,0.047193,-0.060891,0.018919
0.83689,-0.019932,0.029707,0.54619,0.047193,-0.060891,0.018919
0.83689,-0.019932,0.029707,0.54619,0.047193,-0.060891,0.018919
0.83689,-0.019932,0.029707,0.54619,0.047193,-0.060891,0.018919
0.83689,-0.019932,0.029707,0.54619,0.047191,-0.060889,0.018919
0.83689,-0.019932,0.029707,0.54619,0.047191,-0.060889,0.018919
0.83689,-0.019932,0.029707,0.54619,0.047191,-0.060889,0.018919
0.83689,-0.019932,0.029707,0.54619,0.047191,-0.060889,0.018919
0.83689,-0.019932,0.029707,0.54619,0.047191,-0.060889,0.018919
0.83689,-0.019932,0.029707,0.54619,0.047188,-0.060888,0.018919
0.83689,-0.019932,0.029707,0.54619,0.047189,-0.060888,0.018919
0.83689,-0.019932,0.029707,0.54619,0.047189,-0.060888,0.018919
0.83689,-0.019932,0.029707,0.54619,0.047189,-0.060888,0.018919
0.83689,-0.019932,0.029707,0.54619,0.047189,-0.060888,0.018919
0.83689,-0.019932,0.029707,0.54619,0.047186,-0.060886,0.018919
0.83689,-0.019932,0.029707,0.54619,0.047186,-0.060886,0.018919
0.83689,-0.019932,0.029707,0.54619,0.047186,-0.060886,0.018919
0.83689,-0.019932,0.029707,0.54619,0.047186,-0.060886,0.018919
0.83689,-0.019932,0.029707,0.54619,0.047186,-0.060886,0.018919
0.83689,-0.019932,0.029707,0.54619,0.047184,-0.060884,0.018919
0.83689,-0.019932,0.029707,0.54619,0.047184,-0.060884,0.018919
0.83689,-0.019932,0.029707,0.54619,0.047184,-0.060884,0.018919
0.83689,-0.019932,0.029707,0.54619,0.047184,-0.060884,0.018919
0.83689,-0.019932,0.029707,0.54619,0.047184,-0.060884,0.018919
0.83689,-0.019932,0.029707,0.54619,0.047181,-0.060882,0.018919
0.83689,-0.019932,0.029707,0.54619,0.047182,-0.060882,0.018919
0.83689,-0.019932,0.029707,0.54619,0.047182,-0.060882,0.018919
0.83689,-0.019932,0.029707,0.54619,0.047182,-0.060882,0.018919
0.83689,-0.019932,0.029707,0.54619,0.047182,-0.060882,0.018919
0.83689,-0.019932,0.029707,0.54619,0.047179,-0.060881,0.018919
0.83689,-0.019932,0.029707,0.54619,0.047179,-0.06088,0.018919
0.83689,-0.019932,0.029707,0.54619,0.047179,-0.06088,0.018919
0.83689,-0.019932,0.029707,0.54619,0.047179,-0.06088,0.018919
0.83689,-0.019932,0.029707,0.54619,0.047179,-0.06088,0.018919
0.83689,-0.019932,0.029707,0.54619,0.047177,-0.060879,0.018919
0.83689,-0.019932,0.029707,0.54619,0.047177,-0.060879,0.018919
0.83689,-0.019932,0.029707,0.54619,0.047177,-0.060879,0.018919
0.83689,-0.019932,0.029707,0.54619,0.047177,-0.060879,0.018919
0.83689,-0.019932,0.029707,0.54619,0.047177,-0.060879,0.018919
0.83689,-0.019932,0.029707,0.54619,0.047174,-0.060877,0.018919
0.83689,-0.019932,0.029707,0.54619,0.047175,-0.060877,0.018919
0.83689,-0.019932,0.029707,0.54619,0.047175,-0.060877,0.018919
0.83689,-0.019932,0.029707,0.54619,0.047175,-0.060877,0.018919
0.83689,-0.019932,0.029707,0.54619,0.047175,-0.060877,0.018919
0.83689,-0.019932,0.029707,0.54619,0.047172,-0.060875,0.01892
0.83689,-0.019932,0.029707,0.54619,0.047172,-0.060875,0.01892
0.83689,-0.019932,0.029707,0.54619,0.047172,-0.060875,0.01892
0.83689,-0.019932,0.029707,0.54619,0.047172,-0.060875,0.01892
0.83689,-0.019932,0.029707,0.54619,0.047172,-0.060875,0.01892
0.83689,-0.019932,0.029707,0.54619,0.04717,-0.060873,0.01892
0.83689,-0.019932,0.029707,0.54619,0.04717,-0.060873,0.01892
0.83689,-0.019932,0.029707,0.54619,0.04717,-0.060873,0.01892
0.83689,-0.019932,0.029707,0.54619,0.04717,-0.060873,0.01892
0.83689,-0.019932,0.029707,0.54619,0.04717,-0.060873,0.01892
0.83689,-0.019932,0.029707,0.54619,0.047168,-0.060872,0.01892
0.83689,-0.019932,0.029707,0.54619,0.047168,-0.060872,0.01892
0.83689,-0.019932,0.029707,0.54619,0.047168,-0.060872,0.01892
0.83689,-0.019932,0.029707,0.54619,0.047168,-0.060872,0.01892
0.83689,-0.019932,0.029707,0.54619,0.047168,-0.060872,0.01892
0.83689,-0.019932,0.029707,0.54619,0.047165,-0.06087,0.01892
0.83689,-0.019932,0.029707,0.54619,0.047165,-0.06087,0.01892
0.83689,-0.019932,0.029707,0.54619,0.047165,-0.06087,0.01892
0.83689,-0.019932,0.029707,0.54619,0.047165,-0.06087,0.01892
0.83689,-0.019932,0.029707,0.54619,0.047165,-0.06087,0.01892
0.83689,-0.019932,0.029707,0.54619,0.047163,-0.060868,0.01892
0.83689,-0.019932,0.029707,0.54619,0.047163,-0.060868,0.01892
0.83689,-0.019932,0.029707,0.54619,0.047163,-0.060868,0.01892
0.83689,-0.019932,0.029707,0.54619,0.047163,-0.060868,0.01892
0.83689,-0.019932,0.029707,0.54619,0.047163,-0.060868,0.01892
0.83689,-0.019932,0.029707,0.54619,0.047161,-0.060866,0.01892
0.83689,-0.019932,0.029707,0.54619,0.047161,-0.060866,0.01892
0.83689,-0.019932,0.029707,0.54619,0.047161,-0.060866,0.01892
0.83689,-0.019932,0.029707,0.54619,0.047161,-0.060866,0.01892
0.83689,-0.019932,0.029707,0.54619,0.047161,-0.060866,0.01892
0.83689,-0.019932,0.029707,0.54619,0.047158,-0.060865,0.01892
0.83689,-0.019932,0.029707,0.54619,0.047158,-0.060865,0.01892
0.83689,-0.019932,0.029707,0.54619,0.047158,-0.060865,0.01892
0.83689,-0.019932,0.029707,0.54619,0.047158,-0.060865,0.01892
0.83689,-0.019932,0.029707,0.54619,0.047159,-0.060865,0.01892
0.83689,-0.019932,0.029707,0.54619,0.047156,-0.060863,0.01892
0.83689,-0.019932,0.029707,0.54619,0.047156,-0.060863,0.01892
0.83689,-0.019932,0.029707,0.54619,0.047156,-0.060863,0.01892
0.83689,-0.019932,0.029707,0.54619,0.047156,-0.060863,0.01892
0.83689,-0.019932,0.029707,0.54619,0.047156,-0.060863,0.01892
0.83689,-0.019932,0.029707,0.54619,0.047154,-0.060861,0.01892
0.83689,-0.019932,0.029707,0.54619,0.047154,-0.060861,0.01892
0.83689,-0.019932,0.029707,0.54619,0.047154,-0.060861,0.01892
0.83689,-0.019932,0.029707,0.54619,0.047154,-0.060861,0.01892
0.83689,-0.019932,0.029707,0.54619,0.047154,-0.060861,0.01892
0.83689,-0.019932,0.029707,0.54619,0.047152,-0.060859,0.01892
0.83689,-0.019932,0.029707,0.54619,0.047152,-0.060859,0.01892
0.83689,-0.019932,0.029707,0.54619,0.047152,-0.060859,0.01892
0.83689,-0.019932,0.029707,0.54619,0.047152,-0.060859,0.01892
0.83689,-0.019932,0.029707,0.54619,0.047152,-0.060859,0.01892
0.83689,-0.019932,0.029707,0.54619,0.047149,-0.060858,0.018921
0.83689,-0.019932,0.029707,0.54619,0.047149,-0.060858,0.018921
0.83689,-0.019932,0.029707,0.54619,0.047149,-0.060858,0.018921
0.83689,-0.019932,0.029707,0.54619,0.047149,-0.060858,0.018921
0.83689,-0.019932,0.029707,0.54619,0.047149,-0.060858,0.018921
0.83689,-0.019932,0.029707,0.54619,0.047147,-0.060856,0.018921
0.83689,-0.019932,0.029707,0.54619,0.047147,-0.060856,0.018921
0.83689,-0.019932,0.029707,0.54619,0.047147,-0.060856,0.018921
0.83689,-0.019932,0.029707,0.54619,0.047147,-0.060856,0.018921
0.83689,-0.019932,0.029707,0.54619,0.047147,-0.060856,0.018921
0.83689,-0.019932,0.029707,0.54619,0.047145,-0.060854,0.018921
0.83689,-0.019932,0.029707,0.54619,0.047145,-0.060854,0.018921
0.83689,-0.019932,0.029707,0.54619,0.047145,-0.060854,0.018921
0.83689,-0.019932,0.029707,0.54619,0.047145,-0.060854,0.018921
0.83689,-0.019932,0.029707,0.54619,0.047145,-0.060854,0.018921
0.83689,-0.019932,0.029707,0.54619,0.047143,-0.060852,0.018921
0.83689,-0.019932,0.029707,0.54619,0.047143,-0.060852,0.018921
0.83689,-0.019932,0.029707,0.54619,0.047143,-0.060852,0.018921
0.83689,-0.019932,0.029707,0.54619,0.047143,-0.060852,0.018921
0.83689,-0.019932,0.029707,0.54619,0.047143,-0.060852,0.018921
0.83689,-0.019932,0.029707,0.54619,0.04714,-0.060851,0.018921
0.83689,-0.019932,0.029707,0.54619,0.04714,-0.060851,0.018921
0.83689,-0.019932,0.029707,0.54619,0.04714,-0.060851,0.018921
0.83689,-0.019932,0.029707,0.54619,0.04714,-0.060851,0.018921
0.83689,-0.019932,0.029707,0.54619,0.04714,-0.060851,0.018921
0.83689,-0.019932,0.029707,0.54619,0.047138,-0.060849,0.018921
0.83689,-0.019932,0.029707,0.54619,0.047138,-0.060849,0.018921
0.83689,-0.019932,0.029707,0.54619,0.047138,-0.060849,0.018921
0.83689,-0.019932,0.029707,0.54619,0.047138,-0.060849,0.018921
0.83689,-0.019932,0.029707,0.54619,0.047138,-0.060849,0.018921
0.83689,-0.019932,0.029707,0.54619,0.047136,-0.060847,0.018921
0.83689,-0.019932,0.029707,0.54619,0.047136,-0.060847,0.018921
0.83689,-0.019932,0.029707,0.54619,0.047136,-0.060847,0.018921
0.83689,-0.019932,0.029707,0.54619,0.047136,-0.060847,0.018921
0.83689,-0.019932,0.029707,0.54619,0.047136,-0.060847,0.018921
0.83689,-0.019932,0.029707,0.54619,0.047134,-0.060845,0.018921
0.83689,-0.019932,0.029707,0.54619,0.047134,-0.060845,0.018921
0.83689,-0.019932,0.029707,0.54619,0.047134,-0.060845,0.018921
0.83689,-0.019932,0.029707,0.54619,0.047134,-0.060845,0.018921
0.83689,-0.019932,0.029707,0.54619,0.047134,-0.060845,0.018921
0.83689,-0.019932,0.029707,0.54619,0.047131,-0.060844,0.018921
0.83689,-0.019932,0.029707,0.54619,0.047131,-0.060844,0.018921
0.83689,-0.019932,0.029707,0.54619,0.047131,-0.060843,0.018921
0.83689,-0.019932,0.029707,0.54619,0.047131,-0.060843,0.018921
0.83689,-0.019932,0.029707,0.54619,0.047131,-0.060843,0.018921
0.83689,-0.019932,0.029707,0.54619,0.047129,-0.060842,0.018921
0.83689,-0.019932,0.029707,0.54619,0.047129,-0.060842,0.018921
0.83689,-0.019932,0.029707,0.54619,0.047129,-0.060842,0.018921
0.83689,-0.019932,0.029707,0.54619,0.047129,-0.060842,0.018921
0.83689,-0.019932,0.029707,0.54619,0.047129,-0.060842,0.018921
0.83689,-0.019932,0.029707,0.54619,0.047127,-0.06084,0.018921
0.83689,-0.019932,0.029707,0.54619,0.047127,-0.06084,0.018921
0.83689,-0.019932,0.029707,0.54619,0.047127,-0.06084,0.018921
0.83689,-0.019932,0.029707,0.54619,0.047127,-0.06084,0.018921
0.83689,-0.019932,0.029707,0.54619,0.047127,-0.06084,0.018921
0.83689,-0.019932,0.029707,0.54619,0.047125,-0.060838,0.018921
0.83689,-0.019932,0.029707,0.54619,0.047125,-0.060838,0.018921
0.83689,-0.019932,0.029707,0.54619,0.047125,-0.060838,0.018921
0.83689,-0.019932,0.029707,0.54619,0.047125,-0.060838,0.018921
0.83689,-0.019932,0.029707,0.54619,0.047125,-0.060838,0.018921
0.83689,-0.019932,0.029707,0.54619,0.047122,-0.060836,0.018921
0.83689,-0.019932,0.029707,0.54619,0.047122,-0.060836,0.018921
0.83689,-0.019932,0.029707,0.54619,0.047122,-0.060836,0.018921
0.83689,-0.019932,0.029707,0.54619,0.047122,-0.060836,0.018921
0.83689,-0.019932,0.029707,0.54619,0.047122,-0.060836,0.018921
0.83689,-0.019932,0.029707,0.54619,0.04712,-0.060835,0.018922
0.83689,-0.019932,0.029707,0.54619,0.04712,-0.060835,0.018922
0.83689,-0.019932,0.029707,0.54619,0.04712,-0.060835,0.018922
0.83689,-0.019932,0.029707,0.54619,0.04712,-0.060835,0.018922
0.83689,-0.019932,0.029707,0.54619,0.04712,-0.060835,0.018922
0.83689,-0.019932,0.029707,0.54619,0.047118,-0.060833,0.018922
0.83689,-0.019932,0.029707,0.54619,0.047118,-0.060833,0.018922
0.83689,-0.019932,0.029707,0.54619,0.047118,-0.060833,0.018922
0.83689,-0.019932,0.029707,0.54619,0.047118,-0.060833,0.018922
0.83689,-0.019932,0.029707,0.54619,0.047118,-0.060833,0.018922
0.83689,-0.019932,0.029707,0.54619,0.047116,-0.060831,0.018922
0.83689,-0.019932,0.029707,0.54619,0.047116,-0.060831,0.018922
0.83689,-0.019932,0.029707,0.54619,0.047116,-0.060831,0.018922
0.83689,-0.019932,0.029707,0.54619,0.047116,-0.060831,0.018922
0.83689,-0.019932,0.029707,0.54619,0.047116,-0.060831,0.018922
0.83689,-0.019932,0.029707,0.54619,0.047113,-0.060829,0.018922
0.83689,-0.019932,0.029707,0.54619,0.047113,-0.060829,0.018922
0.83689,-0.019932,0.029707,0.54619,0.047114,-0.060829,0.018922
0.83689,-0.019932,0.029707,0.54619,0.047114,-0.060829,0.018922
0.83689,-0.019932,0.029707,0.54619,0.047114,-0.060829,0.018922
0.83689,-0.019932,0.029707,0.54619,0.047111,-0.060828,0.018922
0.83689,-0.019932,0.029707,0.54619,0.047111,-0.060828,0.018922
0.83689,-0.019932,0.029707,0.54619,0.047111,-0.060828,0.018922
0.83689,-0.019932,0.029707,0.54619,0.047111,-0.060828,0.018922
0.83689,-0.019932,0.029707,0.54619,0.047111,-0.060828,0.018922
0.83689,-0.019932,0.029707,0.54619,0.047109,-0.060826,0.018922
0.83689,-0.019932,0.029707,0.54619,0.047109,-0.060826,0.018922
0.83689,-0.019932,0.029707,0.54619,0.047109,-0.060826,0.018922
0.83689,-0.019932,0.029707,0.54619,0.047109,-0.060826,0.018922
0.83689,-0.019932,0.029707,0.54619,0.047109,-0.060826,0.018922
0.83689,-0.019932,0.029707,0.54619,0.047107,-0.060824,0.018922
0.83689,-0.019932,0.029707,0.54619,0.047107,-0.060824,0.018922
0.83689,-0.019932,0.029707,0.54619,0.047107,-0.060824,0.018922
0.83689,-0.019932,0.029707,0.54619,0.047107,-0.060824,0.018922
0.83689,-0.019932,0.029707,0.54619,0.047107,-0.060824,0.018922
0.83689,-0.019932,0.029707,0.54619,0.047105,-0.060822,0.018922
0.83689,-0.019932,0.029707,0.54619,0.047105,-0.060822,0.018922
0.83689,-0.019932,0.029707,0.54619,0.047105,-0.060822,0.018922
0.83689,-0.019932,0.029707,0.54619,0.047105,-0.060822,0.018922
0.83689,-0.019932,0.029707,0.54619,0.047105,-0.060822,0.018922
0.83689,-0.019932,0.029707,0.54619,0.047102,-0.060821,0.018922
0.83689,-0.019932,0.029707,0.54619,0.047102,-0.060821,0.018922
0.83689,-0.019932,0.029707,0.54619,0.047102,-0.060821,0.018922
0.83689,-0.019932,0.029707,0.54619,0.047103,-0.060821,0.018922
0.83689,-0.019932,0.029707,0.54619,0.047103,-0.060821,0.018922
0.83689,-0.019932,0.029707,0.54619,0.0471,-0.060819,0.018922
0.83689,-0.019932,0.029707,0.54619,0.0471,-0.060819,0.018922
0.83689,-0.019932,0.029707,0.54619,0.0471,-0.060819,0.018922
0.83689,-0.019932,0.029707,0.54619,0.0471,-0.060819,0.018922
0.83689,-0.019932,0.029707,0.54619,0.0471,-0.060819,0.018922
0.83689,-0.019932,0.029707,0.54619,0.047098,-0.060817,0.018922
0.83689,-0.019932,0.029707,0.54619,0.047098,-0.060817,0.018922
0.83689,-0.019932,0.029707,0.54619,0.047098,-0.060817,0.018922
0.83689,-0.019932,0.029707,0.54619,0.047098,-0.060817,0.018922
0.83689,-0.019932,0.029707,0.54619,0.047098,-0.060817,0.018922
0.83689,-0.019932,0.029707,0.54619,0.047096,-0.060815,0.018922
0.83689,-0.019932,0.029707,0.54619,0.047096,-0.060815,0.018922
0.83689,-0.019932,0.029707,0.54619,0.047096,-0.060815,0.018922
0.83689,-0.019932,0.029707,0.54619,0.047096,-0.060815,0.018922
0.83689,-0.019932,0.029707,0.54619,0.047096,-0.060815,0.018922
0.83689,-0.019932,0.029707,0.54619,0.047094,-0.060814,0.018922
0.83689,-0.019932,0.029707,0.54619,0.047094,-0.060813,0.018922
0.83689,-0.019932,0.029707,0.54619,0.047094,-0.060813,0.018922
0.83689,-0.019932,0.029707,0.54619,0.047094,-0.060813,0.018922
0.83689,-0.019932,0.029707,0.54619,0.047094,-0.060813,0.018922
0.83689,-0.019932,0.029707,0.54619,0.047092,-0.060812,0.018922
0.83689,-0.019932,0.029707,0.54619,0.047092,-0.060812,0.018922
