0.45748,-0.0054057,0.014876,0.88908,-0.014019,0.081905,0.044789
0.45748,-0.0054057,0.014876,0.88908,-0.014019,0.081905,0.044789
0.45748,-0.0054057,0.014876,0.88908,-0.014019,0.081905,0.044789
0.45748,-0.0054057,0.014876,0.88908,-0.014019,0.081905,0.044789
0.45748,-0.0054057,0.014876,0.88908,-0.014019,0.081905,0.044789
0.45748,-0.0054057,0.014876,0.88908,-0.014019,0.081905,0.044789
0.45748,-0.0054057,0.014876,0.88908,-0.014019,0.081905,0.044789
0.45748,-0.0054057,0.014876,0.88908,-0.014022,0.081907,0.044789
0.45748,-0.0054057,0.014876,0.88908,-0.014022,0.081907,0.044789
0.45748,-0.0054057,0.014876,0.88908,-0.014022,0.081907,0.044789
0.45748,-0.0054057,0.014876,0.88908,-0.014022,0.081907,0.044789
0.45748,-0.0054057,0.014876,0.88908,-0.014022,0.081907,0.044789
0.45748,-0.0054057,0.014876,0.88908,-0.014024,0.081909,0.044789
0.45748,-0.0054057,0.014876,0.88908,-0.014024,0.081909,0.044789
0.45748,-0.0054057,0.014876,0.88908,-0.014024,0.081909,0.044789
0.45748,-0.0054057,0.014876,0.88908,-0.014024,0.081909,0.044789
0.45748,-0.0054057,0.014876,0.88908,-0.014024,0.081909,0.044789
0.45748,-0.0054057,0.014876,0.88908,-0.014027,0.081911,0.044789
0.45748,-0.0054057,0.014876,0.88908,-0.014027,0.081911,0.044789
0.45748,-0.0054057,0.014876,0.88908,-0.014027,0.081911,0.044789
0.45748,-0.0054057,0.014876,0.88908,-0.014027,0.081911,0.044789
0.45748,-0.0054057,0.014876,0.88908,-0.014027,0.081911,0.044789
0.45748,-0.0054057,0.014876,0.88908,-0.01403,0.081913,0.04479
0.45748,-0.0054057,0.014876,0.88908,-0.01403,0.081913,0.04479
0.45748,-0.0054057,0.014876,0.88908,-0.01403,0.081913,0.04479
0.45748,-0.0054057,0.014876,0.88908,-0.01403,0.081913,0.044789
0.45748,-0.0054057,0.014876,0.88908,-0.01403,0.081913,0.044789
0.45748,-0.0054057,0.014876,0.88908,-0.014033,0.081915,0.04479
0.45748,-0.0054057,0.014876,0.88908,-0.014033,0.081915,0.04479
0.45748,-0.0054057,0.014876,0.88908,-0.014033,0.081915,0.04479
0.45748,-0.0054057,0.014876,0.88908,-0.014033,0.081915,0.04479
0.45748,-0.0054057,0.014876,0.88908,-0.014033,0.081915,0.04479
0.45748,-0.0054057,0.014876,0.88908,-0.014035,0.081917,0.04479
0.45748,-0.0054057,0.014876,0.88908,-0.014035,0.081917,0.04479
0.45748,-0.0054057,0.014876,0.88908,-0.014035,0.081917,0.04479
0.45748,-0.0054057,0.014876,0.88908,-0.014035,0.081917,0.04479
0.45748,-0.0054057,0.014876,0.88908,-0.014035,0.081917,0.04479
0.45748,-0.0054057,0.014876,0.88908,-0.014038,0.081919,0.04479
0.45748,-0.0054057,0.014876,0.88908,-0.014038,0.081919,0.04479
0.45748,-0.0054057,0.014876,0.88908,-0.014038,0.081919,0.04479
0.45748,-0.0054057,0.014876,0.88908,-0.014038,0.081919,0.04479
0.45748,-0.0054057,0.014876,0.88908,-0.014038,0.081919,0.04479
0.45748,-0.0054057,0.014876,0.88908,-0.014041,0.081921,0.04479
0.45748,-0.0054057,0.014876,0.88908,-0.014041,0.081921,0.04479
0.45748,-0.0054057,0.014876,0.88908,-0.014041,0.081921,0.04479
0.45748,-0.0054057,0.014876,0.88908,-0.014041,0.081921,0.04479
0.45748,-0.0054057,0.014876,0.88908,-0.014041,0.081921,0.04479
0.45748,-0.0054057,0.014876,0.88908,-0.014044,0.081923,0.04479
0.45748,-0.0054057,0.014876,0.88908,-0.014044,0.081923,0.04479
0.45748,-0.0054057,0.014876,0.88908,-0.014044,0.081923,0.04479
0.45748,-0.0054057,0.014876,0.88908,-0.014044,0.081923,0.04479
0.45748,-0.0054057,0.014876,0.88908,-0.014044,0.081923,0.04479
0.45748,-0.0054057,0.014876,0.88908,-0.014046,0.081925,0.04479
0.45748,-0.0054057,0.014876,0.88908,-0.014046,0.081925,0.04479
0.45748,-0.0054057,0.014876,0.88908,-0.014046,0.081925,0.04479
0.45748,-0.0054057,0.014876,0.88908,-0.014046,0.081925,0.04479
0.45748,-0.0054057,0.014876,0.88908,-0.014046,0.081925,0.04479
0.45748,-0.0054057,0.014876,0.88908,-0.014049,0.081927,0.04479
0.45748,-0.0054057,0.014876,0.88908,-0.014049,0.081927,0.04479
0.45748,-0.0054057,0.014876,0.88908,-0.014049,0.081927,0.04479
0.45748,-0.0054057,0.014876,0.88908,-0.014049,0.081927,0.04479
0.45748,-0.0054057,0.014876,0.88908,-0.014049,0.081927,0.04479
0.45748,-0.0054057,0.014876,0.88908,-0.014052,0.081929,0.044791
0.45748,-0.0054057,0.014876,0.88908,-0.014052,0.081929,0.044791
0.45748,-0.0054057,0.014876,0.88908,-0.014052,0.081929,0.044791
0.45748,-0.0054057,0.014876,0.88908,-0.014052,0.081929,0.044791
0.45748,-0.0054057,0.014876,0.88908,-0.014052,0.081929,0.044791
0.45748,-0.0054057,0.014876,0.88908,-0.014054,0.081931,0.044791
0.45748,-0.0054057,0.014876,0.88908,-0.014054,0.081931,0.044791
0.45748,-0.0054057,0.014876,0.88908,-0.014054,0.081931,0.044791
0.45748,-0.0054057,0.014876,0.88908,-0.014054,0.081931,0.044791
0.45748,-0.0054057,0.014876,0.88908,-0.014054,0.081931,0.044791
0.45748,-0.0054057,0.014876,0.88908,-0.014057,0.081933,0.044791
0.45748,-0.0054057,0.014876,0.88908,-0.014057,0.081933,0.044791
0.45748,-0.0054057,0.014876,0.88908,-0.014057,0.081933,0.044791
0.45748,-0.0054057,0.014876,0.88908,-0.014057,0.081933,0.044791
0.45748,-0.0054057,0.014876,0.88908,-0.014057,0.081933,0.044791
0.45748,-0.0054057,0.014876,0.88908,-0.01406,0.081935,0.044791
0.45748,-0.0054057,0.014876,0.88908,-0.01406,0.081935,0.044791
0.45748,-0.0054057,0.014876,0.88908,-0.01406,0.081935,0.044791
0.45748,-0.0054057,0.014876,0.88908,-0.01406,0.081935,0.044791
0.45748,-0.0054057,0.014876,0.88908,-0.01406,0.081935,0.044791
0.45748,-0.0054057,0.014876,0.88908,-0.014062,0.081937,0.044791
0.45748,-0.0054057,0.014876,0.88908,-0.014062,0.081937,0.044791
0.45748,-0.0054057,0.014876,0.88908,-0.014062,0.081937,0.044791
0.45748,-0.0054057,0.014876,0.88908,-0.014062,0.081937,0.044791
0.45748,-0.0054057,0.014876,0.88908,-0.014062,0.081937,0.044791
0.45748,-0.0054057,0.014876,0.88908,-0.014065,0.081939,0.044791
0.45748,-0.0054057,0.014876,0.88908,-0.014065,0.081939,0.044791
0.45748,-0.0054057,0.014876,0.88908,-0.014065,0.081939,0.044791
0.45748,-0.0054057,0.014876,0.88908,-0.014065,0.081939,0.044791
0.45748,-0.0054057,0.014876,0.88908,-0.014065,0.081939,0.044791
0.45748,-0.0054057,0.014876,0.88908,-0.014068,0.081941,0.044791
0.45748,-0.0054057,0.014876,0.88908,-0.014068,0.081941,0.044791
0.45748,-0.0054057,0.014876,0.88908,-0.014068,0.081941,0.044791
0.45748,-0.0054057,0.014876,0.88908,-0.014068,0.081941,0.044791
0.45748,-0.0054057,0.014876,0.88908,-0.014068,0.081941,0.044791
0.45748,-0.0054057,0.014876,0.88908,-0.014071,0.081943,0.044791
0.45748,-0.0054057,0.014876,0.88908,-0.014071,0.081943,0.044791
0.45748,-0.0054057,0.014876,0.88908,-0.01407,0.081943,0.044791
0.45748,-0.0054057,0.014876,0.88908,-0.01407,0.081943,0.044791
0.45748,-0.0054057,0.014876,0.88908,-0.01407,0.081943,0.044791
0.45748,-0.0054057,0.014876,0.88908,-0.014073,0.081945,0.044791
0.45748,-0.0054057,0.014876,0.88908,-0.014073,0.081945,0.044791
0.45748,-0.0054057,0.014876,0.88908,-0.014073,0.081945,0.044791
0.45748,-0.0054057,0.014876,0.88908,-0.014073,0.081945,0.044791
0.45748,-0.0054057,0.014876,0.88908,-0.014073,0.081945,0.044791
0.45748,-0.0054057,0.014876,0.88908,-0.014076,0.081947,0.044791
0.45748,-0.0054057,0.014876,0.88908,-0.014076,0.081947,0.044791
0.45748,-0.0054057,0.014876,0.88908,-0.014076,0.081947,0.044791
0.45748,-0.0054057,0.014876,0.88908,-0.014076,0.081947,0.044791
0.45748,-0.0054057,0.014876,0.88908,-0.014076,0.081947,0.044791
0.45748,-0.0054057,0.014876,0.88908,-0.014079,0.081949,0.044791
0.45748,-0.0054057,0.014876,0.88908,-0.014079,0.081949,0.044791
0.45748,-0.0054057,0.014876,0.88908,-0.014078,0.081949,0.044791
0.45748,-0.0054057,0.014876,0.88908,-0.014078,0.081949,0.044791
0.45748,-0.0054057,0.014876,0.88908,-0.014078,0.081949,0.044791
0.45748,-0.0054057,0.014876,0.88908,-0.014081,0.08195,0.044792
0.45748,-0.0054057,0.014876,0.88908,-0.014081,0.081951,0.044792
0.45748,-0.0054057,0.014876,0.88908,-0.014081,0.081951,0.044792
0.45748,-0.0054057,0.014876,0.88908,-0.014081,0.081951,0.044792
0.45748,-0.0054057,0.014876,0.88908,-0.014081,0.081951,0.044792
0.45748,-0.0054057,0.014876,0.88908,-0.014084,0.081952,0.044792
0.45748,-0.0054057,0.014876,0.88908,-0.014084,0.081952,0.044792
0.45748,-0.0054057,0.014876,0.88908,-0.014084,0.081952,0.044792
0.45748,-0.0054057,0.014876,0.88908,-0.014084,0.081952,0.044792
0.45748,-0.0054057,0.014876,0.88908,-0.014084,0.081952,0.044792
0.45748,-0.0054057,0.014876,0.88908,-0.014086,0.081954,0.044792
0.45748,-0.0054057,0.014876,0.88908,-0.014086,0.081954,0.044792
0.45748,-0.0054057,0.014876,0.88908,-0.014086,0.081954,0.044792
0.45748,-0.0054057,0.014876,0.88908,-0.014086,0.081954,0.044792
0.45748,-0.0054057,0.014876,0.88908,-0.014086,0.081954,0.044792
0.45748,-0.0054057,0.014876,0.88908,-0.014089,0.081956,0.044792
0.45748,-0.0054057,0.014876,0.88908,-0.014089,0.081956,0.044792
0.45748,-0.0054057,0.014876,0.88908,-0.014089,0.081956,0.044792
0.45748,-0.0054057,0.014876,0.88908,-0.014089,0.081956,0.044792
0.45748,-0.0054057,0.014876,0.88908,-0.014089,0.081956,0.044792
0.45748,-0.0054057,0.014876,0.88908,-0.014092,0.081958,0.044792
0.45748,-0.0054057,0.014876,0.88908,-0.014092,0.081958,0.044792
0.45748,-0.0054057,0.014876,0.88908,-0.014092,0.081958,0.044792
0.45748,-0.0054057,0.014876,0.88908,-0.014092,0.081958,0.044792
0.45748,-0.0054057,0.014876,0.88908,-0.014092,0.081958,0.044792
0.45748,-0.0054057,0.014876,0.88908,-0.014094,0.08196,0.044792
0.45748,-0.0054057,0.014876,0.88908,-0.014094,0.08196,0.044792
0.45748,-0.0054057,0.014876,0.88908,-0.014094,0.08196,0.044792
0.45748,-0.0054057,0.014876,0.88908,-0.014094,0.08196,0.044792
0.45748,-0.0054057,0.014876,0.88908,-0.014094,0.08196,0.044792
0.45748,-0.0054057,0.014876,0.88908,-0.014097,0.081962,0.044792
0.45748,-0.0054057,0.014876,0.88908,-0.014097,0.081962,0.044792
0.45748,-0.0054057,0.014876,0.88908,-0.014097,0.081962,0.044792
0.45748,-0.0054057,0.014876,0.88908,-0.014097,0.081962,0.044792
0.45748,-0.0054057,0.014876,0.88908,-0.014097,0.081962,0.044792
0.45748,-0.0054057,0.014876,0.88908,-0.0141,0.081964,0.044792
0.45748,-0.0054057,0.014876,0.88908,-0.0141,0.081964,0.044792
0.45748,-0.0054057,0.014876,0.88908,-0.0141,0.081964,0.044792
0.45748,-0.0054057,0.014876,0.88908,-0.0141,0.081964,0.044792
0.45748,-0.0054057,0.014876,0.88908,-0.0141,0.081964,0.044792
0.45748,-0.0054057,0.014876,0.88908,-0.014102,0.081966,0.044792
0.45748,-0.0054057,0.014876,0.88908,-0.014102,0.081966,0.044792
0.45748,-0.0054057,0.014876,0.88908,-0.014102,0.081966,0.044792
0.45748,-0.0054057,0.014876,0.88908,-0.014102,0.081966,0.044792
0.45748,-0.0054057,0.014876,0.88908,-0.014102,0.081966,0.044792
0.45748,-0.0054057,0.014876,0.88908,-0.014105,0.081968,0.044792
0.45748,-0.0054057,0.014876,0.88908,-0.014105,0.081968,0.044792
0.45748,-0.0054057,0.014876,0.88908,-0.014105,0.081968,0.044792
0.45748,-0.0054057,0.014876,0.88908,-0.014105,0.081968,0.044792
0.45748,-0.0054057,0.014876,0.88908,-0.014105,0.081968,0.044792
0.45748,-0.0054057,0.014876,0.88908,-0.014108,0.08197,0.044793
0.45748,-0.0054057,0.014876,0.88908,-0.014108,0.08197,0.044793
0.45748,-0.0054057,0.014876,0.88908,-0.014108,0.08197,0.044793
0.45748,-0.0054057,0.014876,0.88908,-0.014108,0.08197,0.044793
0.45748,-0.0054057,0.014876,0.88908,-0.014108,0.08197,0.044793
0.45748,-0.0054057,0.014876,0.88908,-0.01411,0.081972,0.044793
0.45748,-0.0054057,0.014876,0.88908,-0.01411,0.081972,0.044793
0.45748,-0.0054057,0.014876,0.88908,-0.01411,0.081972,0.044793
0.45748,-0.0054057,0.014876,0.88908,-0.01411,0.081972,0.044793
0.45748,-0.0054057,0.014876,0.88908,-0.01411,0.081972,0.044793
0.45748,-0.0054057,0.014876,0.88908,-0.014113,0.081974,0.044793
0.45748,-0.0054057,0.014876,0.88908,-0.014113,0.081974,0.044793
0.45748,-0.0054057,0.014876,0.88908,-0.014113,0.081974,0.044793
0.45748,-0.0054057,0.014876,0.88908,-0.014113,0.081974,0.044793
0.45748,-0.0054057,0.014876,0.88908,-0.014113,0.081974,0.044793
0.45748,-0.0054057,0.014876,0.88908,-0.014116,0.081976,0.044793
0.45748,-0.0054057,0.014876,0.88908,-0.014115,0.081976,0.044793
0.45748,-0.0054057,0.014876,0.88908,-0.014115,0.081976,0.044793
0.45748,-0.0054057,0.014876,0.88908,-0.014115,0.081976,0.044793
0.45748,-0.0054057,0.014876,0.88908,-0.014115,0.081976,0.044793
0.45748,-0.0054057,0.014876,0.88908,-0.014118,0.081978,0.044793
0.45748,-0.0054057,0.014876,0.88908,-0.014118,0.081978,0.044793
0.45748,-0.0054057,0.014876,0.88908,-0.014118,0.081978,0.044793
0.45748,-0.0054057,0.014876,0.88908,-0.014118,0.081978,0.044793
0.45748,-0.0054057,0.014876,0.88908,-0.014118,0.081978,0.044793
0.45748,-0.0054057,0.014876,0.88908,-0.014121,0.08198,0.044793
0.45748,-0.0054057,0.014876,0.88908,-0.014121,0.08198,0.044793
0.45748,-0.0054057,0.014876,0.88908,-0.014121,0.08198,0.044793
0.45748,-0.0054057,0.014876,0.88908,-0.014121,0.08198,0.044793
0.45748,-0.0054057,0.014876,0.88908,-0.014121,0.08198,0.044793
0.45748,-0.0054057,0.014876,0.88908,-0.014123,0.081982,0.044793
0.45748,-0.0054057,0.014876,0.88908,-0.014123,0.081982,0.044793
0.45748,-0.0054057,0.014876,0.88908,-0.014123,0.081982,0.044793
0.45748,-0.0054057,0.014876,0.88908,-0.014123,0.081982,0.044793
0.45748,-0.0054057,0.014876,0.88908,-0.014123,0.081982,0.044793
0.45748,-0.0054057,0.014876,0.88908,-0.014126,0.081984,0.044793
0.45748,-0.0054057,0.014876,0.88908,-0.014126,0.081984,0.044793
0.45748,-0.0054057,0.014876,0.88908,-0.014126,0.081984,0.044793
0.45748,-0.0054057,0.014876,0.88908,-0.014126,0.081984,0.044793
0.45748,-0.0054057,0.014876,0.88908,-0.014126,0.081984,0.044793
0.45748,-0.0054057,0.014876,0.88908,-0.014129,0.081986,0.044793
0.45748,-0.0054057,0.014876,0.88908,-0.014129,0.081986,0.044793
0.45748,-0.0054057,0.014876,0.88908,-0.014129,0.081986,0.044793
0.45748,-0.0054057,0.014876,0.88908,-0.014129,0.081986,0.044793
0.45748,-0.0054057,0.014876,0.88908,-0.014128,0.081986,0.044793
0.45748,-0.0054057,0.014876,0.88908,-0.014131,0.081988,0.044793
0.45748,-0.0054057,0.014876,0.88908,-0.014131,0.081988,0.044793
0.45748,-0.0054057,0.014876,0.88908,-0.014131,0.081988,0.044793
0.45748,-0.0054057,0.014876,0.88908,-0.014131,0.081988,0.044793
0.45748,-0.0054057,0.014876,0.88908,-0.014131,0.081988,0.044793
0.45748,-0.0054057,0.014876,0.88908,-0.014134,0.081989,0.044794
0.45748,-0.0054057,0.014876,0.88908,-0.014134,0.081989,0.044794
0.45748,-0.0054057,0.014876,0.88908,-0.014134,0.081989,0.044794
0.45748,-0.0054057,0.014876,0.88908,-0.014134,0.081989,0.044794
0.45748,-0.0054057,0.014876,0.88908,-0.014134,0.081989,0.044794
0.45748,-0.0054057,0.014876,0.88908,-0.014136,0.081991,0.044794
0.45748,-0.0054057,0.014876,0.88908,-0.014136,0.081991,0.044794
0.45748,-0.0054057,0.014876,0.88908,-0.014136,0.081991,0.044794
0.45748,-0.0054057,0.014876,0.88908,-0.014136,0.081991,0.044794
0.45748,-0.0054057,0.014876,0.88908,-0.014136,0.081991,0.044794
0.45748,-0.0054057,0.014876,0.88908,-0.014139,0.081993,0.044794
0.45748,-0.0054057,0.014876,0.88908,-0.014139,0.081993,0.044794
0.45748,-0.0054057,0.014876,0.88908,-0.014139,0.081993,0.044794
0.45748,-0.0054057,0.014876,0.88908,-0.014139,0.081993,0.044794
0.45748,-0.0054057,0.014876,0.88908,-0.014139,0.081993,0.044794
0.45748,-0.0054057,0.014876,0.88908,-0.014142,0.081995,0.044794
0.45748,-0.0054057,0.014876,0.88908,-0.014142,0.081995,0.044794
0.45748,-0.0054057,0.014876,0.88908,-0.014142,0.081995,0.044794
0.45748,-0.0054057,0.014876,0.88908,-0.014142,0.081995,0.044794
0.45748,-0.0054057,0.014876,0.88908,-0.014142,0.081995,0.044794
0.45748,-0.0054057,0.014876,0.88908,-0.014144,0.081997,0.044794
0.45748,-0.0054057,0.014876,0.88908,-0.014144,0.081997,0.044794
0.45748,-0.0054057,0.014876,0.88908,-0.014144,0.081997,0.044794
0.45748,-0.0054057,0.014876,0.88908,-0.014144,0.081997,0.044794
0.45748,-0.0054057,0.014876,0.88908,-0.014144,0.081997,0.044794
0.45748,-0.0054057,0.014876,0.88908,-0.014147,0.081999,0.044794
0.45748,-0.0054057,0.014876,0.88908,-0.014147,0.081999,0.044794
0.45748,-0.0054057,0.014876,0.88908,-0.014147,0.081999,0.044794
0.45748,-0.0054057,0.014876,0.88908,-0.014147,0.081999,0.044794
0.45748,-0.0054057,0.014876,0.88908,-0.014147,0.081999,0.044794
0.45748,-0.0054057,0.014876,0.88908,-0.014149,0.082001,0.044794
0.45748,-0.0054057,0.014876,0.88908,-0.014149,0.082001,0.044794
0.45748,-0.0054057,0.014876,0.88908,-0.014149,0.082001,0.044794
0.45748,-0.0054057,0.014876,0.88908,-0.014149,0.082001,0.044794
0.45748,-0.0054057,0.014876,0.88908,-0.014149,0.082001,0.044794
0.45748,-0.0054057,0.014876,0.88908,-0.014152,0.082003,0.044794
0.45748,-0.0054057,0.014876,0.88908,-0.014152,0.082003,0.044794
0.45748,-0.0054057,0.014876,0.88908,-0.014152,0.082003,0.044794
0.45748,-0.0054057,0.014876,0.88908,-0.014152,0.082003,0.044794
0.45748,-0.0054057,0.014876,0.88908,-0.014152,0.082003,0.044794
0.45748,-0.0054057,0.014876,0.88908,-0.014155,0.082005,0.044795
0.45748,-0.0054057,0.014876,0.88908,-0.014155,0.082005,0.044795
0.45748,-0.0054057,0.014876,0.88908,-0.014155,0.082005,0.044795
0.45748,-0.0054057,0.014876,0.88908,-0.014155,0.082005,0.044794
0.45748,-0.0054057,0.014876,0.88908,-0.014155,0.082005,0.044794
0.45748,-0.0054057,0.014876,0.88908,-0.014157,0.082007,0.044795
0.45748,-0.0054057,0.014876,0.88908,-0.014157,0.082007,0.044795
0.45748,-0.0054057,0.014876,0.88908,-0.014157,0.082007,0.044795
0.45748,-0.0054057,0.014876,0.88908,-0.014157,0.082007,0.044795
0.45748,-0.0054057,0.014876,0.88908,-0.014157,0.082007,0.044795
0.45748,-0.0054057,0.014876,0.88908,-0.01416,0.082009,0.044795
0.45748,-0.0054057,0.014876,0.88908,-0.01416,0.082009,0.044795
0.45748,-0.0054057,0.014876,0.88908,-0.01416,0.082009,0.044795
0.45748,-0.0054057,0.014876,0.88908,-0.01416,0.082009,0.044795
0.45748,-0.0054057,0.014876,0.88908,-0.01416,0.082009,0.044795
0.45748,-0.0054057,0.014876,0.88908,-0.014162,0.082011,0.044795
0.45748,-0.0054057,0.014876,0.88908,-0.014162,0.082011,0.044795
0.45748,-0.0054057,0.014876,0.88908,-0.014162,0.082011,0.044795
0.45748,-0.0054057,0.014876,0.88908,-0.014162,0.082011,0.044795
0.45748,-0.0054057,0.014876,0.88908,-0.014162,0.082011,0.044795
0.45748,-0.0054057,0.014876,0.88908,-0.014165,0.082012,0.044795
0.45748,-0.0054057,0.014876,0.88908,-0.014165,0.082012,0.044795
0.45748,-0.0054057,0.014876,0.88908,-0.014165,0.082012,0.044795
0.45748,-0.0054057,0.014876,0.88908,-0.014165,0.082012,0.044795
0.45748,-0.0054057,0.014876,0.88908,-0.014165,0.082012,0.044795
0.45748,-0.0054057,0.014876,0.88908,-0.014168,0.082014,0.044795
0.45748,-0.0054057,0.014876,0.88908,-0.014168,0.082014,0.044795
0.45748,-0.0054057,0.014876,0.88908,-0.014167,0.082014,0.044795
0.45748,-0.0054057,0.014876,0.88908,-0.014167,0.082014,0.044795
0.45748,-0.0054057,0.014876,0.88908,-0.014167,0.082014,0.044795
0.45748,-0.0054057,0.014876,0.88908,-0.01417,0.082016,0.044795
0.45748,-0.0054057,0.014876,0.88908,-0.01417,0.082016,0.044795
0.45748,-0.0054057,0.014876,0.88908,-0.01417,0.082016,0.044795
0.45748,-0.0054057,0.014876,0.88908,-0.01417,0.082016,0.044795
0.45748,-0.0054057,0.014876,0.88908,-0.01417,0.082016,0.044795
0.45748,-0.0054057,0.014876,0.88908,-0.014173,0.082018,0.044795
0.45748,-0.0054057,0.014876,0.88908,-0.014173,0.082018,0.044795
0.45748,-0.0054057,0.014876,0.88908,-0.014173,0.082018,0.044795
0.45748,-0.0054057,0.014876,0.88908,-0.014173,0.082018,0.044795
0.45748,-0.0054057,0.014876,0.88908,-0.014173,0.082018,0.044795
0.45748,-0.0054057,0.014876,0.88908,-0.014175,0.08202,0.044795
0.45748,-0.0054057,0.014876,0.88908,-0.014175,0.08202,0.044795
0.45748,-0.0054057,0.014876,0.88908,-0.014175,0.08202,0.044795
0.45748,-0.0054057,0.014876,0.88908,-0.014175,0.08202,0.044795
0.45748,-0.0054057,0.014876,0.88908,-0.014175,0.08202,0.044795
0.45748,-0.0054057,0.014876,0.88908,-0.014178,0.082022,0.044795
0.45748,-0.0054057,0.014876,0.88908,-0.014178,0.082022,0.044795
0.45748,-0.0054057,0.014876,0.88908,-0.014178,0.082022,0.044795
0.45748,-0.0054057,0.014876,0.88908,-0.014178,0.082022,0.044795
0.45748,-0.0054057,0.014876,0.88908,-0.014178,0.082022,0.044795
0.45748,-0.0054057,0.014876,0.88908,-0.01418,0.082024,0.044796
0.45748,-0.0054057,0.014876,0.88908,-0.01418,0.082024,0.044796
0.45748,-0.0054057,0.014876,0.88908,-0.01418,0.082024,0.044796
0.45748,-0.0054057,0.014876,0.88908,-0.01418,0.082024,0.044796
0.45748,-0.0054057,0.014876,0.88908,-0.01418,0.082024,0.044796
0.45748,-0.0054057,0.014876,0.88908,-0.014183,0.082026,0.044796
0.45748,-0.0054057,0.014876,0.88908,-0.014183,0.082026,0.044796
0.45748,-0.0054057,0.014876,0.88908,-0.014183,0.082026,0.044796
0.45748,-0.0054057,0.014876,0.88908,-0.014183,0.082026,0.044796
0.45748,-0.0054057,0.014876,0.88908,-0.014183,0.082026,0.044796
0.45748,-0.0054057,0.014876,0.88908,-0.014186,0.082028,0.044796
0.45748,-0.0054057,0.014876,0.88908,-0.014186,0.082028,0.044796
0.45748,-0.0054057,0.014876,0.88908,-0.014186,0.082028,0.044796
0.45748,-0.0054057,0.014876,0.88908,-0.014186,0.082028,0.044796
0.45748,-0.0054057,0.014876,0.88908,-0.014186,0.082028,0.044796
0.45748,-0.0054057,0.014876,0.88908,-0.014188,0.08203,0.044796
0.45748,-0.0054057,0.014876,0.88908,-0.014188,0.08203,0.044796
0.45748,-0.0054057,0.014876,0.88908,-0.014188,0.08203,0.044796
0.45748,-0.0054057,0.014876,0.88908,-0.014188,0.08203,0.044796
0.45748,-0.0054057,0.014876,0.88908,-0.014188,0.08203,0.044796
0.45748,-0.0054057,0.014876,0.88908,-0.014191,0.082032,0.044796
0.45748,-0.0054057,0.014876,0.88908,-0.014191,0.082032,0.044796
0.45748,-0.0054057,0.014876,0.88908,-0.014191,0.082032,0.044796
0.45748,-0.0054057,0.014876,0.88908,-0.014191,0.082032,0.044796
0.45748,-0.0054057,0.014876,0.88908,-0.014191,0.082032,0.044796
0.45748,-0.0054057,0.014876,0.88908,-0.014193,0.082033,0.044796
0.45748,-0.0054057,0.014876,0.88908,-0.014193,0.082033,0.044796
0.45748,-0.0054057,0.014876,0.88908,-0.014193,0.082033,0.044796
0.45748,-0.0054057,0.014876,0.88908,-0.014193,0.082033,0.044796
0.45748,-0.0054057,0.014876,0.88908,-0.014193,0.082033,0.044796
0.45748,-0.0054057,0.014876,0.88908,-0.014196,0.082035,0.044796
0.45748,-0.0054057,0.014876,0.88908,-0.014196,0.082035,0.044796
0.45748,-0.0054057,0.014876,0.88908,-0.014196,0.082035,0.044796
0.45748,-0.0054057,0.014876,0.88908,-0.014196,0.082035,0.044796
0.45748,-0.0054057,0.014876,0.88908,-0.014196,0.082035,0.044796
0.45748,-0.0054057,0.014876,0.88908,-0.014198,0.082037,0.044796
0.45748,-0.0054057,0.014876,0.88908,-0.014198,0.082037,0.044796
0.45748,-0.0054057,0.014876,0.88908,-0.014198,0.082037,0.044796
0.45748,-0.0054057,0.014876,0.88908,-0.014198,0.082037,0.044796
0.45748,-0.0054057,0.014876,0.88908,-0.014198,0.082037,0.044796
0.45748,-0.0054057,0.014876,0.88908,-0.014201,0.082039,0.044796
0.45748,-0.0054057,0.014876,0.88908,-0.014201,0.082039,0.044796
0.45748,-0.0054057,0.014876,0.88908,-0.014201,0.082039,0.044796
0.45748,-0.0054057,0.014876,0.88908,-0.014201,0.082039,0.044796
0.45748,-0.0054057,0.014876,0.88908,-0.014201,0.082039,0.044796
0.45748,-0.0054057,0.014876,0.88908,-0.014204,0.082041,0.044796
0.45748,-0.0054057,0.014876,0.88908,-0.014204,0.082041,0.044796
0.45748,-0.0054057,0.014876,0.88908,-0.014204,0.082041,0.044796
0.45748,-0.0054057,0.014876,0.88908,-0.014204,0.082041,0.044796
0.45748,-0.0054057,0.014876,0.88908,-0.014204,0.082041,0.044796
0.45748,-0.0054057,0.014876,0.88908,-0.014206,0.082043,0.044797
0.45748,-0.0054057,0.014876,0.88908,-0.014206,0.082043,0.044797
0.45748,-0.0054057,0.014876,0.88908,-0.014206,0.082043,0.044797
0.45748,-0.0054057,0.014876,0.88908,-0.014206,0.082043,0.044797
0.45748,-0.0054057,0.014876,0.88908,-0.014206,0.082043,0.044797
0.45748,-0.0054057,0.014876,0.88908,-0.014209,0.082045,0.044797
0.45748,-0.0054057,0.014876,0.88908,-0.014209,0.082045,0.044797
0.45748,-0.0054057,0.014876,0.88908,-0.014209,0.082045,0.044797
0.45748,-0.0054057,0.014876,0.88908,-0.014209,0.082045,0.044797
0.45748,-0.0054057,0.014876,0.88908,-0.014209,0.082045,0.044797
0.45748,-0.0054057,0.014876,0.88908,-0.014211,0.082047,0.044797
0.45748,-0.0054057,0.014876,0.88908,-0.014211,0.082047,0.044797
0.45748,-0.0054057,0.014876,0.88908,-0.014211,0.082047,0.044797
0.45748,-0.0054057,0.014876,0.88908,-0.014211,0.082047,0.044797
0.45748,-0.0054057,0.014876,0.88908,-0.014211,0.082047,0.044797
0.45748,-0.0054057,0.014876,0.88908,-0.014214,0.082049,0.044797
0.45748,-0.0054057,0.014876,0.88908,-0.014214,0.082049,0.044797
0.45748,-0.0054057,0.014876,0.88908,-0.014214,0.082049,0.044797
0.45748,-0.0054057,0.014876,0.88908,-0.014214,0.082049,0.044797
0.45748,-0.0054057,0.014876,0.88908,-0.014214,0.082049,0.044797
0.45748,-0.0054057,0.014876,0.88908,-0.014217,0.082051,0.044797
0.45748,-0.0054057,0.014876,0.88908,-0.014217,0.082051,0.044797
0.45748,-0.0054057,0.014876,0.88908,-0.014217,0.082051,0.044797
0.45748,-0.0054057,0.014876,0.88908,-0.014217,0.082051,0.044797
0.45748,-0.0054057,0.014876,0.88908,-0.014217,0.082051,0.044797
0.45748,-0.0054057,0.014876,0.88908,-0.014219,0.082052,0.044797
0.45748,-0.0054057,0.014876,0.88908,-0.014219,0.082052,0.044797
0.45748,-0.0054057,0.014876,0.88908,-0.014219,0.082052,0.044797
0.45748,-0.0054057,0.014876,0.88908,-0.014219,0.082052,0.044797
0.45748,-0.0054057,0.014876,0.88908,-0.014219,0.082052,0.044797
0.45748,-0.0054057,0.014876,0.88908,-0.014222,0.082054,0.044797
0.45748,-0.0054057,0.014876,0.88908,-0.014222,0.082054,0.044797
0.45748,-0.0054057,0.014876,0.88908,-0.014222,0.082054,0.044797
0.45748,-0.0054057,0.014876,0.88908,-0.014222,0.082054,0.044797
0.45748,-0.0054057,0.014876,0.88908,-0.014222,0.082054,0.044797
0.45748,-0.0054057,0.014876,0.88908,-0.014224,0.082056,0.044797
0.45748,-0.0054057,0.014876,0.88908,-0.014224,0.082056,0.044797
0.45748,-0.0054057,0.014876,0.88908,-0.014224,0.082056,0.044797
0.45748,-0.0054057,0.014876,0.88908,-0.014224,0.082056,0.044797
0.45748,-0.0054057,0.014876,0.88908,-0.014224,0.082056,0.044797
0.45748,-0.0054057,0.014876,0.88908,-0.014227,0.082058,0.044797
0.45748,-0.0054057,0.014876,0.88908,-0.014227,0.082058,0.044797
0.45748,-0.0054057,0.014876,0.88908,-0.014227,0.082058,0.044797
0.45748,-0.0054057,0.014876,0.88908,-0.014227,0.082058,0.044797
0.45748,-0.0054057,0.014876,0.88908,-0.014227,0.082058,0.044797
0.45748,-0.0054057,0.014876,0.88908,-0.014229,0.08206,0.044798
0.45748,-0.0054057,0.014876,0.88908,-0.014229,0.08206,0.044798
0.45748,-0.0054057,0.014876,0.88908,-0.014229,0.08206,0.044798
0.45748,-0.0054057,0.014876,0.88908,-0.014229,0.08206,0.044798
0.45748,-0.0054057,0.014876,0.88908,-0.014229,0.08206,0.044798
0.45748,-0.0054057,0.014876,0.88908,-0.014232,0.082062,0.044798
0.45748,-0.0054057,0.014876,0.88908,-0.014232,0.082062,0.044798
0.45748,-0.0054057,0.014876,0.88908,-0.014232,0.082062,0.044798
0.45748,-0.0054057,0.014876,0.88908,-0.014232,0.082062,0.044798
0.45748,-0.0054057,0.014876,0.88908,-0.014232,0.082062,0.044798
0.45748,-0.0054057,0.014876,0.88908,-0.014235,0.082064,0.044798
0.45748,-0.0054057,0.014876,0.88908,-0.014235,0.082064,0.044798
0.45748,-0.0054057,0.014876,0.88908,-0.014235,0.082064,0.044798
0.45748,-0.0054057,0.014876,0.88908,-0.014235,0.082064,0.044798
0.45748,-0.0054057,0.014876,0.88908,-0.014235,0.082064,0.044798
0.45748,-0.0054057,0.014876,0.88908,-0.014237,0.082066,0.044798
0.45748,-0.0054057,0.014876,0.88908,-0.014237,0.082066,0.044798
0.45748,-0.0054057,0.014876,0.88908,-0.014237,0.082066,0.044798
0.45748,-0.0054057,0.014876,0.88908,-0.014237,0.082066,0.044798
0.45748,-0.0054057,0.014876,0.88908,-0.014237,0.082066,0.044798
0.45748,-0.0054057,0.014876,0.88908,-0.01424,0.082068,0.044798
0.45748,-0.0054057,0.014876,0.88908,-0.01424,0.082068,0.044798
0.45748,-0.0054057,0.014876,0.88908,-0.01424,0.082068,0.044798
0.45748,-0.0054057,0.014876,0.88908,-0.01424,0.082068,0.044798
0.45748,-0.0054057,0.014876,0.88908,-0.01424,0.082068,0.044798
0.45748,-0.0054057,0.014876,0.88908,-0.014242,0.082069,0.044798
0.45748,-0.0054057,0.014876,0.88908,-0.014242,0.082069,0.044798
0.45748,-0.0054057,0.014876,0.88908,-0.014242,0.082069,0.044798
0.45748,-0.0054057,0.014876,0.88908,-0.014242,0.08207,0.044798
0.45748,-0.0054057,0.014876,0.88908,-0.014242,0.08207,0.044798
0.45748,-0.0054057,0.014876,0.88908,-0.014245,0.082071,0.044798
0.45748,-0.0054057,0.014876,0.88908,-0.014245,0.082071,0.044798
0.45748,-0.0054057,0.014876,0.88908,-0.014245,0.082071,0.044798
0.45748,-0.0054057,0.014876,0.88908,-0.014245,0.082071,0.044798
0.45748,-0.0054057,0.014876,0.88908,-0.014245,0.082071,0.044798
0.45748,-0.0054057,0.014876,0.88908,-0.014247,0.082073,0.044798
0.45748,-0.0054057,0.014876,0.88908,-0.014247,0.082073,0.044798
0.45748,-0.0054057,0.014876,0.88908,-0.014247,0.082073,0.044798
0.45748,-0.0054057,0.014876,0.88908,-0.014247,0.082073,0.044798
0.45748,-0.0054057,0.014876,0.88908,-0.014247,0.082073,0.044798
0.45748,-0.0054057,0.014876,0.88908,-0.01425,0.082075,0.044798
0.45748,-0.0054057,0.014876,0.88908,-0.01425,0.082075,0.044798
0.45748,-0.0054057,0.014876,0.88908,-0.01425,0.082075,0.044798
0.45748,-0.0054057,0.014876,0.88908,-0.01425,0.082075,0.044798
0.45748,-0.0054057,0.014876,0.88908,-0.01425,0.082075,0.044798
0.45748,-0.0054057,0.014876,0.88908,-0.014252,0.082077,0.044798
0.45748,-0.0054057,0.014876,0.88908,-0.014252,0.082077,0.044798
0.45748,-0.0054057,0.014876,0.88908,-0.014252,0.082077,0.044798
0.45748,-0.0054057,0.014876,0.88908,-0.014252,0.082077,0.044798
0.45748,-0.0054057,0.014876,0.88908,-0.014252,0.082077,0.044798
0.45748,-0.0054057,0.014876,0.88908,-0.014255,0.082079,0.044798
0.45748,-0.0054057,0.014876,0.88908,-0.014255,0.082079,0.044798
0.45748,-0.0054057,0.014876,0.88908,-0.014255,0.082079,0.044798
0.45748,-0.0054057,0.014876,0.88908,-0.014255,0.082079,0.044798
0.45748,-0.0054057,0.014876,0.88908,-0.014255,0.082079,0.044798
0.45748,-0.0054057,0.014876,0.88908,-0.014258,0.082081,0.044799
0.45748,-0.0054057,0.014876,0.88908,-0.014258,0.082081,0.044799
0.45748,-0.0054057,0.014876,0.88908,-0.014258,0.082081,0.044799
0.45748,-0.0054057,0.014876,0.88908,-0.014257,0.082081,0.044799
0.45748,-0.0054057,0.014876,0.88908,-0.014257,0.082081,0.044798
0.45748,-0.0054057,0.014876,0.88908,-0.01426,0.082083,0.044799
0.45748,-0.0054057,0.014876,0.88908,-0.01426,0.082083,0.044799
0.45748,-0.0054057,0.014876,0.88908,-0.01426,0.082083,0.044799
0.45748,-0.0054057,0.014876,0.88908,-0.01426,0.082083,0.044799
0.45748,-0.0054057,0.014876,0.88908,-0.01426,0.082083,0.044799
0.45748,-0.0054057,0.014876,0.88908,-0.014263,0.082085,0.044799
0.45748,-0.0054057,0.014876,0.88908,-0.014263,0.082085,0.044799
0.45748,-0.0054057,0.014876,0.88908,-0.014263,0.082085,0.044799
0.45748,-0.0054057,0.014876,0.88908,-0.014263,0.082085,0.044799
0.45748,-0.0054057,0.014876,0.88908,-0.014263,0.082085,0.044799
0.45748,-0.0054057,0.014876,0.88908,-0.014265,0.082086,0.044799
0.45748,-0.0054057,0.014876,0.88908,-0.014265,0.082087,0.044799
0.45748,-0.0054057,0.014876,0.88908,-0.014265,0.082087,0.044799
0.45748,-0.0054057,0.014876,0.88908,-0.014265,0.082087,0.044799
0.45748,-0.0054057,0.014876,0.88908,-0.014265,0.082087,0.044799
0.45748,-0.0054057,0.014876,0.88908,-0.014268,0.082088,0.044799
0.45748,-0.0054057,0.014876,0.88908,-0.014268,0.082088,0.044799
0.45748,-0.0054057,0.014876,0.88908,-0.014268,0.082088,0.044799
0.45748,-0.0054057,0.014876,0.88908,-0.014268,0.082088,0.044799
0.45748,-0.0054057,0.014876,0.88908,-0.014268,0.082088,0.044799
0.45748,-0.0054057,0.014876,0.88908,-0.01427,0.08209,0.044799
0.45748,-0.0054057,0.014876,0.88908,-0.01427,0.08209,0.044799
0.45748,-0.0054057,0.014876,0.88908,-0.01427,0.08209,0.044799
0.45748,-0.0054057,0.014876,0.88908,-0.01427,0.08209,0.044799
0.45748,-0.0054057,0.014876,0.88908,-0.01427,0.08209,0.044799
0.45748,-0.0054057,0.014876,0.88908,-0.014273,0.082092,0.044799
0.45748,-0.0054057,0.014876,0.88908,-0.014273,0.082092,0.044799
0.45748,-0.0054057,0.014876,0.88908,-0.014273,0.082092,0.044799
0.45748,-0.0054057,0.014876,0.88908,-0.014273,0.082092,0.044799
0.45748,-0.0054057,0.014876,0.88908,-0.014273,0.082092,0.044799
0.45748,-0.0054057,0.014876,0.88908,-0.014275,0.082094,0.044799
0.45748,-0.0054057,0.014876,0.88908,-0.014275,0.082094,0.044799
0.45748,-0.0054057,0.014876,0.88908,-0.014275,0.082094,0.044799
0.45748,-0.0054057,0.014876,0.88908,-0.014275,0.082094,0.044799
0.45748,-0.0054057,0.014876,0.88908,-0.014275,0.082094,0.044799
0.45748,-0.0054057,0.014876,0.88908,-0.014278,0.082096,0.044799
0.45748,-0.0054057,0.014876,0.88908,-0.014278,0.082096,0.044799
0.45748,-0.0054057,0.014876,0.88908,-0.014278,0.082096,0.044799
0.45748,-0.0054057,0.014876,0.88908,-0.014278,0.082096,0.044799
0.45748,-0.0054057,0.014876,0.88908,-0.014278,0.082096,0.044799
0.45748,-0.0054057,0.014876,0.88908,-0.01428,0.082098,0.044799
0.45748,-0.0054057,0.014876,0.88908,-0.01428,0.082098,0.044799
0.45748,-0.0054057,0.014876,0.88908,-0.01428,0.082098,0.044799
0.45748,-0.0054057,0.014876,0.88908,-0.01428,0.082098,0.044799
0.45748,-0.0054057,0.014876,0.88908,-0.01428,0.082098,0.044799
0.45748,-0.0054057,0.014876,0.88908,-0.014283,0.0821,0.044799
0.45748,-0.0054057,0.014876,0.88908,-0.014283,0.0821,0.044799
0.45748,-0.0054057,0.014876,0.88908,-0.014283,0.0821,0.044799
0.45748,-0.0054057,0.014876,0.88908,-0.014283,0.0821,0.044799
0.45748,-0.0054057,0.014876,0.88908,-0.014283,0.0821,0.044799
0.45748,-0.0054057,0.014876,0.88908,-0.014285,0.082101,0.044799
0.45748,-0.0054057,0.014876,0.88908,-0.014285,0.082101,0.044799
0.45748,-0.0054057,0.014876,0.88908,-0.014285,0.082101,0.044799
0.45748,-0.0054057,0.014876,0.88908,-0.014285,0.082101,0.044799
0.45748,-0.0054057,0.014876,0.88908,-0.014285,0.082101,0.044799
0.45748,-0.0054057,0.014876,0.88908,-0.014288,0.082103,0.044799
0.45748,-0.0054057,0.014876,0.88908,-0.014288,0.082103,0.044799
0.45748,-0.0054057,0.014876,0.88908,-0.014288,0.082103,0.044799
0.45748,-0.0054057,0.014876,0.88908,-0.014288,0.082103,0.044799
0.45748,-0.0054057,0.014876,0.88908,-0.014288,0.082103,0.044799
0.45748,-0.0054057,0.014876,0.88908,-0.01429,0.082105,0.0448
0.45748,-0.0054057,0.014876,0.88908,-0.01429,0.082105,0.0448
0.45748,-0.0054057,0.014876,0.88908,-0.01429,0.082105,0.0448
0.45748,-0.0054057,0.014876,0.88908,-0.01429,0.082105,0.044799
0.45748,-0.0054057,0.014876,0.88908,-0.01429,0.082105,0.044799
0.45748,-0.0054057,0.014876,0.88908,-0.014293,0.082107,0.0448
0.45748,-0.0054057,0.014876,0.88908,-0.014293,0.082107,0.0448
0.45748,-0.0054057,0.014876,0.88908,-0.014293,0.082107,0.0448
0.45748,-0.0054057,0.014876,0.88908,-0.014292,0.082107,0.0448
0.45748,-0.0054057,0.014876,0.88908,-0.014292,0.082107,0.0448
0.45748,-0.0054057,0.014876,0.88908,-0.014295,0.082109,0.0448
0.45748,-0.0054057,0.014876,0.88908,-0.014295,0.082109,0.0448
0.45748,-0.0054057,0.014876,0.88908,-0.014295,0.082109,0.0448
0.45748,-0.0054057,0.014876,0.88908,-0.014295,0.082109,0.0448
0.45748,-0.0054057,0.014876,0.88908,-0.014295,0.082109,0.0448
0.45748,-0.0054057,0.014876,0.88908,-0.014297,0.082111,0.0448
0.45748,-0.0054057,0.014876,0.88908,-0.014297,0.082111,0.0448
0.45748,-0.0054057,0.014876,0.88908,-0.014297,0.082111,0.0448
0.45748,-0.0054057,0.014876,0.88908,-0.014297,0.082111,0.0448
0.45748,-0.0054057,0.014876,0.88908,-0.014297,0.082111,0.0448
0.45748,-0.0054057,0.014876,0.88908,-0.0143,0.082113,0.0448
0.45748,-0.0054057,0.014876,0.88908,-0.0143,0.082113,0.0448
0.45748,-0.0054057,0.014876,0.88908,-0.0143,0.082113,0.0448
0.45748,-0.0054057,0.014876,0.88908,-0.0143,0.082113,0.0448
0.45748,-0.0054057,0.014876,0.88908,-0.0143,0.082113,0.0448
0.45748,-0.0054057,0.014876,0.88908,-0.014302,0.082114,0.0448
0.45748,-0.0054057,0.014876,0.88908,-0.014302,0.082114,0.0448
0.45748,-0.0054057,0.014876,0.88908,-0.014302,0.082114,0.0448
0.45748,-0.0054057,0.014876,0.88908,-0.014302,0.082114,0.0448
0.45748,-0.0054057,0.014876,0.88908,-0.014302,0.082114,0.0448
0.45748,-0.0054057,0.014876,0.88908,-0.014305,0.082116,0.0448
0.45748,-0.0054057,0.014876,0.88908,-0.014305,0.082116,0.0448
0.45748,-0.0054057,0.014876,0.88908,-0.014305,0.082116,0.0448
0.45748,-0.0054057,0.014876,0.88908,-0.014305,0.082116,0.0448
0.45748,-0.0054057,0.014876,0.88908,-0.014305,0.082116,0.0448
0.45748,-0.0054057,0.014876,0.88908,-0.014307,0.082118,0.0448
0.45748,-0.0054057,0.014876,0.88908,-0.014307,0.082118,0.0448
0.45748,-0.0054057,0.014876,0.88908,-0.014307,0.082118,0.0448
0.45748,-0.0054057,0.014876,0.88908,-0.014307,0.082118,0.0448
0.45748,-0.0054057,0.014876,0.88908,-0.014307,0.082118,0.0448
0.45748,-0.0054057,0.014876,0.88908,-0.01431,0.08212,0.0448
0.45748,-0.0054057,0.014876,0.88908,-0.01431,0.08212,0.0448
0.45748,-0.0054057,0.014876,0.88908,-0.01431,0.08212,0.0448
0.45748,-0.0054057,0.014876,0.88908,-0.01431,0.08212,0.0448
0.45748,-0.0054057,0.014876,0.88908,-0.01431,0.08212,0.0448
0.45748,-0.0054057,0.014876,0.88908,-0.014312,0.082122,0.0448
0.45748,-0.0054057,0.014876,0.88908,-0.014312,0.082122,0.0448
0.45748,-0.0054057,0.014876,0.88908,-0.014312,0.082122,0.0448
0.45748,-0.0054057,0.014876,0.88908,-0.014312,0.082122,0.0448
0.45748,-0.0054057,0.014876,0.88908,-0.014312,0.082122,0.0448
0.45748,-0.0054057,0.014876,0.88908,-0.014315,0.082124,0.0448
0.45748,-0.0054057,0.014876,0.88908,-0.014315,0.082124,0.0448
0.45748,-0.0054057,0.014876,0.88908,-0.014315,0.082124,0.0448
0.45748,-0.0054057,0.014876,0.88908,-0.014315,0.082124,0.0448
0.45748,-0.0054057,0.014876,0.88908,-0.014315,0.082124,0.0448
0.45748,-0.0054057,0.014876,0.88908,-0.014317,0.082126,0.0448
0.45748,-0.0054057,0.014876,0.88908,-0.014317,0.082126,0.0448
0.45748,-0.0054057,0.014876,0.88908,-0.014317,0.082126,0.0448
0.45748,-0.0054057,0.014876,0.88908,-0.014317,0.082126,0.0448
0.45748,-0.0054057,0.014876,0.88908,-0.014317,0.082126,0.0448
0.45748,-0.0054057,0.014876,0.88908,-0.01432,0.082127,0.0448
0.45748,-0.0054057,0.014876,0.88908,-0.014319,0.082127,0.0448
0.45748,-0.0054057,0.014876,0.88908,-0.014319,0.082127,0.0448
0.45748,-0.0054057,0.014876,0.88908,-0.014319,0.082127,0.0448
0.45748,-0.0054057,0.014876,0.88908,-0.014319,0.082127,0.0448
0.45748,-0.0054057,0.014876,0.88908,-0.014322,0.082129,0.0448
0.45748,-0.0054057,0.014876,0.88908,-0.014322,0.082129,0.0448
0.45748,-0.0054057,0.014876,0.88908,-0.014322,0.082129,0.0448
0.45748,-0.0054057,0.014876,0.88908,-0.014322,0.082129,0.0448
0.45748,-0.0054057,0.014876,0.88908,-0.014322,0.082129,0.0448
0.45748,-0.0054057,0.014876,0.88908,-0.014324,0.082131,0.0448
0.45748,-0.0054057,0.014876,0.88908,-0.014324,0.082131,0.0448
0.45748,-0.0054057,0.014876,0.88908,-0.014324,0.082131,0.0448
0.45748,-0.0054057,0.014876,0.88908,-0.014324,0.082131,0.0448
0.45748,-0.0054057,0.014876,0.88908,-0.014324,0.082131,0.0448
0.45748,-0.0054057,0.014876,0.88908,-0.014327,0.082133,0.044801
0.45748,-0.0054057,0.014876,0.88908,-0.014327,0.082133,0.0448
0.45748,-0.0054057,0.014876,0.88908,-0.014327,0.082133,0.0448
0.45748,-0.0054057,0.014876,0.88908,-0.014327,0.082133,0.0448
0.45748,-0.0054057,0.014876,0.88908,-0.014327,0.082133,0.0448
0.45748,-0.0054057,0.014876,0.88908,-0.014329,0.082135,0.044801
0.45748,-0.0054057,0.014876,0.88908,-0.014329,0.082135,0.044801
0.45748,-0.0054057,0.014876,0.88908,-0.014329,0.082135,0.044801
0.45748,-0.0054057,0.014876,0.88908,-0.014329,0.082135,0.044801
0.45748,-0.0054057,0.014876,0.88908,-0.014329,0.082135,0.044801
0.45748,-0.0054057,0.014876,0.88908,-0.014332,0.082137,0.044801
0.45748,-0.0054057,0.014876,0.88908,-0.014332,0.082137,0.044801
0.45748,-0.0054057,0.014876,0.88908,-0.014332,0.082137,0.044801
0.45748,-0.0054057,0.014876,0.88908,-0.014332,0.082137,0.044801
0.45748,-0.0054057,0.014876,0.88908,-0.014332,0.082137,0.044801
0.45748,-0.0054057,0.014876,0.88908,-0.014334,0.082138,0.044801
0.45748,-0.0054057,0.014876,0.88908,-0.014334,0.082138,0.044801
0.45748,-0.0054057,0.014876,0.88908,-0.014334,0.082138,0.044801
0.45748,-0.0054057,0.014876,0.88908,-0.014334,0.082138,0.044801
0.45748,-0.0054057,0.014876,0.88908,-0.014334,0.082138,0.044801
0.45748,-0.0054057,0.014876,0.88908,-0.014336,0.08214,0.044801
0.45748,-0.0054057,0.014876,0.88908,-0.014336,0.08214,0.044801
0.45748,-0.0054057,0.014876,0.88908,-0.014336,0.08214,0.044801
0.45748,-0.0054057,0.014876,0.88908,-0.014336,0.08214,0.044801
0.45748,-0.0054057,0.014876,0.88908,-0.014336,0.08214,0.044801
0.45748,-0.0054057,0.014876,0.88908,-0.014339,0.082142,0.044801
0.45748,-0.0054057,0.014876,0.88908,-0.014339,0.082142,0.044801
0.45748,-0.0054057,0.014876,0.88908,-0.014339,0.082142,0.044801
0.45748,-0.0054057,0.014876,0.88908,-0.014339,0.082142,0.044801
0.45748,-0.0054057,0.014876,0.88908,-0.014339,0.082142,0.044801
0.45748,-0.0054057,0.014876,0.88908,-0.014341,0.082144,0.044801
0.45748,-0.0054057,0.014876,0.88908,-0.014341,0.082144,0.044801
0.45748,-0.0054057,0.014876,0.88908,-0.014341,0.082144,0.044801
0.45748,-0.0054057,0.014876,0.88908,-0.014341,0.082144,0.044801
0.45748,-0.0054057,0.014876,0.88908,-0.014341,0.082144,0.044801
0.45748,-0.0054057,0.014876,0.88908,-0.014344,0.082146,0.044801
0.45748,-0.0054057,0.014876,0.88908,-0.014344,0.082146,0.044801
0.45748,-0.0054057,0.014876,0.88908,-0.014344,0.082146,0.044801
0.45748,-0.0054057,0.014876,0.88908,-0.014344,0.082146,0.044801
0.45748,-0.0054057,0.014876,0.88908,-0.014344,0.082146,0.044801
0.45748,-0.0054057,0.014876,0.88908,-0.014346,0.082148,0.044801
0.45748,-0.0054057,0.014876,0.88908,-0.014346,0.082148,0.044801
0.45748,-0.0054057,0.014876,0.88908,-0.014346,0.082148,0.044801
0.45748,-0.0054057,0.014876,0.88908,-0.014346,0.082148,0.044801
0.45748,-0.0054057,0.014876,0.88908,-0.014346,0.082148,0.044801
0.45748,-0.0054057,0.014876,0.88908,-0.014349,0.082149,0.044801
0.45748,-0.0054057,0.014876,0.88908,-0.014348,0.082149,0.044801
0.45748,-0.0054057,0.014876,0.88908,-0.014348,0.082149,0.044801
0.45748,-0.0054057,0.014876,0.88908,-0.014348,0.082149,0.044801
0.45748,-0.0054057,0.014876,0.88908,-0.014348,0.082149,0.044801
0.45748,-0.0054057,0.014876,0.88908,-0.014351,0.082151,0.044801
0.45748,-0.0054057,0.014876,0.88908,-0.014351,0.082151,0.044801
0.45748,-0.0054057,0.014876,0.88908,-0.014351,0.082151,0.044801
0.45748,-0.0054057,0.014876,0.88908,-0.014351,0.082151,0.044801
0.45748,-0.0054057,0.014876,0.88908,-0.014351,0.082151,0.044801
0.45748,-0.0054057,0.014876,0.88908,-0.014353,0.082153,0.044801
0.45748,-0.0054057,0.014876,0.88908,-0.014353,0.082153,0.044801
0.45748,-0.0054057,0.014876,0.88908,-0.014353,0.082153,0.044801
0.45748,-0.0054057,0.014876,0.88908,-0.014353,0.082153,0.044801
0.45748,-0.0054057,0.014876,0.88908,-0.014353,0.082153,0.044801
0.45748,-0.0054057,0.014876,0.88908,-0.014356,0.082155,0.044801
0.45748,-0.0054057,0.014876,0.88908,-0.014356,0.082155,0.044801
0.45748,-0.0054057,0.014876,0.88908,-0.014356,0.082155,0.044801
0.45748,-0.0054057,0.014876,0.88908,-0.014356,0.082155,0.044801
0.45748,-0.0054057,0.014876,0.88908,-0.014356,0.082155,0.044801
0.45748,-0.0054057,0.014876,0.88908,-0.014358,0.082157,0.044801
0.45748,-0.0054057,0.014876,0.88908,-0.014358,0.082157,0.044801
0.45748,-0.0054057,0.014876,0.88908,-0.014358,0.082157,0.044801
0.45748,-0.0054057,0.014876,0.88908,-0.014358,0.082157,0.044801
0.45748,-0.0054057,0.014876,0.88908,-0.014358,0.082157,0.044801
0.45748,-0.0054057,0.014876,0.88908,-0.01436,0.082158,0.044801
0.45748,-0.0054057,0.014876,0.88908,-0.01436,0.082158,0.044801
0.45748,-0.0054057,0.014876,0.88908,-0.01436,0.082159,0.044801
0.45748,-0.0054057,0.014876,0.88908,-0.01436,0.082159,0.044801
0.45748,-0.0054057,0.014876,0.88908,-0.01436,0.082159,0.044801
0.45748,-0.0054057,0.014876,0.88908,-0.014363,0.08216,0.044801
0.45748,-0.0054057,0.014876,0.88908,-0.014363,0.08216,0.044801
0.45748,-0.0054057,0.014876,0.88908,-0.014363,0.08216,0.044801
0.45748,-0.0054057,0.014876,0.88908,-0.014363,0.08216,0.044801
0.45748,-0.0054057,0.014876,0.88908,-0.014363,0.08216,0.044801
0.45748,-0.0054057,0.014876,0.88908,-0.014365,0.082162,0.044801
0.45748,-0.0054057,0.014876,0.88908,-0.014365,0.082162,0.044801
0.45748,-0.0054057,0.014876,0.88908,-0.014365,0.082162,0.044801
0.45748,-0.0054057,0.014876,0.88908,-0.014365,0.082162,0.044801
0.45748,-0.0054057,0.014876,0.88908,-0.014365,0.082162,0.044801
0.45748,-0.0054057,0.014876,0.88908,-0.014368,0.082164,0.044801
0.45748,-0.0054057,0.014876,0.88908,-0.014368,0.082164,0.044801
0.45748,-0.0054057,0.014876,0.88908,-0.014368,0.082164,0.044801
0.45748,-0.0054057,0.014876,0.88908,-0.014368,0.082164,0.044801
0.45748,-0.0054057,0.014876,0.88908,-0.014368,0.082164,0.044801
0.45748,-0.0054057,0.014876,0.88908,-0.01437,0.082166,0.044801
0.45748,-0.0054057,0.014876,0.88908,-0.01437,0.082166,0.044801
0.45748,-0.0054057,0.014876,0.88908,-0.01437,0.082166,0.044801
0.45748,-0.0054057,0.014876,0.88908,-0.01437,0.082166,0.044801
0.45748,-0.0054057,0.014876,0.88908,-0.01437,0.082166,0.044801
0.45748,-0.0054057,0.014876,0.88908,-0.014372,0.082168,0.044802
0.45748,-0.0054057,0.014876,0.88908,-0.014372,0.082168,0.044802
0.45748,-0.0054057,0.014876,0.88908,-0.014372,0.082168,0.044802
0.45748,-0.0054057,0.014876,0.88908,-0.014372,0.082168,0.044802
0.45748,-0.0054057,0.014876,0.88908,-0.014372,0.082168,0.044801
0.45748,-0.0054057,0.014876,0.88908,-0.014375,0.082169,0.044802
0.45748,-0.0054057,0.014876,0.88908,-0.014375,0.082169,0.044802
0.45748,-0.0054057,0.014876,0.88908,-0.014375,0.082169,0.044802
0.45748,-0.0054057,0.014876,0.88908,-0.014375,0.082169,0.044802
0.45748,-0.0054057,0.014876,0.88908,-0.014375,0.082169,0.044802
0.45748,-0.0054057,0.014876,0.88908,-0.014377,0.082171,0.044802
0.45748,-0.0054057,0.014876,0.88908,-0.014377,0.082171,0.044802
0.45748,-0.0054057,0.014876,0.88908,-0.014377,0.082171,0.044802
0.45748,-0.0054057,0.014876,0.88908,-0.014377,0.082171,0.044802
0.45748,-0.0054057,0.014876,0.88908,-0.014377,0.082171,0.044802
0.45748,-0.0054057,0.014876,0.88908,-0.014379,0.082173,0.044802
0.45748,-0.0054057,0.014876,0.88908,-0.014379,0.082173,0.044802
0.45748,-0.0054057,0.014876,0.88908,-0.014379,0.082173,0.044802
0.45748,-0.0054057,0.014876,0.88908,-0.014379,0.082173,0.044802
0.45748,-0.0054057,0.014876,0.88908,-0.014379,0.082173,0.044802
0.45748,-0.0054057,0.014876,0.88908,-0.014382,0.082175,0.044802
0.45748,-0.0054057,0.014876,0.88908,-0.014382,0.082175,0.044802
0.45748,-0.0054057,0.014876,0.88908,-0.014382,0.082175,0.044802
0.45748,-0.0054057,0.014876,0.88908,-0.014382,0.082175,0.044802
0.45748,-0.0054057,0.014876,0.88908,-0.014382,0.082175,0.044802
0.45748,-0.0054057,0.014876,0.88908,-0.014384,0.082177,0.044802
0.45748,-0.0054057,0.014876,0.88908,-0.014384,0.082177,0.044802
0.45748,-0.0054057,0.014876,0.88908,-0.014384,0.082177,0.044802
0.45748,-0.0054057,0.014876,0.88908,-0.014384,0.082177,0.044802
0.45748,-0.0054057,0.014876,0.88908,-0.014384,0.082177,0.044802
0.45748,-0.0054057,0.014876,0.88908,-0.014387,0.082178,0.044802
0.45748,-0.0054057,0.014876,0.88908,-0.014387,0.082178,0.044802
0.45748,-0.0054057,0.014876,0.88908,-0.014386,0.082178,0.044802
0.45748,-0.0054057,0.014876,0.88908,-0.014386,0.082178,0.044802
0.45748,-0.0054057,0.014876,0.88908,-0.014386,0.082178,0.044802
0.45748,-0.0054057,0.014876,0.88908,-0.014389,0.08218,0.044802
0.45748,-0.0054057,0.014876,0.88908,-0.014389,0.08218,0.044802
0.45748,-0.0054057,0.014876,0.88908,-0.014389,0.08218,0.044802
0.45748,-0.0054057,0.014876,0.88908,-0.014389,0.08218,0.044802
0.45748,-0.0054057,0.014876,0.88908,-0.014389,0.08218,0.044802
0.45748,-0.0054057,0.014876,0.88908,-0.014391,0.082182,0.044802
0.45748,-0.0054057,0.014876,0.88908,-0.014391,0.082182,0.044802
0.45748,-0.0054057,0.014876,0.88908,-0.014391,0.082182,0.044802
0.45748,-0.0054057,0.014876,0.88908,-0.014391,0.082182,0.044802
0.45748,-0.0054057,0.014876,0.88908,-0.014391,0.082182,0.044802
0.45748,-0.0054057,0.014876,0.88908,-0.014394,0.082184,0.044802
0.45748,-0.0054057,0.014876,0.88908,-0.014394,0.082184,0.044802
0.45748,-0.0054057,0.014876,0.88908,-0.014394,0.082184,0.044802
0.45748,-0.0054057,0.014876,0.88908,-0.014394,0.082184,0.044802
0.45748,-0.0054057,0.014876,0.88908,-0.014393,0.082184,0.044802
0.45748,-0.0054057,0.014876,0.88908,-0.014396,0.082186,0.044802
0.45748,-0.0054057,0.014876,0.88908,-0.014396,0.082186,0.044802
0.45748,-0.0054057,0.014876,0.88908,-0.014396,0.082186,0.044802
0.45748,-0.0054057,0.014876,0.88908,-0.014396,0.082186,0.044802
0.45748,-0.0054057,0.014876,0.88908,-0.014396,0.082186,0.044802
0.45748,-0.0054057,0.014876,0.88908,-0.014398,0.082187,0.044802
0.45748,-0.0054057,0.014876,0.88908,-0.014398,0.082187,0.044802
0.45748,-0.0054057,0.014876,0.88908,-0.014398,0.082187,0.044802
0.45748,-0.0054057,0.014876,0.88908,-0.014398,0.082188,0.044802
0.45748,-0.0054057,0.014876,0.88908,-0.014398,0.082188,0.044802
0.45748,-0.0054057,0.014876,0.88908,-0.014401,0.082189,0.044802
0.45748,-0.0054057,0.014876,0.88908,-0.014401,0.082189,0.044802
0.45748,-0.0054057,0.014876,0.88908,-0.014401,0.082189,0.044802
0.45748,-0.0054057,0.014876,0.88908,-0.014401,0.082189,0.044802
0.45748,-0.0054057,0.014876,0.88908,-0.014401,0.082189,0.044802
0.45748,-0.0054057,0.014876,0.88908,-0.014403,0.082191,0.044802
0.45748,-0.0054057,0.014876,0.88908,-0.014403,0.082191,0.044802
0.45748,-0.0054057,0.014876,0.88908,-0.014403,0.082191,0.044802
0.45748,-0.0054057,0.014876,0.88908,-0.014403,0.082191,0.044802
0.45748,-0.0054057,0.014876,0.88908,-0.014403,0.082191,0.044802
0.45748,-0.0054057,0.014876,0.88908,-0.014405,0.082193,0.044802
0.45748,-0.0054057,0.014876,0.88908,-0.014405,0.082193,0.044802
0.45748,-0.0054057,0.014876,0.88908,-0.014405,0.082193,0.044802
0.45748,-0.0054057,0.014876,0.88908,-0.014405,0.082193,0.044802
0.45748,-0.0054057,0.014876,0.88908,-0.014405,0.082193,0.044802
0.45748,-0.0054057,0.014876,0.88908,-0.014408,0.082195,0.044802
0.45748,-0.0054057,0.014876,0.88908,-0.014408,0.082195,0.044802
0.45748,-0.0054057,0.014876,0.88908,-0.014408,0.082195,0.044802
0.45748,-0.0054057,0.014876,0.88908,-0.014408,0.082195,0.044802
0.45748,-0.0054057,0.014876,0.88908,-0.014408,0.082195,0.044802
0.45748,-0.0054057,0.014876,0.88908,-0.01441,0.082196,0.044802
0.45748,-0.0054057,0.014876,0.88908,-0.01441,0.082196,0.044802
0.45748,-0.0054057,0.014876,0.88908,-0.01441,0.082196,0.044802
0.45748,-0.0054057,0.014876,0.88908,-0.01441,0.082197,0.044802
0.45748,-0.0054057,0.014876,0.88908,-0.01441,0.082197,0.044802
0.45748,-0.0054057,0.014876,0.88908,-0.014412,0.082198,0.044802
0.45748,-0.0054057,0.014876,0.88908,-0.014412,0.082198,0.044802
0.45748,-0.0054057,0.014876,0.88908,-0.014412,0.082198,0.044802
0.45748,-0.0054057,0.014876,0.88908,-0.014412,0.082198,0.044802
0.45748,-0.0054057,0.014876,0.88908,-0.014412,0.082198,0.044802
0.45748,-0.0054057,0.014876,0.88908,-0.014415,0.0822,0.044803
0.45748,-0.0054057,0.014876,0.88908,-0.014415,0.0822,0.044803
0.45748,-0.0054057,0.014876,0.88908,-0.014415,0.0822,0.044803
0.45748,-0.0054057,0.014876,0.88908,-0.014415,0.0822,0.044803
0.45748,-0.0054057,0.014876,0.88908,-0.014415,0.0822,0.044803
0.45748,-0.0054057,0.014876,0.88908,-0.014417,0.082202,0.044803
0.45748,-0.0054057,0.014876,0.88908,-0.014417,0.082202,0.044803
0.45748,-0.0054057,0.014876,0.88908,-0.014417,0.082202,0.044803
0.45748,-0.0054057,0.014876,0.88908,-0.014417,0.082202,0.044803
0.45748,-0.0054057,0.014876,0.88908,-0.014417,0.082202,0.044803
0.45748,-0.0054057,0.014876,0.88908,-0.01442,0.082204,0.044803
0.45748,-0.0054057,0.014876,0.88908,-0.01442,0.082204,0.044803
0.45748,-0.0054057,0.014876,0.88908,-0.014419,0.082204,0.044803
0.45748,-0.0054057,0.014876,0.88908,-0.014419,0.082204,0.044803
0.45748,-0.0054057,0.014876,0.88908,-0.014419,0.082204,0.044803
0.45748,-0.0054057,0.014876,0.88908,-0.014422,0.082205,0.044803
0.45748,-0.0054057,0.014876,0.88908,-0.014422,0.082205,0.044803
0.45748,-0.0054057,0.014876,0.88908,-0.014422,0.082205,0.044803
0.45748,-0.0054057,0.014876,0.88908,-0.014422,0.082205,0.044803
0.45748,-0.0054057,0.014876,0.88908,-0.014422,0.082205,0.044803
0.45748,-0.0054057,0.014876,0.88908,-0.014424,0.082207,0.044803
0.45748,-0.0054057,0.014876,0.88908,-0.014424,0.082207,0.044803
0.45748,-0.0054057,0.014876,0.88908,-0.014424,0.082207,0.044803
0.45748,-0.0054057,0.014876,0.88908,-0.014424,0.082207,0.044803
0.45748,-0.0054057,0.014876,0.88908,-0.014424,0.082207,0.044803
0.45748,-0.0054057,0.014876,0.88908,-0.014427,0.082209,0.044803
0.45748,-0.0054057,0.014876,0.88908,-0.014427,0.082209,0.044803
0.45748,-0.0054057,0.014876,0.88908,-0.014427,0.082209,0.044803
0.45748,-0.0054057,0.014876,0.88908,-0.014427,0.082209,0.044803
0.45748,-0.0054057,0.014876,0.88908,-0.014427,0.082209,0.044803
0.45748,-0.0054057,0.014876,0.88908,-0.014429,0.082211,0.044803
0.45748,-0.0054057,0.014876,0.88908,-0.014429,0.082211,0.044803
0.45748,-0.0054057,0.014876,0.88908,-0.014429,0.082211,0.044803
0.45748,-0.0054057,0.014876,0.88908,-0.014429,0.082211,0.044803
0.45748,-0.0054057,0.014876,0.88908,-0.014429,0.082211,0.044803
0.45748,-0.0054057,0.014876,0.88908,-0.014431,0.082212,0.044803
0.45748,-0.0054057,0.014876,0.88908,-0.014431,0.082212,0.044803
0.45748,-0.0054057,0.014876,0.88908,-0.014431,0.082213,0.044803
0.45748,-0.0054057,0.014876,0.88908,-0.014431,0.082213,0.044803
0.45748,-0.0054057,0.014876,0.88908,-0.014431,0.082213,0.044803
0.45748,-0.0054057,0.014876,0.88908,-0.014434,0.082214,0.044803
0.45748,-0.0054057,0.014876,0.88908,-0.014434,0.082214,0.044803
0.45748,-0.0054057,0.014876,0.88908,-0.014434,0.082214,0.044803
0.45748,-0.0054057,0.014876,0.88908,-0.014434,0.082214,0.044803
0.45748,-0.0054057,0.014876,0.88908,-0.014434,0.082214,0.044803
0.45748,-0.0054057,0.014876,0.88908,-0.014436,0.082216,0.044803
0.45748,-0.0054057,0.014876,0.88908,-0.014436,0.082216,0.044803
0.45748,-0.0054057,0.014876,0.88908,-0.014436,0.082216,0.044803
0.45748,-0.0054057,0.014876,0.88908,-0.014436,0.082216,0.044803
0.45748,-0.0054057,0.014876,0.88908,-0.014436,0.082216,0.044803
0.45748,-0.0054057,0.014876,0.88908,-0.014438,0.082218,0.044804
0.45748,-0.0054057,0.014876,0.88908,-0.014438,0.082218,0.044804
0.45748,-0.0054057,0.014876,0.88908,-0.014438,0.082218,0.044803
0.45748,-0.0054057,0.014876,0.88908,-0.014438,0.082218,0.044803
0.45748,-0.0054057,0.014876,0.88908,-0.014438,0.082218,0.044803
0.45748,-0.0054057,0.014876,0.88908,-0.014441,0.08222,0.044804
0.45748,-0.0054057,0.014876,0.88908,-0.014441,0.08222,0.044804
0.45748,-0.0054057,0.014876,0.88908,-0.014441,0.08222,0.044804
0.45748,-0.0054057,0.014876,0.88908,-0.014441,0.08222,0.044804
0.45748,-0.0054057,0.014876,0.88908,-0.014441,0.08222,0.044804
0.45748,-0.0054057,0.014876,0.88908,-0.014443,0.082221,0.044804
0.45748,-0.0054057,0.014876,0.88908,-0.014443,0.082221,0.044804
0.45748,-0.0054057,0.014876,0.88908,-0.014443,0.082221,0.044804
0.45748,-0.0054057,0.014876,0.88908,-0.014443,0.082221,0.044804
0.45748,-0.0054057,0.014876,0.88908,-0.014443,0.082221,0.044804
0.45748,-0.0054057,0.014876,0.88908,-0.014445,0.082223,0.044804
0.45748,-0.0054057,0.014876,0.88908,-0.014445,0.082223,0.044804
0.45748,-0.0054057,0.014876,0.88908,-0.014445,0.082223,0.044804
0.45748,-0.0054057,0.014876,0.88908,-0.014445,0.082223,0.044804
0.45748,-0.0054057,0.014876,0.88908,-0.014445,0.082223,0.044804
0.45748,-0.0054057,0.014876,0.88908,-0.014448,0.082225,0.044804
0.45748,-0.0054057,0.014876,0.88908,-0.014448,0.082225,0.044804
0.45748,-0.0054057,0.014876,0.88908,-0.014448,0.082225,0.044804
0.45748,-0.0054057,0.014876,0.88908,-0.014448,0.082225,0.044804
0.45748,-0.0054057,0.014876,0.88908,-0.014448,0.082225,0.044804
0.45748,-0.0054057,0.014876,0.88908,-0.01445,0.082227,0.044804
0.45748,-0.0054057,0.014876,0.88908,-0.01445,0.082227,0.044804
0.45748,-0.0054057,0.014876,0.88908,-0.01445,0.082227,0.044804
0.45748,-0.0054057,0.014876,0.88908,-0.01445,0.082227,0.044804
0.45748,-0.0054057,0.014876,0.88908,-0.01445,0.082227,0.044804
0.45748,-0.0054057,0.014876,0.88908,-0.014452,0.082228,0.044804
0.45748,-0.0054057,0.014876,0.88908,-0.014452,0.082228,0.044804
0.45748,-0.0054057,0.014876,0.88908,-0.014452,0.082228,0.044804
0.45748,-0.0054057,0.014876,0.88908,-0.014452,0.082228,0.044804
0.45748,-0.0054057,0.014876,0.88908,-0.014452,0.082228,0.044804
0.45748,-0.0054057,0.014876,0.88908,-0.014455,0.08223,0.044804
0.45748,-0.0054057,0.014876,0.88908,-0.014455,0.08223,0.044804
0.45748,-0.0054057,0.014876,0.88908,-0.014455,0.08223,0.044804
0.45748,-0.0054057,0.014876,0.88908,-0.014455,0.08223,0.044804
0.45748,-0.0054057,0.014876,0.88908,-0.014455,0.08223,0.044804
0.45748,-0.0054057,0.014876,0.88908,-0.014457,0.082232,0.044804
0.45748,-0.0054057,0.014876,0.88908,-0.014457,0.082232,0.044804
0.45748,-0.0054057,0.014876,0.88908,-0.014457,0.082232,0.044804
0.45748,-0.0054057,0.014876,0.88908,-0.014457,0.082232,0.044804
0.45748,-0.0054057,0.014876,0.88908,-0.014457,0.082232,0.044804
0.45748,-0.0054057,0.014876,0.88908,-0.014459,0.082234,0.044804
0.45748,-0.0054057,0.014876,0.88908,-0.014459,0.082234,0.044804
0.45748,-0.0054057,0.014876,0.88908,-0.014459,0.082234,0.044804
0.45748,-0.0054057,0.014876,0.88908,-0.014459,0.082234,0.044804
0.45748,-0.0054057,0.014876,0.88908,-0.014459,0.082234,0.044804
0.45748,-0.0054057,0.014876,0.88908,-0.014462,0.082235,0.044805
0.45748,-0.0054057,0.014876,0.88908,-0.014462,0.082235,0.044805
0.45748,-0.0054057,0.014876,0.88908,-0.014461,0.082235,0.044805
0.45748,-0.0054057,0.014876,0.88908,-0.014461,0.082235,0.044805
0.45748,-0.0054057,0.014876,0.88908,-0.014461,0.082235,0.044805
0.45748,-0.0054057,0.014876,0.88908,-0.014464,0.082237,0.044805
0.45748,-0.0054057,0.014876,0.88908,-0.014464,0.082237,0.044805
0.45748,-0.0054057,0.014876,0.88908,-0.014464,0.082237,0.044805
0.45748,-0.0054057,0.014876,0.88908,-0.014464,0.082237,0.044805
0.45748,-0.0054057,0.014876,0.88908,-0.014464,0.082237,0.044805
0.45748,-0.0054057,0.014876,0.88908,-0.014466,0.082239,0.044805
0.45748,-0.0054057,0.014876,0.88908,-0.014466,0.082239,0.044805
0.45748,-0.0054057,0.014876,0.88908,-0.014466,0.082239,0.044805
0.45748,-0.0054057,0.014876,0.88908,-0.014466,0.082239,0.044805
0.45748,-0.0054057,0.014876,0.88908,-0.014466,0.082239,0.044805
0.45748,-0.0054057,0.014876,0.88908,-0.014468,0.082241,0.044805
0.45748,-0.0054057,0.014876,0.88908,-0.014468,0.082241,0.044805
0.45748,-0.0054057,0.014876,0.88908,-0.014468,0.082241,0.044805
0.45748,-0.0054057,0.014876,0.88908,-0.014468,0.082241,0.044805
0.45748,-0.0054057,0.014876,0.88908,-0.014468,0.082241,0.044805
0.45748,-0.0054057,0.014876,0.88908,-0.014471,0.082242,0.044805
0.45748,-0.0054057,0.014876,0.88908,-0.014471,0.082242,0.044805
0.45748,-0.0054057,0.014876,0.88908,-0.014471,0.082242,0.044805
0.45748,-0.0054057,0.014876,0.88908,-0.014471,0.082242,0.044805
0.45748,-0.0054057,0.014876,0.88908,-0.014471,0.082242,0.044805
0.45748,-0.0054057,0.014876,0.88908,-0.014473,0.082244,0.044805
0.45748,-0.0054057,0.014876,0.88908,-0.014473,0.082244,0.044805
0.45748,-0.0054057,0.014876,0.88908,-0.014473,0.082244,0.044805
0.45748,-0.0054057,0.014876,0.88908,-0.014473,0.082244,0.044805
0.45748,-0.0054057,0.014876,0.88908,-0.014473,0.082244,0.044805
0.45748,-0.0054057,0.014876,0.88908,-0.014475,0.082246,0.044805
0.45748,-0.0054057,0.014876,0.88908,-0.014475,0.082246,0.044805
0.45748,-0.0054057,0.014876,0.88908,-0.014475,0.082246,0.044805
0.45748,-0.0054057,0.014876,0.88908,-0.014475,0.082246,0.044805
0.45748,-0.0054057,0.014876,0.88908,-0.014475,0.082246,0.044805
0.45748,-0.0054057,0.014876,0.88908,-0.014477,0.082248,0.044805
0.45748,-0.0054057,0.014876,0.88908,-0.014477,0.082248,0.044805
0.45748,-0.0054057,0.014876,0.88908,-0.014477,0.082248,0.044805
0.45748,-0.0054057,0.014876,0.88908,-0.014477,0.082248,0.044805
0.45748,-0.0054057,0.014876,0.88908,-0.014477,0.082248,0.044805
0.45748,-0.0054057,0.014876,0.88908,-0.01448,0.082249,0.044805
0.45748,-0.0054057,0.014876,0.88908,-0.01448,0.082249,0.044805
0.45748,-0.0054057,0.014876,0.88908,-0.01448,0.082249,0.044805
0.45748,-0.0054057,0.014876,0.88908,-0.01448,0.08225,0.044805
0.45748,-0.0054057,0.014876,0.88908,-0.01448,0.08225,0.044805
0.45748,-0.0054057,0.014876,0.88908,-0.014482,0.082251,0.044805
0.45748,-0.0054057,0.014876,0.88908,-0.014482,0.082251,0.044805
0.45748,-0.0054057,0.014876,0.88908,-0.014482,0.082251,0.044805
0.45748,-0.0054057,0.014876,0.88908,-0.014482,0.082251,0.044805
0.45748,-0.0054057,0.014876,0.88908,-0.014482,0.082251,0.044805
0.45748,-0.0054057,0.014876,0.88908,-0.014484,0.082253,0.044806
0.45748,-0.0054057,0.014876,0.88908,-0.014484,0.082253,0.044806
0.45748,-0.0054057,0.014876,0.88908,-0.014484,0.082253,0.044806
0.45748,-0.0054057,0.014876,0.88908,-0.014484,0.082253,0.044806
0.45748,-0.0054057,0.014876,0.88908,-0.014484,0.082253,0.044805
0.45748,-0.0054057,0.014876,0.88908,-0.014486,0.082255,0.044806
0.45748,-0.0054057,0.014876,0.88908,-0.014486,0.082255,0.044806
0.45748,-0.0054057,0.014876,0.88908,-0.014486,0.082255,0.044806
0.45748,-0.0054057,0.014876,0.88908,-0.014486,0.082255,0.044806
0.45748,-0.0054057,0.014876,0.88908,-0.014486,0.082255,0.044806
0.45748,-0.0054057,0.014876,0.88908,-0.014489,0.082256,0.044806
0.45748,-0.0054057,0.014876,0.88908,-0.014489,0.082256,0.044806
0.45748,-0.0054057,0.014876,0.88908,-0.014489,0.082257,0.044806
0.45748,-0.0054057,0.014876,0.88908,-0.014489,0.082257,0.044806
0.45748,-0.0054057,0.014876,0.88908,-0.014489,0.082257,0.044806
0.45748,-0.0054057,0.014876,0.88908,-0.014491,0.082258,0.044806
0.45748,-0.0054057,0.014876,0.88908,-0.014491,0.082258,0.044806
0.45748,-0.0054057,0.014876,0.88908,-0.014491,0.082258,0.044806
0.45748,-0.0054057,0.014876,0.88908,-0.014491,0.082258,0.044806
0.45748,-0.0054057,0.014876,0.88908,-0.014491,0.082258,0.044806
0.45748,-0.0054057,0.014876,0.88908,-0.014493,0.08226,0.044806
0.45748,-0.0054057,0.014876,0.88908,-0.014493,0.08226,0.044806
0.45748,-0.0054057,0.014876,0.88908,-0.014493,0.08226,0.044806
0.45748,-0.0054057,0.014876,0.88908,-0.014493,0.08226,0.044806
0.45748,-0.0054057,0.014876,0.88908,-0.014493,0.08226,0.044806
0.45748,-0.0054057,0.014876,0.88908,-0.014495,0.082262,0.044806
0.45748,-0.0054057,0.014876,0.88908,-0.014495,0.082262,0.044806
0.45748,-0.0054057,0.014876,0.88908,-0.014495,0.082262,0.044806
0.45748,-0.0054057,0.014876,0.88908,-0.014495,0.082262,0.044806
0.45748,-0.0054057,0.014876,0.88908,-0.014495,0.082262,0.044806
0.45748,-0.0054057,0.014876,0.88908,-0.014498,0.082264,0.044806
0.45748,-0.0054057,0.014876,0.88908,-0.014498,0.082264,0.044806
0.45748,-0.0054057,0.014876,0.88908,-0.014498,0.082264,0.044806
0.45748,-0.0054057,0.014876,0.88908,-0.014498,0.082264,0.044806
0.45748,-0.0054057,0.014876,0.88908,-0.014498,0.082264,0.044806
0.45748,-0.0054057,0.014876,0.88908,-0.0145,0.082265,0.044806
0.45748,-0.0054057,0.014876,0.88908,-0.0145,0.082265,0.044806
0.45748,-0.0054057,0.014876,0.88908,-0.0145,0.082265,0.044806
0.45748,-0.0054057,0.014876,0.88908,-0.0145,0.082265,0.044806
0.45748,-0.0054057,0.014876,0.88908,-0.0145,0.082265,0.044806
0.45748,-0.0054057,0.014876,0.88908,-0.014502,0.082267,0.044806
0.45748,-0.0054057,0.014876,0.88908,-0.014502,0.082267,0.044806
0.45748,-0.0054057,0.014876,0.88908,-0.014502,0.082267,0.044806
0.45748,-0.0054057,0.014876,0.88908,-0.014502,0.082267,0.044806
0.45748,-0.0054057,0.014876,0.88908,-0.014502,0.082267,0.044806
0.45748,-0.0054057,0.014876,0.88908,-0.014504,0.082269,0.044806
0.45748,-0.0054057,0.014876,0.88908,-0.014504,0.082269,0.044806
0.45748,-0.0054057,0.014876,0.88908,-0.014504,0.082269,0.044806
0.45748,-0.0054057,0.014876,0.88908,-0.014504,0.082269,0.044806
0.45748,-0.0054057,0.014876,0.88908,-0.014504,0.082269,0.044806
0.45748,-0.0054057,0.014876,0.88908,-0.014507,0.082271,0.044806
0.45748,-0.0054057,0.014876,0.88908,-0.014507,0.082271,0.044806
0.45748,-0.0054057,0.014876,0.88908,-0.014507,0.082271,0.044806
0.45748,-0.0054057,0.014876,0.88908,-0.014507,0.082271,0.044806
0.45748,-0.0054057,0.014876,0.88908,-0.014507,0.082271,0.044806
0.45748,-0.0054057,0.014876,0.88908,-0.014509,0.082272,0.044806
0.45748,-0.0054057,0.014876,0.88908,-0.014509,0.082272,0.044806
0.45748,-0.0054057,0.014876,0.88908,-0.014509,0.082272,0.044806
0.45748,-0.0054057,0.014876,0.88908,-0.014509,0.082272,0.044806
0.45748,-0.0054057,0.014876,0.88908,-0.014509,0.082272,0.044806
0.45748,-0.0054057,0.014876,0.88908,-0.014511,0.082274,0.044806
0.45748,-0.0054057,0.014876,0.88908,-0.014511,0.082274,0.044806
0.45748,-0.0054057,0.014876,0.88908,-0.014511,0.082274,0.044806
0.45748,-0.0054057,0.014876,0.88908,-0.014511,0.082274,0.044806
0.45748,-0.0054057,0.014876,0.88908,-0.014511,0.082274,0.044806
0.45748,-0.0054057,0.014876,0.88908,-0.014513,0.082276,0.044806
0.45748,-0.0054057,0.014876,0.88908,-0.014513,0.082276,0.044806
0.45748,-0.0054057,0.014876,0.88908,-0.014513,0.082276,0.044806
0.45748,-0.0054057,0.014876,0.88908,-0.014513,0.082276,0.044806
0.45748,-0.0054057,0.014876,0.88908,-0.014513,0.082276,0.044806
0.45748,-0.0054057,0.014876,0.88908,-0.014516,0.082278,0.044807
0.45748,-0.0054057,0.014876,0.88908,-0.014515,0.082278,0.044806
0.45748,-0.0054057,0.014876,0.88908,-0.014515,0.082278,0.044806
0.45748,-0.0054057,0.014876,0.88908,-0.014515,0.082278,0.044806
0.45748,-0.0054057,0.014876,0.88908,-0.014515,0.082278,0.044806
0.45748,-0.0054057,0.014876,0.88908,-0.014518,0.082279,0.044807
0.45748,-0.0054057,0.014876,0.88908,-0.014518,0.082279,0.044807
0.45748,-0.0054057,0.014876,0.88908,-0.014518,0.082279,0.044807
0.45748,-0.0054057,0.014876,0.88908,-0.014518,0.08228,0.044807
0.45748,-0.0054057,0.014876,0.88908,-0.014518,0.08228,0.044807
0.45748,-0.0054057,0.014876,0.88908,-0.01452,0.082281,0.044807
0.45748,-0.0054057,0.014876,0.88908,-0.01452,0.082281,0.044807
0.45748,-0.0054057,0.014876,0.88908,-0.01452,0.082281,0.044807
0.45748,-0.0054057,0.014876,0.88908,-0.01452,0.082281,0.044807
0.45748,-0.0054057,0.014876,0.88908,-0.01452,0.082281,0.044807
0.45748,-0.0054057,0.014876,0.88908,-0.014522,0.082283,0.044807
0.45748,-0.0054057,0.014876,0.88908,-0.014522,0.082283,0.044807
0.45748,-0.0054057,0.014876,0.88908,-0.014522,0.082283,0.044807
0.45748,-0.0054057,0.014876,0.88908,-0.014522,0.082283,0.044807
0.45748,-0.0054057,0.014876,0.88908,-0.014522,0.082283,0.044807
0.45748,-0.0054057,0.014876,0.88908,-0.014524,0.082285,0.044807
0.45748,-0.0054057,0.014876,0.88908,-0.014524,0.082285,0.044807
0.45748,-0.0054057,0.014876,0.88908,-0.014524,0.082285,0.044807
0.45748,-0.0054057,0.014876,0.88908,-0.014524,0.082285,0.044807
0.45748,-0.0054057,0.014876,0.88908,-0.014524,0.082285,0.044807
0.45748,-0.0054057,0.014876,0.88908,-0.014526,0.082286,0.044807
0.45748,-0.0054057,0.014876,0.88908,-0.014526,0.082286,0.044807
0.45748,-0.0054057,0.014876,0.88908,-0.014526,0.082287,0.044807
0.45748,-0.0054057,0.014876,0.88908,-0.014526,0.082287,0.044807
0.45748,-0.0054057,0.014876,0.88908,-0.014526,0.082287,0.044807
0.45748,-0.0054057,0.014876,0.88908,-0.014529,0.082288,0.044807
0.45748,-0.0054057,0.014876,0.88908,-0.014529,0.082288,0.044807
0.45748,-0.0054057,0.014876,0.88908,-0.014529,0.082288,0.044807
0.45748,-0.0054057,0.014876,0.88908,-0.014529,0.082288,0.044807
0.45748,-0.0054057,0.014876,0.88908,-0.014528,0.082288,0.044807
0.45748,-0.0054057,0.014876,0.88908,-0.014531,0.08229,0.044807
0.45748,-0.0054057,0.014876,0.88908,-0.014531,0.08229,0.044807
0.45748,-0.0054057,0.014876,0.88908,-0.014531,0.08229,0.044807
0.45748,-0.0054057,0.014876,0.88908,-0.014531,0.08229,0.044807
0.45748,-0.0054057,0.014876,0.88908,-0.014531,0.08229,0.044807
0.45748,-0.0054057,0.014876,0.88908,-0.014533,0.082292,0.044807
0.45748,-0.0054057,0.014876,0.88908,-0.014533,0.082292,0.044807
