-0.32057,0.032715,-0.018163,0.94648,-0.041561,-0.043675,0.016056
-0.32057,0.032715,-0.018163,0.94648,-0.041561,-0.043675,0.016056
-0.32057,0.032715,-0.018163,0.94648,-0.041561,-0.043675,0.016056
-0.32057,0.032715,-0.018163,0.94648,-0.041561,-0.043675,0.016056
-0.32057,0.032715,-0.018163,0.94648,-0.041561,-0.043675,0.016056
-0.32057,0.032715,-0.018163,0.94648,-0.041561,-0.043675,0.016056
-0.32057,0.032715,-0.018163,0.94648,-0.041561,-0.043675,0.016056
-0.32057,0.032715,-0.018163,0.94648,-0.041564,-0.043673,0.016056
-0.32057,0.032715,-0.018163,0.94648,-0.041564,-0.043673,0.016056
-0.32057,0.032715,-0.018163,0.94648,-0.041564,-0.043673,0.016056
-0.32057,0.032715,-0.018163,0.94648,-0.041564,-0.043673,0.016056
-0.32057,0.032715,-0.018163,0.94648,-0.041564,-0.043673,0.016056
-0.32057,0.032715,-0.018163,0.94648,-0.041567,-0.043671,0.016056
-0.32057,0.032715,-0.018163,0.94648,-0.041567,-0.043671,0.016056
-0.32057,0.032715,-0.018163,0.94648,-0.041567,-0.043671,0.016056
-0.32057,0.032715,-0.018163,0.94648,-0.041567,-0.043671,0.016056
-0.32057,0.032715,-0.018163,0.94648,-0.041567,-0.043671,0.016056
-0.32057,0.032715,-0.018163,0.94648,-0.04157,-0.043669,0.016056
-0.32057,0.032715,-0.018163,0.94648,-0.04157,-0.043669,0.016056
-0.32057,0.032715,-0.018163,0.94648,-0.04157,-0.043669,0.016056
-0.32057,0.032715,-0.018163,0.94648,-0.04157,-0.043669,0.016056
-0.32057,0.032715,-0.018163,0.94648,-0.04157,-0.043669,0.016056
-0.32057,0.032715,-0.018163,0.94648,-0.041572,-0.043667,0.016057
-0.32057,0.032715,-0.018163,0.94648,-0.041572,-0.043667,0.016057
-0.32057,0.032715,-0.018163,0.94648,-0.041572,-0.043667,0.016057
-0.32057,0.032715,-0.018163,0.94648,-0.041572,-0.043667,0.016057
-0.32057,0.032715,-0.018163,0.94648,-0.041572,-0.043667,0.016057
-0.32057,0.032715,-0.018163,0.94648,-0.041575,-0.043665,0.016057
-0.32057,0.032715,-0.018163,0.94648,-0.041575,-0.043665,0.016057
-0.32057,0.032715,-0.018163,0.94648,-0.041575,-0.043665,0.016057
-0.32057,0.032715,-0.018163,0.94648,-0.041575,-0.043665,0.016057
-0.32057,0.032715,-0.018163,0.94648,-0.041575,-0.043665,0.016057
-0.32057,0.032715,-0.018163,0.94648,-0.041578,-0.043663,0.016057
-0.32057,0.032715,-0.018163,0.94648,-0.041578,-0.043663,0.016057
-0.32057,0.032715,-0.018163,0.94648,-0.041578,-0.043663,0.016057
-0.32057,0.032715,-0.018163,0.94648,-0.041578,-0.043663,0.016057
-0.32057,0.032715,-0.018163,0.94648,-0.041578,-0.043663,0.016057
-0.32057,0.032715,-0.018163,0.94648,-0.041581,-0.043661,0.016057
-0.32057,0.032715,-0.018163,0.94648,-0.041581,-0.043661,0.016057
-0.32057,0.032715,-0.018163,0.94648,-0.041581,-0.043661,0.016057
-0.32057,0.032715,-0.018163,0.94648,-0.041581,-0.043661,0.016057
-0.32057,0.032715,-0.018163,0.94648,-0.041581,-0.043661,0.016057
-0.32057,0.032715,-0.018163,0.94648,-0.041583,-0.043659,0.016057
-0.32057,0.032715,-0.018163,0.94648,-0.041583,-0.043659,0.016057
-0.32057,0.032715,-0.018163,0.94648,-0.041583,-0.043659,0.016057
-0.32057,0.032715,-0.018163,0.94648,-0.041583,-0.043659,0.016057
-0.32057,0.032715,-0.018163,0.94648,-0.041583,-0.043659,0.016057
-0.32057,0.032715,-0.018163,0.94648,-0.041586,-0.043658,0.016057
-0.32057,0.032715,-0.018163,0.94648,-0.041586,-0.043658,0.016057
-0.32057,0.032715,-0.018163,0.94648,-0.041586,-0.043658,0.016057
-0.32057,0.032715,-0.018163,0.94648,-0.041586,-0.043658,0.016057
-0.32057,0.032715,-0.018163,0.94648,-0.041586,-0.043658,0.016057
-0.32057,0.032715,-0.018163,0.94648,-0.041589,-0.043656,0.016057
-0.32057,0.032715,-0.018163,0.94648,-0.041589,-0.043656,0.016057
-0.32057,0.032715,-0.018163,0.94648,-0.041589,-0.043656,0.016057
-0.32057,0.032715,-0.018163,0.94648,-0.041589,-0.043656,0.016057
-0.32057,0.032715,-0.018163,0.94648,-0.041589,-0.043656,0.016057
-0.32057,0.032715,-0.018163,0.94648,-0.041591,-0.043654,0.016057
-0.32057,0.032715,-0.018163,0.94648,-0.041591,-0.043654,0.016057
-0.32057,0.032715,-0.018163,0.94648,-0.041591,-0.043654,0.016057
-0.32057,0.032715,-0.018163,0.94648,-0.041591,-0.043654,0.016057
-0.32057,0.032715,-0.018163,0.94648,-0.041591,-0.043654,0.016057
-0.32057,0.032715,-0.018163,0.94648,-0.041594,-0.043652,0.016058
-0.32057,0.032715,-0.018163,0.94648,-0.041594,-0.043652,0.016058
-0.32057,0.032715,-0.018163,0.94648,-0.041594,-0.043652,0.016058
-0.32057,0.032715,-0.018163,0.94648,-0.041594,-0.043652,0.016058
-0.32057,0.032715,-0.018163,0.94648,-0.041594,-0.043652,0.016058
-0.32057,0.032715,-0.018163,0.94648,-0.041597,-0.04365,0.016058
-0.32057,0.032715,-0.018163,0.94648,-0.041597,-0.04365,0.016058
-0.32057,0.032715,-0.018163,0.94648,-0.041597,-0.04365,0.016058
-0.32057,0.032715,-0.018163,0.94648,-0.041597,-0.04365,0.016058
-0.32057,0.032715,-0.018163,0.94648,-0.041597,-0.04365,0.016058
-0.32057,0.032715,-0.018163,0.94648,-0.0416,-0.043648,0.016058
-0.32057,0.032715,-0.018163,0.94648,-0.0416,-0.043648,0.016058
-0.32057,0.032715,-0.018163,0.94648,-0.0416,-0.043648,0.016058
-0.32057,0.032715,-0.018163,0.94648,-0.0416,-0.043648,0.016058
-0.32057,0.032715,-0.018163,0.94648,-0.0416,-0.043648,0.016058
-0.32057,0.032715,-0.018163,0.94648,-0.041602,-0.043646,0.016058
-0.32057,0.032715,-0.018163,0.94648,-0.041602,-0.043646,0.016058
-0.32057,0.032715,-0.018163,0.94648,-0.041602,-0.043646,0.016058
-0.32057,0.032715,-0.018163,0.94648,-0.041602,-0.043646,0.016058
-0.32057,0.032715,-0.018163,0.94648,-0.041602,-0.043646,0.016058
-0.32057,0.032715,-0.018163,0.94648,-0.041605,-0.043644,0.016058
-0.32057,0.032715,-0.018163,0.94648,-0.041605,-0.043644,0.016058
-0.32057,0.032715,-0.018163,0.94648,-0.041605,-0.043644,0.016058
-0.32057,0.032715,-0.018163,0.94648,-0.041605,-0.043644,0.016058
-0.32057,0.032715,-0.018163,0.94648,-0.041605,-0.043644,0.016058
-0.32057,0.032715,-0.018163,0.94648,-0.041608,-0.043642,0.016058
-0.32057,0.032715,-0.018163,0.94648,-0.041608,-0.043642,0.016058
-0.32057,0.032715,-0.018163,0.94648,-0.041608,-0.043642,0.016058
-0.32057,0.032715,-0.018163,0.94648,-0.041608,-0.043642,0.016058
-0.32057,0.032715,-0.018163,0.94648,-0.041608,-0.043642,0.016058
-0.32057,0.032715,-0.018163,0.94648,-0.04161,-0.04364,0.016058
-0.32057,0.032715,-0.018163,0.94648,-0.04161,-0.04364,0.016058
-0.32057,0.032715,-0.018163,0.94648,-0.04161,-0.04364,0.016058
-0.32057,0.032715,-0.018163,0.94648,-0.04161,-0.04364,0.016058
-0.32057,0.032715,-0.018163,0.94648,-0.04161,-0.04364,0.016058
-0.32057,0.032715,-0.018163,0.94648,-0.041613,-0.043638,0.016058
-0.32057,0.032715,-0.018163,0.94648,-0.041613,-0.043638,0.016058
-0.32057,0.032715,-0.018163,0.94648,-0.041613,-0.043638,0.016058
-0.32057,0.032715,-0.018163,0.94648,-0.041613,-0.043638,0.016058
-0.32057,0.032715,-0.018163,0.94648,-0.041613,-0.043638,0.016058
-0.32057,0.032715,-0.018163,0.94648,-0.041616,-0.043636,0.016058
-0.32057,0.032715,-0.018163,0.94648,-0.041616,-0.043636,0.016058
-0.32057,0.032715,-0.018163,0.94648,-0.041616,-0.043636,0.016058
-0.32057,0.032715,-0.018163,0.94648,-0.041616,-0.043636,0.016058
-0.32057,0.032715,-0.018163,0.94648,-0.041616,-0.043636,0.016058
-0.32057,0.032715,-0.018163,0.94648,-0.041618,-0.043634,0.016058
-0.32057,0.032715,-0.018163,0.94648,-0.041618,-0.043634,0.016058
-0.32057,0.032715,-0.018163,0.94648,-0.041618,-0.043634,0.016058
-0.32057,0.032715,-0.018163,0.94648,-0.041618,-0.043634,0.016058
-0.32057,0.032715,-0.018163,0.94648,-0.041618,-0.043634,0.016058
-0.32057,0.032715,-0.018163,0.94648,-0.041621,-0.043632,0.016059
-0.32057,0.032715,-0.018163,0.94648,-0.041621,-0.043632,0.016059
-0.32057,0.032715,-0.018163,0.94648,-0.041621,-0.043632,0.016059
-0.32057,0.032715,-0.018163,0.94648,-0.041621,-0.043632,0.016059
-0.32057,0.032715,-0.018163,0.94648,-0.041621,-0.043632,0.016059
-0.32057,0.032715,-0.018163,0.94648,-0.041624,-0.04363,0.016059
-0.32057,0.032715,-0.018163,0.94648,-0.041624,-0.04363,0.016059
-0.32057,0.032715,-0.018163,0.94648,-0.041624,-0.04363,0.016059
-0.32057,0.032715,-0.018163,0.94648,-0.041624,-0.04363,0.016059
-0.32057,0.032715,-0.018163,0.94648,-0.041624,-0.04363,0.016059
-0.32057,0.032715,-0.018163,0.94648,-0.041626,-0.043628,0.016059
-0.32057,0.032715,-0.018163,0.94648,-0.041626,-0.043628,0.016059
-0.32057,0.032715,-0.018163,0.94648,-0.041626,-0.043628,0.016059
-0.32057,0.032715,-0.018163,0.94648,-0.041626,-0.043628,0.016059
-0.32057,0.032715,-0.018163,0.94648,-0.041626,-0.043628,0.016059
-0.32057,0.032715,-0.018163,0.94648,-0.041629,-0.043626,0.016059
-0.32057,0.032715,-0.018163,0.94648,-0.041629,-0.043626,0.016059
-0.32057,0.032715,-0.018163,0.94648,-0.041629,-0.043626,0.016059
-0.32057,0.032715,-0.018163,0.94648,-0.041629,-0.043626,0.016059
-0.32057,0.032715,-0.018163,0.94648,-0.041629,-0.043626,0.016059
-0.32057,0.032715,-0.018163,0.94648,-0.041632,-0.043624,0.016059
-0.32057,0.032715,-0.018163,0.94648,-0.041632,-0.043624,0.016059
-0.32057,0.032715,-0.018163,0.94648,-0.041632,-0.043624,0.016059
-0.32057,0.032715,-0.018163,0.94648,-0.041632,-0.043624,0.016059
-0.32057,0.032715,-0.018163,0.94648,-0.041632,-0.043624,0.016059
-0.32057,0.032715,-0.018163,0.94648,-0.041634,-0.043622,0.016059
-0.32057,0.032715,-0.018163,0.94648,-0.041634,-0.043622,0.016059
-0.32057,0.032715,-0.018163,0.94648,-0.041634,-0.043622,0.016059
-0.32057,0.032715,-0.018163,0.94648,-0.041634,-0.043622,0.016059
-0.32057,0.032715,-0.018163,0.94648,-0.041634,-0.043622,0.016059
-0.32057,0.032715,-0.018163,0.94648,-0.041637,-0.04362,0.016059
-0.32057,0.032715,-0.018163,0.94648,-0.041637,-0.04362,0.016059
-0.32057,0.032715,-0.018163,0.94648,-0.041637,-0.04362,0.016059
-0.32057,0.032715,-0.018163,0.94648,-0.041637,-0.04362,0.016059
-0.32057,0.032715,-0.018163,0.94648,-0.041637,-0.04362,0.016059
-0.32057,0.032715,-0.018163,0.94648,-0.04164,-0.043618,0.016059
-0.32057,0.032715,-0.018163,0.94648,-0.04164,-0.043618,0.016059
-0.32057,0.032715,-0.018163,0.94648,-0.04164,-0.043618,0.016059
-0.32057,0.032715,-0.018163,0.94648,-0.041639,-0.043618,0.016059
-0.32057,0.032715,-0.018163,0.94648,-0.041639,-0.043618,0.016059
-0.32057,0.032715,-0.018163,0.94648,-0.041642,-0.043616,0.016059
-0.32057,0.032715,-0.018163,0.94648,-0.041642,-0.043616,0.016059
-0.32057,0.032715,-0.018163,0.94648,-0.041642,-0.043616,0.016059
-0.32057,0.032715,-0.018163,0.94648,-0.041642,-0.043616,0.016059
-0.32057,0.032715,-0.018163,0.94648,-0.041642,-0.043616,0.016059
-0.32057,0.032715,-0.018163,0.94648,-0.041645,-0.043614,0.016059
-0.32057,0.032715,-0.018163,0.94648,-0.041645,-0.043614,0.016059
-0.32057,0.032715,-0.018163,0.94648,-0.041645,-0.043614,0.016059
-0.32057,0.032715,-0.018163,0.94648,-0.041645,-0.043614,0.016059
-0.32057,0.032715,-0.018163,0.94648,-0.041645,-0.043614,0.016059
-0.32057,0.032715,-0.018163,0.94648,-0.041647,-0.043613,0.01606
-0.32057,0.032715,-0.018163,0.94648,-0.041647,-0.043612,0.01606
-0.32057,0.032715,-0.018163,0.94648,-0.041647,-0.043612,0.01606
-0.32057,0.032715,-0.018163,0.94648,-0.041647,-0.043612,0.01606
-0.32057,0.032715,-0.018163,0.94648,-0.041647,-0.043612,0.01606
-0.32057,0.032715,-0.018163,0.94648,-0.04165,-0.043611,0.01606
-0.32057,0.032715,-0.018163,0.94648,-0.04165,-0.043611,0.01606
-0.32057,0.032715,-0.018163,0.94648,-0.04165,-0.043611,0.01606
-0.32057,0.032715,-0.018163,0.94648,-0.04165,-0.043611,0.01606
-0.32057,0.032715,-0.018163,0.94648,-0.04165,-0.043611,0.01606
-0.32057,0.032715,-0.018163,0.94648,-0.041653,-0.043609,0.01606
-0.32057,0.032715,-0.018163,0.94648,-0.041653,-0.043609,0.01606
-0.32057,0.032715,-0.018163,0.94648,-0.041653,-0.043609,0.01606
-0.32057,0.032715,-0.018163,0.94648,-0.041653,-0.043609,0.01606
-0.32057,0.032715,-0.018163,0.94648,-0.041653,-0.043609,0.01606
-0.32057,0.032715,-0.018163,0.94648,-0.041655,-0.043607,0.01606
-0.32057,0.032715,-0.018163,0.94648,-0.041655,-0.043607,0.01606
-0.32057,0.032715,-0.018163,0.94648,-0.041655,-0.043607,0.01606
-0.32057,0.032715,-0.018163,0.94648,-0.041655,-0.043607,0.01606
-0.32057,0.032715,-0.018163,0.94648,-0.041655,-0.043607,0.01606
-0.32057,0.032715,-0.018163,0.94648,-0.041658,-0.043605,0.01606
-0.32057,0.032715,-0.018163,0.94648,-0.041658,-0.043605,0.01606
-0.32057,0.032715,-0.018163,0.94648,-0.041658,-0.043605,0.01606
-0.32057,0.032715,-0.018163,0.94648,-0.041658,-0.043605,0.01606
-0.32057,0.032715,-0.018163,0.94648,-0.041658,-0.043605,0.01606
-0.32057,0.032715,-0.018163,0.94648,-0.041661,-0.043603,0.01606
-0.32057,0.032715,-0.018163,0.94648,-0.041661,-0.043603,0.01606
-0.32057,0.032715,-0.018163,0.94648,-0.041661,-0.043603,0.01606
-0.32057,0.032715,-0.018163,0.94648,-0.041661,-0.043603,0.01606
-0.32057,0.032715,-0.018163,0.94648,-0.041661,-0.043603,0.01606
-0.32057,0.032715,-0.018163,0.94648,-0.041663,-0.043601,0.01606
-0.32057,0.032715,-0.018163,0.94648,-0.041663,-0.043601,0.01606
-0.32057,0.032715,-0.018163,0.94648,-0.041663,-0.043601,0.01606
-0.32057,0.032715,-0.018163,0.94648,-0.041663,-0.043601,0.01606
-0.32057,0.032715,-0.018163,0.94648,-0.041663,-0.043601,0.01606
-0.32057,0.032715,-0.018163,0.94648,-0.041666,-0.043599,0.01606
-0.32057,0.032715,-0.018163,0.94648,-0.041666,-0.043599,0.01606
-0.32057,0.032715,-0.018163,0.94648,-0.041666,-0.043599,0.01606
-0.32057,0.032715,-0.018163,0.94648,-0.041666,-0.043599,0.01606
-0.32057,0.032715,-0.018163,0.94648,-0.041666,-0.043599,0.01606
-0.32057,0.032715,-0.018163,0.94648,-0.041668,-0.043597,0.01606
-0.32057,0.032715,-0.018163,0.94648,-0.041668,-0.043597,0.01606
-0.32057,0.032715,-0.018163,0.94648,-0.041668,-0.043597,0.01606
-0.32057,0.032715,-0.018163,0.94648,-0.041668,-0.043597,0.01606
-0.32057,0.032715,-0.018163,0.94648,-0.041668,-0.043597,0.01606
-0.32057,0.032715,-0.018163,0.94648,-0.041671,-0.043595,0.01606
-0.32057,0.032715,-0.018163,0.94648,-0.041671,-0.043595,0.01606
-0.32057,0.032715,-0.018163,0.94648,-0.041671,-0.043595,0.01606
-0.32057,0.032715,-0.018163,0.94648,-0.041671,-0.043595,0.01606
-0.32057,0.032715,-0.018163,0.94648,-0.041671,-0.043595,0.01606
-0.32057,0.032715,-0.018163,0.94648,-0.041674,-0.043593,0.016061
-0.32057,0.032715,-0.018163,0.94648,-0.041674,-0.043593,0.016061
-0.32057,0.032715,-0.018163,0.94648,-0.041674,-0.043593,0.016061
-0.32057,0.032715,-0.018163,0.94648,-0.041674,-0.043593,0.016061
-0.32057,0.032715,-0.018163,0.94648,-0.041674,-0.043593,0.016061
-0.32057,0.032715,-0.018163,0.94648,-0.041676,-0.043591,0.016061
-0.32057,0.032715,-0.018163,0.94648,-0.041676,-0.043591,0.016061
-0.32057,0.032715,-0.018163,0.94648,-0.041676,-0.043591,0.016061
-0.32057,0.032715,-0.018163,0.94648,-0.041676,-0.043591,0.016061
-0.32057,0.032715,-0.018163,0.94648,-0.041676,-0.043591,0.016061
-0.32057,0.032715,-0.018163,0.94648,-0.041679,-0.043589,0.016061
-0.32057,0.032715,-0.018163,0.94648,-0.041679,-0.043589,0.016061
-0.32057,0.032715,-0.018163,0.94648,-0.041679,-0.043589,0.016061
-0.32057,0.032715,-0.018163,0.94648,-0.041679,-0.043589,0.016061
-0.32057,0.032715,-0.018163,0.94648,-0.041679,-0.043589,0.016061
-0.32057,0.032715,-0.018163,0.94648,-0.041681,-0.043587,0.016061
-0.32057,0.032715,-0.018163,0.94648,-0.041681,-0.043587,0.016061
-0.32057,0.032715,-0.018163,0.94648,-0.041681,-0.043587,0.016061
-0.32057,0.032715,-0.018163,0.94648,-0.041681,-0.043587,0.016061
-0.32057,0.032715,-0.018163,0.94648,-0.041681,-0.043587,0.016061
-0.32057,0.032715,-0.018163,0.94648,-0.041684,-0.043585,0.016061
-0.32057,0.032715,-0.018163,0.94648,-0.041684,-0.043585,0.016061
-0.32057,0.032715,-0.018163,0.94648,-0.041684,-0.043585,0.016061
-0.32057,0.032715,-0.018163,0.94648,-0.041684,-0.043585,0.016061
-0.32057,0.032715,-0.018163,0.94648,-0.041684,-0.043585,0.016061
-0.32057,0.032715,-0.018163,0.94648,-0.041687,-0.043584,0.016061
-0.32057,0.032715,-0.018163,0.94648,-0.041687,-0.043584,0.016061
-0.32057,0.032715,-0.018163,0.94648,-0.041687,-0.043584,0.016061
-0.32057,0.032715,-0.018163,0.94648,-0.041687,-0.043584,0.016061
-0.32057,0.032715,-0.018163,0.94648,-0.041687,-0.043584,0.016061
-0.32057,0.032715,-0.018163,0.94648,-0.041689,-0.043582,0.016061
-0.32057,0.032715,-0.018163,0.94648,-0.041689,-0.043582,0.016061
-0.32057,0.032715,-0.018163,0.94648,-0.041689,-0.043582,0.016061
-0.32057,0.032715,-0.018163,0.94648,-0.041689,-0.043582,0.016061
-0.32057,0.032715,-0.018163,0.94648,-0.041689,-0.043582,0.016061
-0.32057,0.032715,-0.018163,0.94648,-0.041692,-0.04358,0.016061
-0.32057,0.032715,-0.018163,0.94648,-0.041692,-0.04358,0.016061
-0.32057,0.032715,-0.018163,0.94648,-0.041692,-0.04358,0.016061
-0.32057,0.032715,-0.018163,0.94648,-0.041692,-0.04358,0.016061
-0.32057,0.032715,-0.018163,0.94648,-0.041692,-0.04358,0.016061
-0.32057,0.032715,-0.018163,0.94648,-0.041694,-0.043578,0.016061
-0.32057,0.032715,-0.018163,0.94648,-0.041694,-0.043578,0.016061
-0.32057,0.032715,-0.018163,0.94648,-0.041694,-0.043578,0.016061
-0.32057,0.032715,-0.018163,0.94648,-0.041694,-0.043578,0.016061
-0.32057,0.032715,-0.018163,0.94648,-0.041694,-0.043578,0.016061
-0.32057,0.032715,-0.018163,0.94648,-0.041697,-0.043576,0.016062
-0.32057,0.032715,-0.018163,0.94648,-0.041697,-0.043576,0.016062
-0.32057,0.032715,-0.018163,0.94648,-0.041697,-0.043576,0.016062
-0.32057,0.032715,-0.018163,0.94648,-0.041697,-0.043576,0.016062
-0.32057,0.032715,-0.018163,0.94648,-0.041697,-0.043576,0.016062
-0.32057,0.032715,-0.018163,0.94648,-0.0417,-0.043574,0.016062
-0.32057,0.032715,-0.018163,0.94648,-0.0417,-0.043574,0.016062
-0.32057,0.032715,-0.018163,0.94648,-0.0417,-0.043574,0.016062
-0.32057,0.032715,-0.018163,0.94648,-0.0417,-0.043574,0.016062
-0.32057,0.032715,-0.018163,0.94648,-0.0417,-0.043574,0.016062
-0.32057,0.032715,-0.018163,0.94648,-0.041702,-0.043572,0.016062
-0.32057,0.032715,-0.018163,0.94648,-0.041702,-0.043572,0.016062
-0.32057,0.032715,-0.018163,0.94648,-0.041702,-0.043572,0.016062
-0.32057,0.032715,-0.018163,0.94648,-0.041702,-0.043572,0.016062
-0.32057,0.032715,-0.018163,0.94648,-0.041702,-0.043572,0.016062
-0.32057,0.032715,-0.018163,0.94648,-0.041705,-0.04357,0.016062
-0.32057,0.032715,-0.018163,0.94648,-0.041705,-0.04357,0.016062
-0.32057,0.032715,-0.018163,0.94648,-0.041705,-0.04357,0.016062
-0.32057,0.032715,-0.018163,0.94648,-0.041705,-0.04357,0.016062
-0.32057,0.032715,-0.018163,0.94648,-0.041705,-0.04357,0.016062
-0.32057,0.032715,-0.018163,0.94648,-0.041707,-0.043568,0.016062
-0.32057,0.032715,-0.018163,0.94648,-0.041707,-0.043568,0.016062
-0.32057,0.032715,-0.018163,0.94648,-0.041707,-0.043568,0.016062
-0.32057,0.032715,-0.018163,0.94648,-0.041707,-0.043568,0.016062
-0.32057,0.032715,-0.018163,0.94648,-0.041707,-0.043568,0.016062
-0.32057,0.032715,-0.018163,0.94648,-0.04171,-0.043566,0.016062
-0.32057,0.032715,-0.018163,0.94648,-0.04171,-0.043566,0.016062
-0.32057,0.032715,-0.018163,0.94648,-0.04171,-0.043566,0.016062
-0.32057,0.032715,-0.018163,0.94648,-0.04171,-0.043566,0.016062
-0.32057,0.032715,-0.018163,0.94648,-0.04171,-0.043566,0.016062
-0.32057,0.032715,-0.018163,0.94648,-0.041713,-0.043564,0.016062
-0.32057,0.032715,-0.018163,0.94648,-0.041713,-0.043564,0.016062
-0.32057,0.032715,-0.018163,0.94648,-0.041713,-0.043564,0.016062
-0.32057,0.032715,-0.018163,0.94648,-0.041713,-0.043564,0.016062
-0.32057,0.032715,-0.018163,0.94648,-0.041712,-0.043564,0.016062
-0.32057,0.032715,-0.018163,0.94648,-0.041715,-0.043562,0.016062
-0.32057,0.032715,-0.018163,0.94648,-0.041715,-0.043562,0.016062
-0.32057,0.032715,-0.018163,0.94648,-0.041715,-0.043562,0.016062
-0.32057,0.032715,-0.018163,0.94648,-0.041715,-0.043562,0.016062
-0.32057,0.032715,-0.018163,0.94648,-0.041715,-0.043562,0.016062
-0.32057,0.032715,-0.018163,0.94648,-0.041718,-0.043561,0.016062
-0.32057,0.032715,-0.018163,0.94648,-0.041718,-0.043561,0.016062
-0.32057,0.032715,-0.018163,0.94648,-0.041718,-0.043561,0.016062
-0.32057,0.032715,-0.018163,0.94648,-0.041718,-0.043561,0.016062
-0.32057,0.032715,-0.018163,0.94648,-0.041718,-0.04356,0.016062
-0.32057,0.032715,-0.018163,0.94648,-0.04172,-0.043559,0.016063
-0.32057,0.032715,-0.018163,0.94648,-0.04172,-0.043559,0.016063
-0.32057,0.032715,-0.018163,0.94648,-0.04172,-0.043559,0.016063
-0.32057,0.032715,-0.018163,0.94648,-0.04172,-0.043559,0.016063
-0.32057,0.032715,-0.018163,0.94648,-0.04172,-0.043559,0.016062
-0.32057,0.032715,-0.018163,0.94648,-0.041723,-0.043557,0.016063
-0.32057,0.032715,-0.018163,0.94648,-0.041723,-0.043557,0.016063
-0.32057,0.032715,-0.018163,0.94648,-0.041723,-0.043557,0.016063
-0.32057,0.032715,-0.018163,0.94648,-0.041723,-0.043557,0.016063
-0.32057,0.032715,-0.018163,0.94648,-0.041723,-0.043557,0.016063
-0.32057,0.032715,-0.018163,0.94648,-0.041725,-0.043555,0.016063
-0.32057,0.032715,-0.018163,0.94648,-0.041725,-0.043555,0.016063
-0.32057,0.032715,-0.018163,0.94648,-0.041725,-0.043555,0.016063
-0.32057,0.032715,-0.018163,0.94648,-0.041725,-0.043555,0.016063
-0.32057,0.032715,-0.018163,0.94648,-0.041725,-0.043555,0.016063
-0.32057,0.032715,-0.018163,0.94648,-0.041728,-0.043553,0.016063
-0.32057,0.032715,-0.018163,0.94648,-0.041728,-0.043553,0.016063
-0.32057,0.032715,-0.018163,0.94648,-0.041728,-0.043553,0.016063
-0.32057,0.032715,-0.018163,0.94648,-0.041728,-0.043553,0.016063
-0.32057,0.032715,-0.018163,0.94648,-0.041728,-0.043553,0.016063
-0.32057,0.032715,-0.018163,0.94648,-0.041731,-0.043551,0.016063
-0.32057,0.032715,-0.018163,0.94648,-0.041731,-0.043551,0.016063
-0.32057,0.032715,-0.018163,0.94648,-0.041731,-0.043551,0.016063
-0.32057,0.032715,-0.018163,0.94648,-0.041731,-0.043551,0.016063
-0.32057,0.032715,-0.018163,0.94648,-0.041731,-0.043551,0.016063
-0.32057,0.032715,-0.018163,0.94648,-0.041733,-0.043549,0.016063
-0.32057,0.032715,-0.018163,0.94648,-0.041733,-0.043549,0.016063
-0.32057,0.032715,-0.018163,0.94648,-0.041733,-0.043549,0.016063
-0.32057,0.032715,-0.018163,0.94648,-0.041733,-0.043549,0.016063
-0.32057,0.032715,-0.018163,0.94648,-0.041733,-0.043549,0.016063
-0.32057,0.032715,-0.018163,0.94648,-0.041736,-0.043547,0.016063
-0.32057,0.032715,-0.018163,0.94648,-0.041736,-0.043547,0.016063
-0.32057,0.032715,-0.018163,0.94648,-0.041736,-0.043547,0.016063
-0.32057,0.032715,-0.018163,0.94648,-0.041736,-0.043547,0.016063
-0.32057,0.032715,-0.018163,0.94648,-0.041736,-0.043547,0.016063
-0.32057,0.032715,-0.018163,0.94648,-0.041738,-0.043545,0.016063
-0.32057,0.032715,-0.018163,0.94648,-0.041738,-0.043545,0.016063
-0.32057,0.032715,-0.018163,0.94648,-0.041738,-0.043545,0.016063
-0.32057,0.032715,-0.018163,0.94648,-0.041738,-0.043545,0.016063
-0.32057,0.032715,-0.018163,0.94648,-0.041738,-0.043545,0.016063
-0.32057,0.032715,-0.018163,0.94648,-0.041741,-0.043543,0.016063
-0.32057,0.032715,-0.018163,0.94648,-0.041741,-0.043543,0.016063
-0.32057,0.032715,-0.018163,0.94648,-0.041741,-0.043543,0.016063
-0.32057,0.032715,-0.018163,0.94648,-0.041741,-0.043543,0.016063
-0.32057,0.032715,-0.018163,0.94648,-0.041741,-0.043543,0.016063
-0.32057,0.032715,-0.018163,0.94648,-0.041744,-0.043542,0.016063
-0.32057,0.032715,-0.018163,0.94648,-0.041743,-0.043542,0.016063
-0.32057,0.032715,-0.018163,0.94648,-0.041743,-0.043542,0.016063
-0.32057,0.032715,-0.018163,0.94648,-0.041743,-0.043541,0.016063
-0.32057,0.032715,-0.018163,0.94648,-0.041743,-0.043541,0.016063
-0.32057,0.032715,-0.018163,0.94648,-0.041746,-0.04354,0.016064
-0.32057,0.032715,-0.018163,0.94648,-0.041746,-0.04354,0.016064
-0.32057,0.032715,-0.018163,0.94648,-0.041746,-0.04354,0.016064
-0.32057,0.032715,-0.018163,0.94648,-0.041746,-0.04354,0.016064
-0.32057,0.032715,-0.018163,0.94648,-0.041746,-0.04354,0.016064
-0.32057,0.032715,-0.018163,0.94648,-0.041749,-0.043538,0.016064
-0.32057,0.032715,-0.018163,0.94648,-0.041749,-0.043538,0.016064
-0.32057,0.032715,-0.018163,0.94648,-0.041749,-0.043538,0.016064
-0.32057,0.032715,-0.018163,0.94648,-0.041749,-0.043538,0.016064
-0.32057,0.032715,-0.018163,0.94648,-0.041749,-0.043538,0.016064
-0.32057,0.032715,-0.018163,0.94648,-0.041751,-0.043536,0.016064
-0.32057,0.032715,-0.018163,0.94648,-0.041751,-0.043536,0.016064
-0.32057,0.032715,-0.018163,0.94648,-0.041751,-0.043536,0.016064
-0.32057,0.032715,-0.018163,0.94648,-0.041751,-0.043536,0.016064
-0.32057,0.032715,-0.018163,0.94648,-0.041751,-0.043536,0.016064
-0.32057,0.032715,-0.018163,0.94648,-0.041754,-0.043534,0.016064
-0.32057,0.032715,-0.018163,0.94648,-0.041754,-0.043534,0.016064
-0.32057,0.032715,-0.018163,0.94648,-0.041754,-0.043534,0.016064
-0.32057,0.032715,-0.018163,0.94648,-0.041754,-0.043534,0.016064
-0.32057,0.032715,-0.018163,0.94648,-0.041754,-0.043534,0.016064
-0.32057,0.032715,-0.018163,0.94648,-0.041756,-0.043532,0.016064
-0.32057,0.032715,-0.018163,0.94648,-0.041756,-0.043532,0.016064
-0.32057,0.032715,-0.018163,0.94648,-0.041756,-0.043532,0.016064
-0.32057,0.032715,-0.018163,0.94648,-0.041756,-0.043532,0.016064
-0.32057,0.032715,-0.018163,0.94648,-0.041756,-0.043532,0.016064
-0.32057,0.032715,-0.018163,0.94648,-0.041759,-0.04353,0.016064
-0.32057,0.032715,-0.018163,0.94648,-0.041759,-0.04353,0.016064
-0.32057,0.032715,-0.018163,0.94648,-0.041759,-0.04353,0.016064
-0.32057,0.032715,-0.018163,0.94648,-0.041759,-0.04353,0.016064
-0.32057,0.032715,-0.018163,0.94648,-0.041759,-0.04353,0.016064
-0.32057,0.032715,-0.018163,0.94648,-0.041762,-0.043528,0.016064
-0.32057,0.032715,-0.018163,0.94648,-0.041762,-0.043528,0.016064
-0.32057,0.032715,-0.018163,0.94648,-0.041762,-0.043528,0.016064
-0.32057,0.032715,-0.018163,0.94648,-0.041762,-0.043528,0.016064
-0.32057,0.032715,-0.018163,0.94648,-0.041762,-0.043528,0.016064
-0.32057,0.032715,-0.018163,0.94648,-0.041764,-0.043526,0.016064
-0.32057,0.032715,-0.018163,0.94648,-0.041764,-0.043526,0.016064
-0.32057,0.032715,-0.018163,0.94648,-0.041764,-0.043526,0.016064
-0.32057,0.032715,-0.018163,0.94648,-0.041764,-0.043526,0.016064
-0.32057,0.032715,-0.018163,0.94648,-0.041764,-0.043526,0.016064
-0.32057,0.032715,-0.018163,0.94648,-0.041767,-0.043524,0.016064
-0.32057,0.032715,-0.018163,0.94648,-0.041767,-0.043524,0.016064
-0.32057,0.032715,-0.018163,0.94648,-0.041767,-0.043524,0.016064
-0.32057,0.032715,-0.018163,0.94648,-0.041767,-0.043524,0.016064
-0.32057,0.032715,-0.018163,0.94648,-0.041767,-0.043524,0.016064
-0.32057,0.032715,-0.018163,0.94648,-0.041769,-0.043523,0.016065
-0.32057,0.032715,-0.018163,0.94648,-0.041769,-0.043522,0.016065
-0.32057,0.032715,-0.018163,0.94648,-0.041769,-0.043522,0.016065
-0.32057,0.032715,-0.018163,0.94648,-0.041769,-0.043522,0.016065
-0.32057,0.032715,-0.018163,0.94648,-0.041769,-0.043522,0.016064
-0.32057,0.032715,-0.018163,0.94648,-0.041772,-0.043521,0.016065
-0.32057,0.032715,-0.018163,0.94648,-0.041772,-0.043521,0.016065
-0.32057,0.032715,-0.018163,0.94648,-0.041772,-0.043521,0.016065
-0.32057,0.032715,-0.018163,0.94648,-0.041772,-0.043521,0.016065
-0.32057,0.032715,-0.018163,0.94648,-0.041772,-0.043521,0.016065
-0.32057,0.032715,-0.018163,0.94648,-0.041775,-0.043519,0.016065
-0.32057,0.032715,-0.018163,0.94648,-0.041774,-0.043519,0.016065
-0.32057,0.032715,-0.018163,0.94648,-0.041774,-0.043519,0.016065
-0.32057,0.032715,-0.018163,0.94648,-0.041774,-0.043519,0.016065
-0.32057,0.032715,-0.018163,0.94648,-0.041774,-0.043519,0.016065
-0.32057,0.032715,-0.018163,0.94648,-0.041777,-0.043517,0.016065
-0.32057,0.032715,-0.018163,0.94648,-0.041777,-0.043517,0.016065
-0.32057,0.032715,-0.018163,0.94648,-0.041777,-0.043517,0.016065
-0.32057,0.032715,-0.018163,0.94648,-0.041777,-0.043517,0.016065
-0.32057,0.032715,-0.018163,0.94648,-0.041777,-0.043517,0.016065
-0.32057,0.032715,-0.018163,0.94648,-0.04178,-0.043515,0.016065
-0.32057,0.032715,-0.018163,0.94648,-0.04178,-0.043515,0.016065
-0.32057,0.032715,-0.018163,0.94648,-0.04178,-0.043515,0.016065
-0.32057,0.032715,-0.018163,0.94648,-0.04178,-0.043515,0.016065
-0.32057,0.032715,-0.018163,0.94648,-0.04178,-0.043515,0.016065
-0.32057,0.032715,-0.018163,0.94648,-0.041782,-0.043513,0.016065
-0.32057,0.032715,-0.018163,0.94648,-0.041782,-0.043513,0.016065
-0.32057,0.032715,-0.018163,0.94648,-0.041782,-0.043513,0.016065
-0.32057,0.032715,-0.018163,0.94648,-0.041782,-0.043513,0.016065
-0.32057,0.032715,-0.018163,0.94648,-0.041782,-0.043513,0.016065
-0.32057,0.032715,-0.018163,0.94648,-0.041785,-0.043511,0.016065
-0.32057,0.032715,-0.018163,0.94648,-0.041785,-0.043511,0.016065
-0.32057,0.032715,-0.018163,0.94648,-0.041785,-0.043511,0.016065
-0.32057,0.032715,-0.018163,0.94648,-0.041785,-0.043511,0.016065
-0.32057,0.032715,-0.018163,0.94648,-0.041785,-0.043511,0.016065
-0.32057,0.032715,-0.018163,0.94648,-0.041787,-0.043509,0.016065
-0.32057,0.032715,-0.018163,0.94648,-0.041787,-0.043509,0.016065
-0.32057,0.032715,-0.018163,0.94648,-0.041787,-0.043509,0.016065
-0.32057,0.032715,-0.018163,0.94648,-0.041787,-0.043509,0.016065
-0.32057,0.032715,-0.018163,0.94648,-0.041787,-0.043509,0.016065
-0.32057,0.032715,-0.018163,0.94648,-0.04179,-0.043507,0.016065
-0.32057,0.032715,-0.018163,0.94648,-0.04179,-0.043507,0.016065
-0.32057,0.032715,-0.018163,0.94648,-0.04179,-0.043507,0.016065
-0.32057,0.032715,-0.018163,0.94648,-0.04179,-0.043507,0.016065
-0.32057,0.032715,-0.018163,0.94648,-0.04179,-0.043507,0.016065
-0.32057,0.032715,-0.018163,0.94648,-0.041792,-0.043505,0.016065
-0.32057,0.032715,-0.018163,0.94648,-0.041792,-0.043505,0.016065
-0.32057,0.032715,-0.018163,0.94648,-0.041792,-0.043505,0.016065
-0.32057,0.032715,-0.018163,0.94648,-0.041792,-0.043505,0.016065
-0.32057,0.032715,-0.018163,0.94648,-0.041792,-0.043505,0.016065
-0.32057,0.032715,-0.018163,0.94648,-0.041795,-0.043504,0.016065
-0.32057,0.032715,-0.018163,0.94648,-0.041795,-0.043504,0.016065
-0.32057,0.032715,-0.018163,0.94648,-0.041795,-0.043504,0.016065
-0.32057,0.032715,-0.018163,0.94648,-0.041795,-0.043504,0.016065
-0.32057,0.032715,-0.018163,0.94648,-0.041795,-0.043504,0.016065
-0.32057,0.032715,-0.018163,0.94648,-0.041797,-0.043502,0.016066
-0.32057,0.032715,-0.018163,0.94648,-0.041797,-0.043502,0.016066
-0.32057,0.032715,-0.018163,0.94648,-0.041797,-0.043502,0.016066
-0.32057,0.032715,-0.018163,0.94648,-0.041797,-0.043502,0.016065
-0.32057,0.032715,-0.018163,0.94648,-0.041797,-0.043502,0.016065
-0.32057,0.032715,-0.018163,0.94648,-0.0418,-0.0435,0.016066
-0.32057,0.032715,-0.018163,0.94648,-0.0418,-0.0435,0.016066
-0.32057,0.032715,-0.018163,0.94648,-0.0418,-0.0435,0.016066
-0.32057,0.032715,-0.018163,0.94648,-0.0418,-0.0435,0.016066
-0.32057,0.032715,-0.018163,0.94648,-0.0418,-0.0435,0.016066
-0.32057,0.032715,-0.018163,0.94648,-0.041803,-0.043498,0.016066
-0.32057,0.032715,-0.018163,0.94648,-0.041803,-0.043498,0.016066
-0.32057,0.032715,-0.018163,0.94648,-0.041803,-0.043498,0.016066
-0.32057,0.032715,-0.018163,0.94648,-0.041802,-0.043498,0.016066
-0.32057,0.032715,-0.018163,0.94648,-0.041802,-0.043498,0.016066
-0.32057,0.032715,-0.018163,0.94648,-0.041805,-0.043496,0.016066
-0.32057,0.032715,-0.018163,0.94648,-0.041805,-0.043496,0.016066
-0.32057,0.032715,-0.018163,0.94648,-0.041805,-0.043496,0.016066
-0.32057,0.032715,-0.018163,0.94648,-0.041805,-0.043496,0.016066
-0.32057,0.032715,-0.018163,0.94648,-0.041805,-0.043496,0.016066
-0.32057,0.032715,-0.018163,0.94648,-0.041808,-0.043494,0.016066
-0.32057,0.032715,-0.018163,0.94648,-0.041808,-0.043494,0.016066
-0.32057,0.032715,-0.018163,0.94648,-0.041808,-0.043494,0.016066
-0.32057,0.032715,-0.018163,0.94648,-0.041808,-0.043494,0.016066
-0.32057,0.032715,-0.018163,0.94648,-0.041808,-0.043494,0.016066
-0.32057,0.032715,-0.018163,0.94648,-0.04181,-0.043492,0.016066
-0.32057,0.032715,-0.018163,0.94648,-0.04181,-0.043492,0.016066
-0.32057,0.032715,-0.018163,0.94648,-0.04181,-0.043492,0.016066
-0.32057,0.032715,-0.018163,0.94648,-0.04181,-0.043492,0.016066
-0.32057,0.032715,-0.018163,0.94648,-0.04181,-0.043492,0.016066
-0.32057,0.032715,-0.018163,0.94648,-0.041813,-0.04349,0.016066
-0.32057,0.032715,-0.018163,0.94648,-0.041813,-0.04349,0.016066
-0.32057,0.032715,-0.018163,0.94648,-0.041813,-0.04349,0.016066
-0.32057,0.032715,-0.018163,0.94648,-0.041813,-0.04349,0.016066
-0.32057,0.032715,-0.018163,0.94648,-0.041813,-0.04349,0.016066
-0.32057,0.032715,-0.018163,0.94648,-0.041815,-0.043489,0.016066
-0.32057,0.032715,-0.018163,0.94648,-0.041815,-0.043489,0.016066
-0.32057,0.032715,-0.018163,0.94648,-0.041815,-0.043488,0.016066
-0.32057,0.032715,-0.018163,0.94648,-0.041815,-0.043488,0.016066
-0.32057,0.032715,-0.018163,0.94648,-0.041815,-0.043488,0.016066
-0.32057,0.032715,-0.018163,0.94648,-0.041818,-0.043487,0.016066
-0.32057,0.032715,-0.018163,0.94648,-0.041818,-0.043487,0.016066
-0.32057,0.032715,-0.018163,0.94648,-0.041818,-0.043487,0.016066
-0.32057,0.032715,-0.018163,0.94648,-0.041818,-0.043487,0.016066
-0.32057,0.032715,-0.018163,0.94648,-0.041818,-0.043487,0.016066
-0.32057,0.032715,-0.018163,0.94648,-0.04182,-0.043485,0.016066
-0.32057,0.032715,-0.018163,0.94648,-0.04182,-0.043485,0.016066
-0.32057,0.032715,-0.018163,0.94648,-0.04182,-0.043485,0.016066
-0.32057,0.032715,-0.018163,0.94648,-0.04182,-0.043485,0.016066
-0.32057,0.032715,-0.018163,0.94648,-0.04182,-0.043485,0.016066
-0.32057,0.032715,-0.018163,0.94648,-0.041823,-0.043483,0.016066
-0.32057,0.032715,-0.018163,0.94648,-0.041823,-0.043483,0.016066
-0.32057,0.032715,-0.018163,0.94648,-0.041823,-0.043483,0.016066
-0.32057,0.032715,-0.018163,0.94648,-0.041823,-0.043483,0.016066
-0.32057,0.032715,-0.018163,0.94648,-0.041823,-0.043483,0.016066
-0.32057,0.032715,-0.018163,0.94648,-0.041825,-0.043481,0.016066
-0.32057,0.032715,-0.018163,0.94648,-0.041825,-0.043481,0.016066
-0.32057,0.032715,-0.018163,0.94648,-0.041825,-0.043481,0.016066
-0.32057,0.032715,-0.018163,0.94648,-0.041825,-0.043481,0.016066
-0.32057,0.032715,-0.018163,0.94648,-0.041825,-0.043481,0.016066
-0.32057,0.032715,-0.018163,0.94648,-0.041828,-0.043479,0.016066
-0.32057,0.032715,-0.018163,0.94648,-0.041828,-0.043479,0.016066
-0.32057,0.032715,-0.018163,0.94648,-0.041828,-0.043479,0.016066
-0.32057,0.032715,-0.018163,0.94648,-0.041828,-0.043479,0.016066
-0.32057,0.032715,-0.018163,0.94648,-0.041828,-0.043479,0.016066
-0.32057,0.032715,-0.018163,0.94648,-0.04183,-0.043477,0.016067
-0.32057,0.032715,-0.018163,0.94648,-0.04183,-0.043477,0.016066
-0.32057,0.032715,-0.018163,0.94648,-0.04183,-0.043477,0.016066
-0.32057,0.032715,-0.018163,0.94648,-0.04183,-0.043477,0.016066
-0.32057,0.032715,-0.018163,0.94648,-0.04183,-0.043477,0.016066
-0.32057,0.032715,-0.018163,0.94648,-0.041833,-0.043475,0.016067
-0.32057,0.032715,-0.018163,0.94648,-0.041833,-0.043475,0.016067
-0.32057,0.032715,-0.018163,0.94648,-0.041833,-0.043475,0.016067
-0.32057,0.032715,-0.018163,0.94648,-0.041832,-0.043475,0.016067
-0.32057,0.032715,-0.018163,0.94648,-0.041832,-0.043475,0.016067
-0.32057,0.032715,-0.018163,0.94648,-0.041835,-0.043474,0.016067
-0.32057,0.032715,-0.018163,0.94648,-0.041835,-0.043474,0.016067
-0.32057,0.032715,-0.018163,0.94648,-0.041835,-0.043474,0.016067
-0.32057,0.032715,-0.018163,0.94648,-0.041835,-0.043474,0.016067
-0.32057,0.032715,-0.018163,0.94648,-0.041835,-0.043474,0.016067
-0.32057,0.032715,-0.018163,0.94648,-0.041837,-0.043472,0.016067
-0.32057,0.032715,-0.018163,0.94648,-0.041837,-0.043472,0.016067
-0.32057,0.032715,-0.018163,0.94648,-0.041837,-0.043472,0.016067
-0.32057,0.032715,-0.018163,0.94648,-0.041837,-0.043472,0.016067
-0.32057,0.032715,-0.018163,0.94648,-0.041837,-0.043472,0.016067
-0.32057,0.032715,-0.018163,0.94648,-0.04184,-0.04347,0.016067
-0.32057,0.032715,-0.018163,0.94648,-0.04184,-0.04347,0.016067
-0.32057,0.032715,-0.018163,0.94648,-0.04184,-0.04347,0.016067
-0.32057,0.032715,-0.018163,0.94648,-0.04184,-0.04347,0.016067
-0.32057,0.032715,-0.018163,0.94648,-0.04184,-0.04347,0.016067
-0.32057,0.032715,-0.018163,0.94648,-0.041842,-0.043468,0.016067
-0.32057,0.032715,-0.018163,0.94648,-0.041842,-0.043468,0.016067
-0.32057,0.032715,-0.018163,0.94648,-0.041842,-0.043468,0.016067
-0.32057,0.032715,-0.018163,0.94648,-0.041842,-0.043468,0.016067
-0.32057,0.032715,-0.018163,0.94648,-0.041842,-0.043468,0.016067
-0.32057,0.032715,-0.018163,0.94648,-0.041845,-0.043466,0.016067
-0.32057,0.032715,-0.018163,0.94648,-0.041845,-0.043466,0.016067
-0.32057,0.032715,-0.018163,0.94648,-0.041845,-0.043466,0.016067
-0.32057,0.032715,-0.018163,0.94648,-0.041845,-0.043466,0.016067
-0.32057,0.032715,-0.018163,0.94648,-0.041845,-0.043466,0.016067
-0.32057,0.032715,-0.018163,0.94648,-0.041847,-0.043464,0.016067
-0.32057,0.032715,-0.018163,0.94648,-0.041847,-0.043464,0.016067
-0.32057,0.032715,-0.018163,0.94648,-0.041847,-0.043464,0.016067
-0.32057,0.032715,-0.018163,0.94648,-0.041847,-0.043464,0.016067
-0.32057,0.032715,-0.018163,0.94648,-0.041847,-0.043464,0.016067
-0.32057,0.032715,-0.018163,0.94648,-0.04185,-0.043462,0.016067
-0.32057,0.032715,-0.018163,0.94648,-0.04185,-0.043462,0.016067
-0.32057,0.032715,-0.018163,0.94648,-0.04185,-0.043462,0.016067
-0.32057,0.032715,-0.018163,0.94648,-0.04185,-0.043462,0.016067
-0.32057,0.032715,-0.018163,0.94648,-0.04185,-0.043462,0.016067
-0.32057,0.032715,-0.018163,0.94648,-0.041852,-0.043461,0.016067
-0.32057,0.032715,-0.018163,0.94648,-0.041852,-0.043461,0.016067
-0.32057,0.032715,-0.018163,0.94648,-0.041852,-0.043461,0.016067
-0.32057,0.032715,-0.018163,0.94648,-0.041852,-0.043461,0.016067
-0.32057,0.032715,-0.018163,0.94648,-0.041852,-0.043461,0.016067
-0.32057,0.032715,-0.018163,0.94648,-0.041855,-0.043459,0.016067
-0.32057,0.032715,-0.018163,0.94648,-0.041855,-0.043459,0.016067
-0.32057,0.032715,-0.018163,0.94648,-0.041855,-0.043459,0.016067
-0.32057,0.032715,-0.018163,0.94648,-0.041855,-0.043459,0.016067
-0.32057,0.032715,-0.018163,0.94648,-0.041855,-0.043459,0.016067
-0.32057,0.032715,-0.018163,0.94648,-0.041857,-0.043457,0.016067
-0.32057,0.032715,-0.018163,0.94648,-0.041857,-0.043457,0.016067
-0.32057,0.032715,-0.018163,0.94648,-0.041857,-0.043457,0.016067
-0.32057,0.032715,-0.018163,0.94648,-0.041857,-0.043457,0.016067
-0.32057,0.032715,-0.018163,0.94648,-0.041857,-0.043457,0.016067
-0.32057,0.032715,-0.018163,0.94648,-0.04186,-0.043455,0.016067
-0.32057,0.032715,-0.018163,0.94648,-0.04186,-0.043455,0.016067
-0.32057,0.032715,-0.018163,0.94648,-0.041859,-0.043455,0.016067
-0.32057,0.032715,-0.018163,0.94648,-0.041859,-0.043455,0.016067
-0.32057,0.032715,-0.018163,0.94648,-0.041859,-0.043455,0.016067
-0.32057,0.032715,-0.018163,0.94648,-0.041862,-0.043453,0.016067
-0.32057,0.032715,-0.018163,0.94648,-0.041862,-0.043453,0.016067
-0.32057,0.032715,-0.018163,0.94648,-0.041862,-0.043453,0.016067
-0.32057,0.032715,-0.018163,0.94648,-0.041862,-0.043453,0.016067
-0.32057,0.032715,-0.018163,0.94648,-0.041862,-0.043453,0.016067
-0.32057,0.032715,-0.018163,0.94648,-0.041864,-0.043451,0.016067
-0.32057,0.032715,-0.018163,0.94648,-0.041864,-0.043451,0.016067
-0.32057,0.032715,-0.018163,0.94648,-0.041864,-0.043451,0.016067
-0.32057,0.032715,-0.018163,0.94648,-0.041864,-0.043451,0.016067
-0.32057,0.032715,-0.018163,0.94648,-0.041864,-0.043451,0.016067
-0.32057,0.032715,-0.018163,0.94648,-0.041867,-0.04345,0.016068
-0.32057,0.032715,-0.018163,0.94648,-0.041867,-0.043449,0.016068
-0.32057,0.032715,-0.018163,0.94648,-0.041867,-0.043449,0.016068
-0.32057,0.032715,-0.018163,0.94648,-0.041867,-0.043449,0.016068
-0.32057,0.032715,-0.018163,0.94648,-0.041867,-0.043449,0.016067
-0.32057,0.032715,-0.018163,0.94648,-0.041869,-0.043448,0.016068
-0.32057,0.032715,-0.018163,0.94648,-0.041869,-0.043448,0.016068
-0.32057,0.032715,-0.018163,0.94648,-0.041869,-0.043448,0.016068
-0.32057,0.032715,-0.018163,0.94648,-0.041869,-0.043448,0.016068
-0.32057,0.032715,-0.018163,0.94648,-0.041869,-0.043448,0.016068
-0.32057,0.032715,-0.018163,0.94648,-0.041872,-0.043446,0.016068
-0.32057,0.032715,-0.018163,0.94648,-0.041872,-0.043446,0.016068
-0.32057,0.032715,-0.018163,0.94648,-0.041872,-0.043446,0.016068
-0.32057,0.032715,-0.018163,0.94648,-0.041872,-0.043446,0.016068
-0.32057,0.032715,-0.018163,0.94648,-0.041872,-0.043446,0.016068
-0.32057,0.032715,-0.018163,0.94648,-0.041874,-0.043444,0.016068
-0.32057,0.032715,-0.018163,0.94648,-0.041874,-0.043444,0.016068
-0.32057,0.032715,-0.018163,0.94648,-0.041874,-0.043444,0.016068
-0.32057,0.032715,-0.018163,0.94648,-0.041874,-0.043444,0.016068
-0.32057,0.032715,-0.018163,0.94648,-0.041874,-0.043444,0.016068
-0.32057,0.032715,-0.018163,0.94648,-0.041876,-0.043442,0.016068
-0.32057,0.032715,-0.018163,0.94648,-0.041876,-0.043442,0.016068
-0.32057,0.032715,-0.018163,0.94648,-0.041876,-0.043442,0.016068
-0.32057,0.032715,-0.018163,0.94648,-0.041876,-0.043442,0.016068
-0.32057,0.032715,-0.018163,0.94648,-0.041876,-0.043442,0.016068
-0.32057,0.032715,-0.018163,0.94648,-0.041879,-0.04344,0.016068
-0.32057,0.032715,-0.018163,0.94648,-0.041879,-0.04344,0.016068
-0.32057,0.032715,-0.018163,0.94648,-0.041879,-0.04344,0.016068
-0.32057,0.032715,-0.018163,0.94648,-0.041879,-0.04344,0.016068
-0.32057,0.032715,-0.018163,0.94648,-0.041879,-0.04344,0.016068
-0.32057,0.032715,-0.018163,0.94648,-0.041881,-0.043439,0.016068
-0.32057,0.032715,-0.018163,0.94648,-0.041881,-0.043439,0.016068
-0.32057,0.032715,-0.018163,0.94648,-0.041881,-0.043439,0.016068
-0.32057,0.032715,-0.018163,0.94648,-0.041881,-0.043439,0.016068
-0.32057,0.032715,-0.018163,0.94648,-0.041881,-0.043439,0.016068
-0.32057,0.032715,-0.018163,0.94648,-0.041884,-0.043437,0.016068
-0.32057,0.032715,-0.018163,0.94648,-0.041884,-0.043437,0.016068
-0.32057,0.032715,-0.018163,0.94648,-0.041884,-0.043437,0.016068
-0.32057,0.032715,-0.018163,0.94648,-0.041884,-0.043437,0.016068
-0.32057,0.032715,-0.018163,0.94648,-0.041884,-0.043437,0.016068
-0.32057,0.032715,-0.018163,0.94648,-0.041886,-0.043435,0.016068
-0.32057,0.032715,-0.018163,0.94648,-0.041886,-0.043435,0.016068
-0.32057,0.032715,-0.018163,0.94648,-0.041886,-0.043435,0.016068
-0.32057,0.032715,-0.018163,0.94648,-0.041886,-0.043435,0.016068
-0.32057,0.032715,-0.018163,0.94648,-0.041886,-0.043435,0.016068
-0.32057,0.032715,-0.018163,0.94648,-0.041889,-0.043433,0.016068
-0.32057,0.032715,-0.018163,0.94648,-0.041889,-0.043433,0.016068
-0.32057,0.032715,-0.018163,0.94648,-0.041889,-0.043433,0.016068
-0.32057,0.032715,-0.018163,0.94648,-0.041888,-0.043433,0.016068
-0.32057,0.032715,-0.018163,0.94648,-0.041888,-0.043433,0.016068
-0.32057,0.032715,-0.018163,0.94648,-0.041891,-0.043431,0.016068
-0.32057,0.032715,-0.018163,0.94648,-0.041891,-0.043431,0.016068
-0.32057,0.032715,-0.018163,0.94648,-0.041891,-0.043431,0.016068
-0.32057,0.032715,-0.018163,0.94648,-0.041891,-0.043431,0.016068
-0.32057,0.032715,-0.018163,0.94648,-0.041891,-0.043431,0.016068
-0.32057,0.032715,-0.018163,0.94648,-0.041893,-0.043429,0.016068
-0.32057,0.032715,-0.018163,0.94648,-0.041893,-0.043429,0.016068
-0.32057,0.032715,-0.018163,0.94648,-0.041893,-0.043429,0.016068
-0.32057,0.032715,-0.018163,0.94648,-0.041893,-0.043429,0.016068
-0.32057,0.032715,-0.018163,0.94648,-0.041893,-0.043429,0.016068
-0.32057,0.032715,-0.018163,0.94648,-0.041896,-0.043428,0.016068
-0.32057,0.032715,-0.018163,0.94648,-0.041896,-0.043428,0.016068
-0.32057,0.032715,-0.018163,0.94648,-0.041896,-0.043428,0.016068
-0.32057,0.032715,-0.018163,0.94648,-0.041896,-0.043428,0.016068
-0.32057,0.032715,-0.018163,0.94648,-0.041896,-0.043428,0.016068
-0.32057,0.032715,-0.018163,0.94648,-0.041898,-0.043426,0.016068
-0.32057,0.032715,-0.018163,0.94648,-0.041898,-0.043426,0.016068
-0.32057,0.032715,-0.018163,0.94648,-0.041898,-0.043426,0.016068
-0.32057,0.032715,-0.018163,0.94648,-0.041898,-0.043426,0.016068
-0.32057,0.032715,-0.018163,0.94648,-0.041898,-0.043426,0.016068
-0.32057,0.032715,-0.018163,0.94648,-0.041901,-0.043424,0.016068
-0.32057,0.032715,-0.018163,0.94648,-0.041901,-0.043424,0.016068
-0.32057,0.032715,-0.018163,0.94648,-0.041901,-0.043424,0.016068
-0.32057,0.032715,-0.018163,0.94648,-0.0419,-0.043424,0.016068
-0.32057,0.032715,-0.018163,0.94648,-0.0419,-0.043424,0.016068
-0.32057,0.032715,-0.018163,0.94648,-0.041903,-0.043422,0.016068
-0.32057,0.032715,-0.018163,0.94648,-0.041903,-0.043422,0.016068
-0.32057,0.032715,-0.018163,0.94648,-0.041903,-0.043422,0.016068
-0.32057,0.032715,-0.018163,0.94648,-0.041903,-0.043422,0.016068
-0.32057,0.032715,-0.018163,0.94648,-0.041903,-0.043422,0.016068
-0.32057,0.032715,-0.018163,0.94648,-0.041905,-0.04342,0.016068
-0.32057,0.032715,-0.018163,0.94648,-0.041905,-0.04342,0.016068
-0.32057,0.032715,-0.018163,0.94648,-0.041905,-0.04342,0.016068
-0.32057,0.032715,-0.018163,0.94648,-0.041905,-0.04342,0.016068
-0.32057,0.032715,-0.018163,0.94648,-0.041905,-0.04342,0.016068
-0.32057,0.032715,-0.018163,0.94648,-0.041908,-0.043418,0.016068
-0.32057,0.032715,-0.018163,0.94648,-0.041908,-0.043418,0.016068
-0.32057,0.032715,-0.018163,0.94648,-0.041908,-0.043418,0.016068
-0.32057,0.032715,-0.018163,0.94648,-0.041908,-0.043418,0.016068
-0.32057,0.032715,-0.018163,0.94648,-0.041908,-0.043418,0.016068
-0.32057,0.032715,-0.018163,0.94648,-0.04191,-0.043417,0.016069
-0.32057,0.032715,-0.018163,0.94648,-0.04191,-0.043417,0.016068
-0.32057,0.032715,-0.018163,0.94648,-0.04191,-0.043417,0.016068
-0.32057,0.032715,-0.018163,0.94648,-0.04191,-0.043417,0.016068
-0.32057,0.032715,-0.018163,0.94648,-0.04191,-0.043417,0.016068
-0.32057,0.032715,-0.018163,0.94648,-0.041912,-0.043415,0.016069
-0.32057,0.032715,-0.018163,0.94648,-0.041912,-0.043415,0.016069
-0.32057,0.032715,-0.018163,0.94648,-0.041912,-0.043415,0.016069
-0.32057,0.032715,-0.018163,0.94648,-0.041912,-0.043415,0.016069
-0.32057,0.032715,-0.018163,0.94648,-0.041912,-0.043415,0.016069
-0.32057,0.032715,-0.018163,0.94648,-0.041915,-0.043413,0.016069
-0.32057,0.032715,-0.018163,0.94648,-0.041915,-0.043413,0.016069
-0.32057,0.032715,-0.018163,0.94648,-0.041915,-0.043413,0.016069
-0.32057,0.032715,-0.018163,0.94648,-0.041915,-0.043413,0.016069
-0.32057,0.032715,-0.018163,0.94648,-0.041915,-0.043413,0.016069
-0.32057,0.032715,-0.018163,0.94648,-0.041917,-0.043411,0.016069
-0.32057,0.032715,-0.018163,0.94648,-0.041917,-0.043411,0.016069
-0.32057,0.032715,-0.018163,0.94648,-0.041917,-0.043411,0.016069
-0.32057,0.032715,-0.018163,0.94648,-0.041917,-0.043411,0.016069
-0.32057,0.032715,-0.018163,0.94648,-0.041917,-0.043411,0.016069
-0.32057,0.032715,-0.018163,0.94648,-0.04192,-0.043409,0.016069
-0.32057,0.032715,-0.018163,0.94648,-0.04192,-0.043409,0.016069
-0.32057,0.032715,-0.018163,0.94648,-0.04192,-0.043409,0.016069
-0.32057,0.032715,-0.018163,0.94648,-0.041919,-0.043409,0.016069
-0.32057,0.032715,-0.018163,0.94648,-0.041919,-0.043409,0.016069
-0.32057,0.032715,-0.018163,0.94648,-0.041922,-0.043408,0.016069
-0.32057,0.032715,-0.018163,0.94648,-0.041922,-0.043408,0.016069
-0.32057,0.032715,-0.018163,0.94648,-0.041922,-0.043408,0.016069
-0.32057,0.032715,-0.018163,0.94648,-0.041922,-0.043408,0.016069
-0.32057,0.032715,-0.018163,0.94648,-0.041922,-0.043408,0.016069
-0.32057,0.032715,-0.018163,0.94648,-0.041924,-0.043406,0.016069
-0.32057,0.032715,-0.018163,0.94648,-0.041924,-0.043406,0.016069
-0.32057,0.032715,-0.018163,0.94648,-0.041924,-0.043406,0.016069
-0.32057,0.032715,-0.018163,0.94648,-0.041924,-0.043406,0.016069
-0.32057,0.032715,-0.018163,0.94648,-0.041924,-0.043406,0.016069
-0.32057,0.032715,-0.018163,0.94648,-0.041927,-0.043404,0.016069
-0.32057,0.032715,-0.018163,0.94648,-0.041927,-0.043404,0.016069
-0.32057,0.032715,-0.018163,0.94648,-0.041927,-0.043404,0.016069
-0.32057,0.032715,-0.018163,0.94648,-0.041927,-0.043404,0.016069
-0.32057,0.032715,-0.018163,0.94648,-0.041927,-0.043404,0.016069
-0.32057,0.032715,-0.018163,0.94648,-0.041929,-0.043402,0.016069
-0.32057,0.032715,-0.018163,0.94648,-0.041929,-0.043402,0.016069
-0.32057,0.032715,-0.018163,0.94648,-0.041929,-0.043402,0.016069
-0.32057,0.032715,-0.018163,0.94648,-0.041929,-0.043402,0.016069
-0.32057,0.032715,-0.018163,0.94648,-0.041929,-0.043402,0.016069
-0.32057,0.032715,-0.018163,0.94648,-0.041931,-0.0434,0.016069
-0.32057,0.032715,-0.018163,0.94648,-0.041931,-0.0434,0.016069
-0.32057,0.032715,-0.018163,0.94648,-0.041931,-0.0434,0.016069
-0.32057,0.032715,-0.018163,0.94648,-0.041931,-0.0434,0.016069
-0.32057,0.032715,-0.018163,0.94648,-0.041931,-0.0434,0.016069
-0.32057,0.032715,-0.018163,0.94648,-0.041934,-0.043399,0.016069
-0.32057,0.032715,-0.018163,0.94648,-0.041934,-0.043399,0.016069
-0.32057,0.032715,-0.018163,0.94648,-0.041934,-0.043399,0.016069
-0.32057,0.032715,-0.018163,0.94648,-0.041934,-0.043399,0.016069
-0.32057,0.032715,-0.018163,0.94648,-0.041934,-0.043398,0.016069
-0.32057,0.032715,-0.018163,0.94648,-0.041936,-0.043397,0.016069
-0.32057,0.032715,-0.018163,0.94648,-0.041936,-0.043397,0.016069
-0.32057,0.032715,-0.018163,0.94648,-0.041936,-0.043397,0.016069
-0.32057,0.032715,-0.018163,0.94648,-0.041936,-0.043397,0.016069
-0.32057,0.032715,-0.018163,0.94648,-0.041936,-0.043397,0.016069
-0.32057,0.032715,-0.018163,0.94648,-0.041938,-0.043395,0.016069
-0.32057,0.032715,-0.018163,0.94648,-0.041938,-0.043395,0.016069
-0.32057,0.032715,-0.018163,0.94648,-0.041938,-0.043395,0.016069
-0.32057,0.032715,-0.018163,0.94648,-0.041938,-0.043395,0.016069
-0.32057,0.032715,-0.018163,0.94648,-0.041938,-0.043395,0.016069
-0.32057,0.032715,-0.018163,0.94648,-0.041941,-0.043393,0.016069
-0.32057,0.032715,-0.018163,0.94648,-0.041941,-0.043393,0.016069
-0.32057,0.032715,-0.018163,0.94648,-0.041941,-0.043393,0.016069
-0.32057,0.032715,-0.018163,0.94648,-0.041941,-0.043393,0.016069
-0.32057,0.032715,-0.018163,0.94648,-0.041941,-0.043393,0.016069
-0.32057,0.032715,-0.018163,0.94648,-0.041943,-0.043391,0.016069
-0.32057,0.032715,-0.018163,0.94648,-0.041943,-0.043391,0.016069
-0.32057,0.032715,-0.018163,0.94648,-0.041943,-0.043391,0.016069
-0.32057,0.032715,-0.018163,0.94648,-0.041943,-0.043391,0.016069
-0.32057,0.032715,-0.018163,0.94648,-0.041943,-0.043391,0.016069
-0.32057,0.032715,-0.018163,0.94648,-0.041946,-0.04339,0.016069
-0.32057,0.032715,-0.018163,0.94648,-0.041945,-0.04339,0.016069
-0.32057,0.032715,-0.018163,0.94648,-0.041945,-0.043389,0.016069
-0.32057,0.032715,-0.018163,0.94648,-0.041945,-0.043389,0.016069
-0.32057,0.032715,-0.018163,0.94648,-0.041945,-0.043389,0.016069
-0.32057,0.032715,-0.018163,0.94648,-0.041948,-0.043388,0.016069
-0.32057,0.032715,-0.018163,0.94648,-0.041948,-0.043388,0.016069
-0.32057,0.032715,-0.018163,0.94648,-0.041948,-0.043388,0.016069
-0.32057,0.032715,-0.018163,0.94648,-0.041948,-0.043388,0.016069
-0.32057,0.032715,-0.018163,0.94648,-0.041948,-0.043388,0.016069
-0.32057,0.032715,-0.018163,0.94648,-0.04195,-0.043386,0.016069
-0.32057,0.032715,-0.018163,0.94648,-0.04195,-0.043386,0.016069
-0.32057,0.032715,-0.018163,0.94648,-0.04195,-0.043386,0.016069
-0.32057,0.032715,-0.018163,0.94648,-0.04195,-0.043386,0.016069
-0.32057,0.032715,-0.018163,0.94648,-0.04195,-0.043386,0.016069
-0.32057,0.032715,-0.018163,0.94648,-0.041953,-0.043384,0.016069
-0.32057,0.032715,-0.018163,0.94648,-0.041953,-0.043384,0.016069
-0.32057,0.032715,-0.018163,0.94648,-0.041953,-0.043384,0.016069
-0.32057,0.032715,-0.018163,0.94648,-0.041953,-0.043384,0.016069
-0.32057,0.032715,-0.018163,0.94648,-0.041952,-0.043384,0.016069
-0.32057,0.032715,-0.018163,0.94648,-0.041955,-0.043382,0.01607
-0.32057,0.032715,-0.018163,0.94648,-0.041955,-0.043382,0.01607
-0.32057,0.032715,-0.018163,0.94648,-0.041955,-0.043382,0.01607
-0.32057,0.032715,-0.018163,0.94648,-0.041955,-0.043382,0.01607
-0.32057,0.032715,-0.018163,0.94648,-0.041955,-0.043382,0.01607
-0.32057,0.032715,-0.018163,0.94648,-0.041957,-0.043381,0.01607
-0.32057,0.032715,-0.018163,0.94648,-0.041957,-0.043381,0.01607
-0.32057,0.032715,-0.018163,0.94648,-0.041957,-0.043381,0.01607
-0.32057,0.032715,-0.018163,0.94648,-0.041957,-0.043381,0.01607
-0.32057,0.032715,-0.018163,0.94648,-0.041957,-0.04338,0.01607
-0.32057,0.032715,-0.018163,0.94648,-0.04196,-0.043379,0.01607
-0.32057,0.032715,-0.018163,0.94648,-0.04196,-0.043379,0.01607
-0.32057,0.032715,-0.018163,0.94648,-0.04196,-0.043379,0.01607
-0.32057,0.032715,-0.018163,0.94648,-0.04196,-0.043379,0.01607
-0.32057,0.032715,-0.018163,0.94648,-0.04196,-0.043379,0.01607
-0.32057,0.032715,-0.018163,0.94648,-0.041962,-0.043377,0.01607
-0.32057,0.032715,-0.018163,0.94648,-0.041962,-0.043377,0.01607
-0.32057,0.032715,-0.018163,0.94648,-0.041962,-0.043377,0.01607
-0.32057,0.032715,-0.018163,0.94648,-0.041962,-0.043377,0.01607
-0.32057,0.032715,-0.018163,0.94648,-0.041962,-0.043377,0.01607
-0.32057,0.032715,-0.018163,0.94648,-0.041964,-0.043375,0.01607
-0.32057,0.032715,-0.018163,0.94648,-0.041964,-0.043375,0.01607
-0.32057,0.032715,-0.018163,0.94648,-0.041964,-0.043375,0.01607
-0.32057,0.032715,-0.018163,0.94648,-0.041964,-0.043375,0.01607
-0.32057,0.032715,-0.018163,0.94648,-0.041964,-0.043375,0.01607
-0.32057,0.032715,-0.018163,0.94648,-0.041967,-0.043373,0.01607
-0.32057,0.032715,-0.018163,0.94648,-0.041967,-0.043373,0.01607
-0.32057,0.032715,-0.018163,0.94648,-0.041967,-0.043373,0.01607
-0.32057,0.032715,-0.018163,0.94648,-0.041967,-0.043373,0.01607
-0.32057,0.032715,-0.018163,0.94648,-0.041967,-0.043373,0.01607
-0.32057,0.032715,-0.018163,0.94648,-0.041969,-0.043372,0.01607
-0.32057,0.032715,-0.018163,0.94648,-0.041969,-0.043372,0.01607
-0.32057,0.032715,-0.018163,0.94648,-0.041969,-0.043372,0.01607
-0.32057,0.032715,-0.018163,0.94648,-0.041969,-0.043372,0.01607
-0.32057,0.032715,-0.018163,0.94648,-0.041969,-0.043372,0.01607
-0.32057,0.032715,-0.018163,0.94648,-0.041971,-0.04337,0.01607
-0.32057,0.032715,-0.018163,0.94648,-0.041971,-0.04337,0.01607
-0.32057,0.032715,-0.018163,0.94648,-0.041971,-0.04337,0.01607
-0.32057,0.032715,-0.018163,0.94648,-0.041971,-0.04337,0.01607
-0.32057,0.032715,-0.018163,0.94648,-0.041971,-0.04337,0.01607
-0.32057,0.032715,-0.018163,0.94648,-0.041974,-0.043368,0.01607
-0.32057,0.032715,-0.018163,0.94648,-0.041974,-0.043368,0.01607
-0.32057,0.032715,-0.018163,0.94648,-0.041974,-0.043368,0.01607
-0.32057,0.032715,-0.018163,0.94648,-0.041974,-0.043368,0.01607
-0.32057,0.032715,-0.018163,0.94648,-0.041974,-0.043368,0.01607
-0.32057,0.032715,-0.018163,0.94648,-0.041976,-0.043366,0.01607
-0.32057,0.032715,-0.018163,0.94648,-0.041976,-0.043366,0.01607
-0.32057,0.032715,-0.018163,0.94648,-0.041976,-0.043366,0.01607
-0.32057,0.032715,-0.018163,0.94648,-0.041976,-0.043366,0.01607
-0.32057,0.032715,-0.018163,0.94648,-0.041976,-0.043366,0.01607
-0.32057,0.032715,-0.018163,0.94648,-0.041978,-0.043365,0.01607
-0.32057,0.032715,-0.018163,0.94648,-0.041978,-0.043365,0.01607
-0.32057,0.032715,-0.018163,0.94648,-0.041978,-0.043365,0.01607
-0.32057,0.032715,-0.018163,0.94648,-0.041978,-0.043365,0.01607
-0.32057,0.032715,-0.018163,0.94648,-0.041978,-0.043364,0.01607
-0.32057,0.032715,-0.018163,0.94648,-0.041981,-0.043363,0.016071
-0.32057,0.032715,-0.018163,0.94648,-0.041981,-0.043363,0.016071
-0.32057,0.032715,-0.018163,0.94648,-0.041981,-0.043363,0.016071
-0.32057,0.032715,-0.018163,0.94648,-0.041981,-0.043363,0.016071
-0.32057,0.032715,-0.018163,0.94648,-0.041981,-0.043363,0.016071
-0.32057,0.032715,-0.018163,0.94648,-0.041983,-0.043361,0.016071
-0.32057,0.032715,-0.018163,0.94648,-0.041983,-0.043361,0.016071
-0.32057,0.032715,-0.018163,0.94648,-0.041983,-0.043361,0.016071
-0.32057,0.032715,-0.018163,0.94648,-0.041983,-0.043361,0.016071
-0.32057,0.032715,-0.018163,0.94648,-0.041983,-0.043361,0.016071
-0.32057,0.032715,-0.018163,0.94648,-0.041985,-0.043359,0.016071
-0.32057,0.032715,-0.018163,0.94648,-0.041985,-0.043359,0.016071
-0.32057,0.032715,-0.018163,0.94648,-0.041985,-0.043359,0.016071
-0.32057,0.032715,-0.018163,0.94648,-0.041985,-0.043359,0.016071
-0.32057,0.032715,-0.018163,0.94648,-0.041985,-0.043359,0.016071
-0.32057,0.032715,-0.018163,0.94648,-0.041988,-0.043357,0.016071
-0.32057,0.032715,-0.018163,0.94648,-0.041988,-0.043357,0.016071
-0.32057,0.032715,-0.018163,0.94648,-0.041988,-0.043357,0.016071
-0.32057,0.032715,-0.018163,0.94648,-0.041988,-0.043357,0.016071
-0.32057,0.032715,-0.018163,0.94648,-0.041988,-0.043357,0.016071
-0.32057,0.032715,-0.018163,0.94648,-0.04199,-0.043356,0.016071
-0.32057,0.032715,-0.018163,0.94648,-0.04199,-0.043356,0.016071
-0.32057,0.032715,-0.018163,0.94648,-0.04199,-0.043356,0.016071
-0.32057,0.032715,-0.018163,0.94648,-0.04199,-0.043356,0.016071
-0.32057,0.032715,-0.018163,0.94648,-0.04199,-0.043356,0.016071
-0.32057,0.032715,-0.018163,0.94648,-0.041992,-0.043354,0.016071
-0.32057,0.032715,-0.018163,0.94648,-0.041992,-0.043354,0.016071
-0.32057,0.032715,-0.018163,0.94648,-0.041992,-0.043354,0.016071
-0.32057,0.032715,-0.018163,0.94648,-0.041992,-0.043354,0.016071
-0.32057,0.032715,-0.018163,0.94648,-0.041992,-0.043354,0.016071
-0.32057,0.032715,-0.018163,0.94648,-0.041995,-0.043352,0.016071
-0.32057,0.032715,-0.018163,0.94648,-0.041995,-0.043352,0.016071
-0.32057,0.032715,-0.018163,0.94648,-0.041995,-0.043352,0.016071
-0.32057,0.032715,-0.018163,0.94648,-0.041995,-0.043352,0.016071
-0.32057,0.032715,-0.018163,0.94648,-0.041995,-0.043352,0.016071
-0.32057,0.032715,-0.018163,0.94648,-0.041997,-0.04335,0.016071
-0.32057,0.032715,-0.018163,0.94648,-0.041997,-0.04335,0.016071
-0.32057,0.032715,-0.018163,0.94648,-0.041997,-0.04335,0.016071
-0.32057,0.032715,-0.018163,0.94648,-0.041997,-0.04335,0.016071
-0.32057,0.032715,-0.018163,0.94648,-0.041997,-0.04335,0.016071
-0.32057,0.032715,-0.018163,0.94648,-0.041999,-0.043349,0.016071
-0.32057,0.032715,-0.018163,0.94648,-0.041999,-0.043349,0.016071
-0.32057,0.032715,-0.018163,0.94648,-0.041999,-0.043349,0.016071
-0.32057,0.032715,-0.018163,0.94648,-0.041999,-0.043349,0.016071
-0.32057,0.032715,-0.018163,0.94648,-0.041999,-0.043349,0.016071
-0.32057,0.032715,-0.018163,0.94648,-0.042002,-0.043347,0.016072
-0.32057,0.032715,-0.018163,0.94648,-0.042002,-0.043347,0.016072
-0.32057,0.032715,-0.018163,0.94648,-0.042002,-0.043347,0.016072
-0.32057,0.032715,-0.018163,0.94648,-0.042002,-0.043347,0.016072
-0.32057,0.032715,-0.018163,0.94648,-0.042002,-0.043347,0.016072
-0.32057,0.032715,-0.018163,0.94648,-0.042004,-0.043345,0.016072
-0.32057,0.032715,-0.018163,0.94648,-0.042004,-0.043345,0.016072
-0.32057,0.032715,-0.018163,0.94648,-0.042004,-0.043345,0.016072
-0.32057,0.032715,-0.018163,0.94648,-0.042004,-0.043345,0.016072
-0.32057,0.032715,-0.018163,0.94648,-0.042004,-0.043345,0.016072
-0.32057,0.032715,-0.018163,0.94648,-0.042006,-0.043343,0.016072
-0.32057,0.032715,-0.018163,0.94648,-0.042006,-0.043343,0.016072
-0.32057,0.032715,-0.018163,0.94648,-0.042006,-0.043343,0.016072
-0.32057,0.032715,-0.018163,0.94648,-0.042006,-0.043343,0.016072
-0.32057,0.032715,-0.018163,0.94648,-0.042006,-0.043343,0.016072
-0.32057,0.032715,-0.018163,0.94648,-0.042009,-0.043342,0.016072
-0.32057,0.032715,-0.018163,0.94648,-0.042009,-0.043342,0.016072
-0.32057,0.032715,-0.018163,0.94648,-0.042009,-0.043342,0.016072
-0.32057,0.032715,-0.018163,0.94648,-0.042008,-0.043342,0.016072
-0.32057,0.032715,-0.018163,0.94648,-0.042008,-0.043342,0.016072
-0.32057,0.032715,-0.018163,0.94648,-0.042011,-0.04334,0.016072
-0.32057,0.032715,-0.018163,0.94648,-0.042011,-0.04334,0.016072
-0.32057,0.032715,-0.018163,0.94648,-0.042011,-0.04334,0.016072
-0.32057,0.032715,-0.018163,0.94648,-0.042011,-0.04334,0.016072
-0.32057,0.032715,-0.018163,0.94648,-0.042011,-0.04334,0.016072
-0.32057,0.032715,-0.018163,0.94648,-0.042013,-0.043338,0.016072
-0.32057,0.032715,-0.018163,0.94648,-0.042013,-0.043338,0.016072
-0.32057,0.032715,-0.018163,0.94648,-0.042013,-0.043338,0.016072
-0.32057,0.032715,-0.018163,0.94648,-0.042013,-0.043338,0.016072
-0.32057,0.032715,-0.018163,0.94648,-0.042013,-0.043338,0.016072
-0.32057,0.032715,-0.018163,0.94648,-0.042015,-0.043336,0.016072
-0.32057,0.032715,-0.018163,0.94648,-0.042015,-0.043336,0.016072
-0.32057,0.032715,-0.018163,0.94648,-0.042015,-0.043336,0.016072
-0.32057,0.032715,-0.018163,0.94648,-0.042015,-0.043336,0.016072
-0.32057,0.032715,-0.018163,0.94648,-0.042015,-0.043336,0.016072
-0.32057,0.032715,-0.018163,0.94648,-0.042018,-0.043335,0.016072
-0.32057,0.032715,-0.018163,0.94648,-0.042018,-0.043335,0.016072
-0.32057,0.032715,-0.018163,0.94648,-0.042018,-0.043335,0.016072
-0.32057,0.032715,-0.018163,0.94648,-0.042018,-0.043335,0.016072
-0.32057,0.032715,-0.018163,0.94648,-0.042018,-0.043335,0.016072
-0.32057,0.032715,-0.018163,0.94648,-0.04202,-0.043333,0.016072
-0.32057,0.032715,-0.018163,0.94648,-0.04202,-0.043333,0.016072
-0.32057,0.032715,-0.018163,0.94648,-0.04202,-0.043333,0.016072
-0.32057,0.032715,-0.018163,0.94648,-0.04202,-0.043333,0.016072
-0.32057,0.032715,-0.018163,0.94648,-0.04202,-0.043333,0.016072
-0.32057,0.032715,-0.018163,0.94648,-0.042022,-0.043331,0.016072
-0.32057,0.032715,-0.018163,0.94648,-0.042022,-0.043331,0.016072
-0.32057,0.032715,-0.018163,0.94648,-0.042022,-0.043331,0.016072
-0.32057,0.032715,-0.018163,0.94648,-0.042022,-0.043331,0.016072
-0.32057,0.032715,-0.018163,0.94648,-0.042022,-0.043331,0.016072
-0.32057,0.032715,-0.018163,0.94648,-0.042024,-0.043329,0.016073
-0.32057,0.032715,-0.018163,0.94648,-0.042024,-0.043329,0.016072
-0.32057,0.032715,-0.018163,0.94648,-0.042024,-0.043329,0.016072
-0.32057,0.032715,-0.018163,0.94648,-0.042024,-0.043329,0.016072
-0.32057,0.032715,-0.018163,0.94648,-0.042024,-0.043329,0.016072
-0.32057,0.032715,-0.018163,0.94648,-0.042027,-0.043328,0.016073
-0.32057,0.032715,-0.018163,0.94648,-0.042027,-0.043328,0.016073
-0.32057,0.032715,-0.018163,0.94648,-0.042027,-0.043328,0.016073
-0.32057,0.032715,-0.018163,0.94648,-0.042027,-0.043328,0.016073
-0.32057,0.032715,-0.018163,0.94648,-0.042027,-0.043328,0.016073
-0.32057,0.032715,-0.018163,0.94648,-0.042029,-0.043326,0.016073
-0.32057,0.032715,-0.018163,0.94648,-0.042029,-0.043326,0.016073
-0.32057,0.032715,-0.018163,0.94648,-0.042029,-0.043326,0.016073
-0.32057,0.032715,-0.018163,0.94648,-0.042029,-0.043326,0.016073
-0.32057,0.032715,-0.018163,0.94648,-0.042029,-0.043326,0.016073
-0.32057,0.032715,-0.018163,0.94648,-0.042031,-0.043324,0.016073
-0.32057,0.032715,-0.018163,0.94648,-0.042031,-0.043324,0.016073
-0.32057,0.032715,-0.018163,0.94648,-0.042031,-0.043324,0.016073
-0.32057,0.032715,-0.018163,0.94648,-0.042031,-0.043324,0.016073
-0.32057,0.032715,-0.018163,0.94648,-0.042031,-0.043324,0.016073
-0.32057,0.032715,-0.018163,0.94648,-0.042033,-0.043322,0.016073
-0.32057,0.032715,-0.018163,0.94648,-0.042033,-0.043322,0.016073
-0.32057,0.032715,-0.018163,0.94648,-0.042033,-0.043322,0.016073
-0.32057,0.032715,-0.018163,0.94648,-0.042033,-0.043322,0.016073
-0.32057,0.032715,-0.018163,0.94648,-0.042033,-0.043322,0.016073
-0.32057,0.032715,-0.018163,0.94648,-0.042036,-0.043321,0.016073
-0.32057,0.032715,-0.018163,0.94648,-0.042036,-0.043321,0.016073
-0.32057,0.032715,-0.018163,0.94648,-0.042036,-0.04332,0.016073
-0.32057,0.032715,-0.018163,0.94648,-0.042036,-0.04332,0.016073
-0.32057,0.032715,-0.018163,0.94648,-0.042036,-0.04332,0.016073
-0.32057,0.032715,-0.018163,0.94648,-0.042038,-0.043319,0.016073
-0.32057,0.032715,-0.018163,0.94648,-0.042038,-0.043319,0.016073
-0.32057,0.032715,-0.018163,0.94648,-0.042038,-0.043319,0.016073
-0.32057,0.032715,-0.018163,0.94648,-0.042038,-0.043319,0.016073
-0.32057,0.032715,-0.018163,0.94648,-0.042038,-0.043319,0.016073
-0.32057,0.032715,-0.018163,0.94648,-0.04204,-0.043317,0.016073
-0.32057,0.032715,-0.018163,0.94648,-0.04204,-0.043317,0.016073
-0.32057,0.032715,-0.018163,0.94648,-0.04204,-0.043317,0.016073
-0.32057,0.032715,-0.018163,0.94648,-0.04204,-0.043317,0.016073
-0.32057,0.032715,-0.018163,0.94648,-0.04204,-0.043317,0.016073
-0.32057,0.032715,-0.018163,0.94648,-0.042042,-0.043315,0.016073
-0.32057,0.032715,-0.018163,0.94648,-0.042042,-0.043315,0.016073
-0.32057,0.032715,-0.018163,0.94648,-0.042042,-0.043315,0.016073
-0.32057,0.032715,-0.018163,0.94648,-0.042042,-0.043315,0.016073
-0.32057,0.032715,-0.018163,0.94648,-0.042042,-0.043315,0.016073
-0.32057,0.032715,-0.018163,0.94648,-0.042045,-0.043313,0.016073
-0.32057,0.032715,-0.018163,0.94648,-0.042045,-0.043313,0.016073
-0.32057,0.032715,-0.018163,0.94648,-0.042045,-0.043313,0.016073
-0.32057,0.032715,-0.018163,0.94648,-0.042045,-0.043313,0.016073
-0.32057,0.032715,-0.018163,0.94648,-0.042045,-0.043313,0.016073
-0.32057,0.032715,-0.018163,0.94648,-0.042047,-0.043312,0.016073
-0.32057,0.032715,-0.018163,0.94648,-0.042047,-0.043312,0.016073
-0.32057,0.032715,-0.018163,0.94648,-0.042047,-0.043312,0.016073
-0.32057,0.032715,-0.018163,0.94648,-0.042047,-0.043312,0.016073
-0.32057,0.032715,-0.018163,0.94648,-0.042047,-0.043312,0.016073
-0.32057,0.032715,-0.018163,0.94648,-0.042049,-0.04331,0.016073
-0.32057,0.032715,-0.018163,0.94648,-0.042049,-0.04331,0.016073
-0.32057,0.032715,-0.018163,0.94648,-0.042049,-0.04331,0.016073
-0.32057,0.032715,-0.018163,0.94648,-0.042049,-0.04331,0.016073
-0.32057,0.032715,-0.018163,0.94648,-0.042049,-0.04331,0.016073
-0.32057,0.032715,-0.018163,0.94648,-0.042051,-0.043308,0.016073
-0.32057,0.032715,-0.018163,0.94648,-0.042051,-0.043308,0.016073
-0.32057,0.032715,-0.018163,0.94648,-0.042051,-0.043308,0.016073
-0.32057,0.032715,-0.018163,0.94648,-0.042051,-0.043308,0.016073
-0.32057,0.032715,-0.018163,0.94648,-0.042051,-0.043308,0.016073
-0.32057,0.032715,-0.018163,0.94648,-0.042054,-0.043306,0.016073
-0.32057,0.032715,-0.018163,0.94648,-0.042054,-0.043306,0.016073
-0.32057,0.032715,-0.018163,0.94648,-0.042053,-0.043306,0.016073
-0.32057,0.032715,-0.018163,0.94648,-0.042053,-0.043306,0.016073
-0.32057,0.032715,-0.018163,0.94648,-0.042053,-0.043306,0.016073
-0.32057,0.032715,-0.018163,0.94648,-0.042056,-0.043305,0.016074
-0.32057,0.032715,-0.018163,0.94648,-0.042056,-0.043305,0.016073
-0.32057,0.032715,-0.018163,0.94648,-0.042056,-0.043305,0.016073
-0.32057,0.032715,-0.018163,0.94648,-0.042056,-0.043305,0.016073
-0.32057,0.032715,-0.018163,0.94648,-0.042056,-0.043305,0.016073
-0.32057,0.032715,-0.018163,0.94648,-0.042058,-0.043303,0.016074
-0.32057,0.032715,-0.018163,0.94648,-0.042058,-0.043303,0.016074
-0.32057,0.032715,-0.018163,0.94648,-0.042058,-0.043303,0.016074
-0.32057,0.032715,-0.018163,0.94648,-0.042058,-0.043303,0.016074
-0.32057,0.032715,-0.018163,0.94648,-0.042058,-0.043303,0.016074
-0.32057,0.032715,-0.018163,0.94648,-0.04206,-0.043301,0.016074
-0.32057,0.032715,-0.018163,0.94648,-0.04206,-0.043301,0.016074
-0.32057,0.032715,-0.018163,0.94648,-0.04206,-0.043301,0.016074
-0.32057,0.032715,-0.018163,0.94648,-0.04206,-0.043301,0.016074
-0.32057,0.032715,-0.018163,0.94648,-0.04206,-0.043301,0.016074
-0.32057,0.032715,-0.018163,0.94648,-0.042062,-0.043299,0.016074
-0.32057,0.032715,-0.018163,0.94648,-0.042062,-0.043299,0.016074
-0.32057,0.032715,-0.018163,0.94648,-0.042062,-0.043299,0.016074
-0.32057,0.032715,-0.018163,0.94648,-0.042062,-0.043299,0.016074
-0.32057,0.032715,-0.018163,0.94648,-0.042062,-0.043299,0.016074
-0.32057,0.032715,-0.018163,0.94648,-0.042065,-0.043298,0.016074
-0.32057,0.032715,-0.018163,0.94648,-0.042065,-0.043298,0.016074
-0.32057,0.032715,-0.018163,0.94648,-0.042064,-0.043298,0.016074
-0.32057,0.032715,-0.018163,0.94648,-0.042064,-0.043298,0.016074
-0.32057,0.032715,-0.018163,0.94648,-0.042064,-0.043297,0.016074
-0.32057,0.032715,-0.018163,0.94648,-0.042067,-0.043296,0.016074
-0.32057,0.032715,-0.018163,0.94648,-0.042067,-0.043296,0.016074
-0.32057,0.032715,-0.018163,0.94648,-0.042067,-0.043296,0.016074
-0.32057,0.032715,-0.018163,0.94648,-0.042067,-0.043296,0.016074
-0.32057,0.032715,-0.018163,0.94648,-0.042067,-0.043296,0.016074
-0.32057,0.032715,-0.018163,0.94648,-0.042069,-0.043294,0.016074
-0.32057,0.032715,-0.018163,0.94648,-0.042069,-0.043294,0.016074
-0.32057,0.032715,-0.018163,0.94648,-0.042069,-0.043294,0.016074
-0.32057,0.032715,-0.018163,0.94648,-0.042069,-0.043294,0.016074
-0.32057,0.032715,-0.018163,0.94648,-0.042069,-0.043294,0.016074
-0.32057,0.032715,-0.018163,0.94648,-0.042071,-0.043292,0.016074
-0.32057,0.032715,-0.018163,0.94648,-0.042071,-0.043292,0.016074
-0.32057,0.032715,-0.018163,0.94648,-0.042071,-0.043292,0.016074
-0.32057,0.032715,-0.018163,0.94648,-0.042071,-0.043292,0.016074
-0.32057,0.032715,-0.018163,0.94648,-0.042071,-0.043292,0.016074
-0.32057,0.032715,-0.018163,0.94648,-0.042073,-0.043291,0.016074
-0.32057,0.032715,-0.018163,0.94648,-0.042073,-0.04329,0.016074
-0.32057,0.032715,-0.018163,0.94648,-0.042073,-0.04329,0.016074
-0.32057,0.032715,-0.018163,0.94648,-0.042073,-0.04329,0.016074
-0.32057,0.032715,-0.018163,0.94648,-0.042073,-0.04329,0.016074
-0.32057,0.032715,-0.018163,0.94648,-0.042075,-0.043289,0.016074
-0.32057,0.032715,-0.018163,0.94648,-0.042075,-0.043289,0.016074
