0.46095,0.85572,-0.21204,0.10151,-0.24414,-0.56663,0.60412,0
0.46095,0.85572,-0.21204,0.10151,-0.24414,-0.56663,0.60412,0.1
0.46177,0.85534,-0.212,0.10108,-0.24698,-0.56943,0.60475,0.2
0.46269,0.85478,-0.21221,0.10119,-0.2495,-0.57259,0.60533,0.3
0.46339,0.85427,-0.21275,0.10115,-0.25159,-0.5761,0.60566,0.4
0.46368,0.85395,-0.21293,0.10215,-0.25433,-0.57928,0.60609,0.5
0.46401,0.85347,-0.21363,0.10315,-0.25676,-0.58242,0.60695,0.6
0.46468,0.85301,-0.21419,0.10279,-0.25898,-0.58585,0.60797,0.7
0.46588,0.85238,-0.21426,0.10241,-0.2615,-0.58949,0.60907,0.8
0.46735,0.85159,-0.2143,0.10229,-0.26415,-0.59342,0.61002,0.9
0.46895,0.85066,-0.21457,0.10204,-0.26677,-0.59764,0.61081,1
0.47038,0.84979,-0.21514,0.10154,-0.2695,-0.60166,0.61168,1.1
0.47155,0.84897,-0.2158,0.10165,-0.27146,-0.60552,0.61306,1.2
0.47335,0.84765,-0.21686,0.102,-0.27402,-0.61005,0.61331,1.3
0.47451,0.84669,-0.21844,0.10118,-0.27543,-0.6141,0.61435,1.4
0.47579,0.84549,-0.22038,0.10102,-0.27755,-0.618,0.61505,1.5
0.477,0.84419,-0.22248,0.10164,-0.27981,-0.62164,0.61537,1.6
0.47806,0.84287,-0.2253,0.10134,-0.28202,-0.62543,0.61523,1.7
0.47865,0.84189,-0.22764,0.10152,-0.28461,-0.62858,0.61519,1.8
0.47905,0.84096,-0.22973,0.10261,-0.28736,-0.63166,0.61497,1.9
0.47867,0.84043,-0.23175,0.10417,-0.28993,-0.63407,0.61519,2
0.47852,0.83972,-0.23363,0.10633,-0.29409,-0.63655,0.61477,2.1
0.47813,0.83943,-0.23494,0.10749,-0.29743,-0.63855,0.61514,2.2
0.47796,0.83925,-0.23612,0.10706,-0.30018,-0.64016,0.61638,2.3
0.47913,0.83868,-0.23609,0.10636,-0.30323,-0.64299,0.61602,2.4
0.47941,0.8379,-0.23826,0.10643,-0.30777,-0.64519,0.61566,2.5
0.47928,0.83731,-0.24034,0.10698,-0.31133,-0.64757,0.61446,2.6
0.47852,0.83701,-0.24308,0.10653,-0.31404,-0.64957,0.61344,2.7
0.47688,0.83735,-0.24527,0.10622,-0.31611,-0.65089,0.61299,2.8
0.47559,0.83715,-0.24782,0.10755,-0.31879,-0.65208,0.61214,2.9
0.47446,0.83704,-0.2502,0.10792,-0.3217,-0.65353,0.61078,3
0.47294,0.83726,-0.25258,0.10732,-0.32454,-0.65457,0.60972,3.1
0.47154,0.83752,-0.2545,0.10695,-0.32738,-0.65532,0.60901,3.2
0.47113,0.83734,-0.2563,0.10585,-0.33038,-0.65645,0.60814,3.3
0.47041,0.83775,-0.25714,0.10379,-0.33328,-0.65723,0.60767,3.4
0.46963,0.83809,-0.25797,0.10248,-0.33672,-0.65764,0.60758,3.5
0.46909,0.83803,-0.25901,0.10284,-0.34046,-0.65819,0.6069,3.6
0.46862,0.838,-0.26032,0.10192,-0.34412,-0.65893,0.60595,3.7
0.46759,0.83825,-0.26134,0.10193,-0.3484,-0.6588,0.60576,3.8
0.46694,0.83826,-0.26234,0.10227,-0.35153,-0.65934,0.60538,3.9
0.46596,0.83879,-0.26272,0.10147,-0.35503,-0.65975,0.60471,4
0.46491,0.83946,-0.26242,0.10146,-0.35987,-0.65967,0.60427,4.1
0.46398,0.83958,-0.26323,0.10264,-0.36454,-0.65929,0.60439,4.2
0.46361,0.83945,-0.26407,0.10322,-0.36959,-0.65988,0.60351,4.3
0.46248,0.83992,-0.26425,0.10403,-0.37438,-0.65945,0.60407,4.4
0.46191,0.84004,-0.26431,0.10535,-0.37955,-0.65919,0.6047,4.5
0.46187,0.84015,-0.26379,0.10599,-0.38362,-0.6596,0.60538,4.6
0.46225,0.84008,-0.26337,0.10595,-0.38864,-0.66016,0.60571,4.7
0.46268,0.83997,-0.26333,0.10507,-0.39273,-0.66074,0.60669,4.8
0.46337,0.8392,-0.26402,0.10643,-0.39737,-0.66137,0.60665,4.9
0.46335,0.83884,-0.26479,0.10741,-0.40137,-0.66192,0.6071,5
0.46274,0.83893,-0.26526,0.10822,-0.40547,-0.66168,0.60802,5.1
0.46324,0.83872,-0.26498,0.10834,-0.40933,-0.6627,0.60784,5.2
0.46396,0.83829,-0.26541,0.10751,-0.41374,-0.6635,0.60763,5.3
0.46424,0.83802,-0.26606,0.10682,-0.41752,-0.66404,0.60805,5.4
0.46459,0.83732,-0.26741,0.10746,-0.42196,-0.66442,0.60825,5.5
0.46461,0.83688,-0.26844,0.1082,-0.42527,-0.6651,0.60842,5.6
0.46464,0.83655,-0.26943,0.10819,-0.42898,-0.66557,0.60842,5.7
0.46441,0.83661,-0.26949,0.10854,-0.43301,-0.66584,0.60847,5.8
0.46394,0.83665,-0.26982,0.10945,-0.43722,-0.66557,0.60923,5.9
0.46412,0.83633,-0.27013,0.11029,-0.44161,-0.66609,0.6092,6
0.46453,0.83585,-0.27076,0.11069,-0.44637,-0.6666,0.60877,6.1
0.46475,0.83565,-0.27129,0.11003,-0.44999,-0.66733,0.60861,6.2
0.46425,0.83562,-0.27183,0.11097,-0.45469,-0.66771,0.60824,6.3
0.46332,0.8363,-0.27117,0.11139,-0.45827,-0.66813,0.60874,6.4
0.46372,0.8361,-0.27038,0.11311,-0.46454,-0.66866,0.6081,6.5
0.46434,0.83582,-0.2701,0.11329,-0.4692,-0.6691,0.60922,6.6
0.46544,0.83529,-0.26982,0.11339,-0.47404,-0.67028,0.60961,6.7
0.46571,0.83509,-0.26991,0.11354,-0.47816,-0.67072,0.61085,6.8
0.46607,0.83472,-0.27009,0.11432,-0.48234,-0.67165,0.61127,6.9
0.46606,0.83432,-0.27069,0.11582,-0.48671,-0.67244,0.61146,7
0.46601,0.83395,-0.27106,0.11784,-0.49208,-0.67307,0.61111,7.1
0.46576,0.83372,-0.27143,0.1196,-0.49661,-0.6737,0.61158,7.2
0.46592,0.8334,-0.27153,0.121,-0.50061,-0.67447,0.61242,7.3
0.46648,0.8326,-0.27213,0.12299,-0.50528,-0.67546,0.61256,7.4
0.46693,0.83186,-0.27349,0.12328,-0.50862,-0.67704,0.61271,7.5
0.46674,0.83151,-0.27468,0.12366,-0.51222,-0.67829,0.61252,7.6
0.46633,0.83084,-0.27653,0.12559,-0.51625,-0.67966,0.61181,7.7
0.46526,0.83108,-0.27755,0.12577,-0.51874,-0.68098,0.6124,7.8
0.46506,0.83084,-0.27788,0.12732,-0.52265,-0.68297,0.61183,7.9
0.46553,0.82979,-0.2793,0.12933,-0.5264,-0.68492,0.61172,8
0.46647,0.82856,-0.28073,0.13073,-0.5298,-0.68783,0.61149,8.1
0.46702,0.8277,-0.28164,0.13222,-0.53379,-0.68983,0.61245,8.2
0.46812,0.82646,-0.28265,0.13391,-0.53824,-0.69273,0.61268,8.3
0.46856,0.82573,-0.28407,0.13389,-0.54054,-0.69522,0.61453,8.4
0.46952,0.82462,-0.28527,0.1348,-0.54406,-0.69819,0.61506,8.5
0.47017,0.82344,-0.28678,0.13658,-0.54901,-0.70056,0.61525,8.6
0.47082,0.82244,-0.28821,0.13734,-0.552,-0.70323,0.61598,8.7
0.47151,0.82135,-0.2897,0.13837,-0.55555,-0.70599,0.61603,8.8
0.47172,0.82109,-0.2898,0.13893,-0.55936,-0.70874,0.61566,8.9
0.47221,0.82088,-0.28839,0.14145,-0.56655,-0.71021,0.61411,9
0.47281,0.82109,-0.2871,0.14086,-0.56962,-0.7122,0.61536,9.1
0.4742,0.8212,-0.28552,0.13872,-0.5724,-0.71457,0.61571,9.2
0.47522,0.821,-0.28488,0.13773,-0.57669,-0.7158,0.61533,9.3
0.47536,0.8208,-0.28542,0.13736,-0.57916,-0.7171,0.61523,9.4
0.47526,0.82097,-0.28575,0.13596,-0.58101,-0.71917,0.61398,9.5
0.47505,0.82151,-0.28562,0.13369,-0.58358,-0.72045,0.61265,9.6
0.47524,0.82144,-0.28597,0.13269,-0.58605,-0.72189,0.61117,9.7
0.4759,0.82085,-0.28656,0.13265,-0.58815,-0.72345,0.61059,9.8
0.47699,0.82035,-0.2869,0.13116,-0.58997,-0.72575,0.60977,9.9
0.47757,0.8207,-0.28512,0.13069,-0.59326,-0.72729,0.60912,10
0.47859,0.8202,-0.28478,0.1309,-0.59567,-0.72951,0.6093,10.1
0.48038,0.81905,-0.28486,0.13136,-0.59766,-0.73198,0.60981,10.2
0.48286,0.81791,-0.28493,0.12919,-0.59919,-0.73523,0.61118,10.3
0.48493,0.81688,-0.28489,0.12801,-0.60268,-0.73779,0.61145,10.4
0.48705,0.81568,-0.28398,0.12965,-0.60758,-0.74043,0.60985,10.5
0.48808,0.81532,-0.28319,0.12971,-0.60848,-0.74332,0.61144,10.6
0.48907,0.81473,-0.28227,0.13173,-0.61139,-0.74582,0.61138,10.7
0.48963,0.81404,-0.28217,0.1341,-0.61535,-0.74706,0.61184,10.8
0.4916,0.81259,-0.28202,0.13599,-0.62058,-0.74928,0.60962,10.9
0.49251,0.812,-0.28189,0.1365,-0.62295,-0.75132,0.60993,11
0.49365,0.81144,-0.28135,0.1368,-0.62476,-0.75366,0.60946,11.1
0.49462,0.81088,-0.28125,0.13682,-0.6276,-0.755,0.60844,11.2
0.49593,0.80992,-0.28158,0.13711,-0.63043,-0.75649,0.60653,11.3
0.49619,0.80968,-0.28219,0.13631,-0.63129,-0.75777,0.606,11.4
0.497,0.80918,-0.28286,0.13493,-0.63328,-0.75973,0.603,11.5
0.49682,0.80919,-0.28351,0.13415,-0.63376,-0.76082,0.60171,11.6
0.49694,0.80864,-0.28429,0.13538,-0.63587,-0.76099,0.60031,11.7
0.49718,0.80832,-0.28431,0.13637,-0.63728,-0.76091,0.60011,11.8
0.49825,0.80774,-0.28427,0.136,-0.6388,-0.76132,0.59948,11.9
0.49964,0.80734,-0.28364,0.13457,-0.64129,-0.76179,0.59814,12
0.50064,0.80784,-0.28139,0.13259,-0.64338,-0.76145,0.59796,12.1
0.50232,0.80797,-0.27838,0.13177,-0.64566,-0.76173,0.59614,12.2
0.50312,0.808,-0.27693,0.13157,-0.64699,-0.76146,0.59554,12.3
0.50375,0.8079,-0.27616,0.1314,-0.6485,-0.76094,0.59459,12.4
0.50492,0.80763,-0.27454,0.13195,-0.65152,-0.76063,0.59147,12.5
0.50546,0.80777,-0.27278,0.13267,-0.65428,-0.7596,0.58942,12.6
0.50629,0.80763,-0.27135,0.13332,-0.65616,-0.75899,0.58737,12.7
0.50704,0.80759,-0.26972,0.13403,-0.65785,-0.75861,0.58538,12.8
0.50772,0.80734,-0.26878,0.13483,-0.65968,-0.75767,0.58358,12.9
0.50772,0.8075,-0.2682,0.13507,-0.66129,-0.7563,0.5828,13
0.50766,0.80793,-0.26751,0.13404,-0.66326,-0.75444,0.58214,13.1
0.50846,0.80828,-0.26619,0.13151,-0.66384,-0.75461,0.58082,13.2
0.5089,0.80864,-0.26518,0.12964,-0.66451,-0.75377,0.57969,13.3
0.50983,0.80816,-0.26554,0.12824,-0.66589,-0.75344,0.57775,13.4
0.51005,0.80812,-0.26567,0.12731,-0.6666,-0.75262,0.577,13.5
0.51033,0.80841,-0.26513,0.12548,-0.66576,-0.753,0.57713,13.6
0.51143,0.80792,-0.26495,0.12453,-0.66848,-0.75172,0.57551,13.7
0.51236,0.80764,-0.26497,0.12247,-0.66917,-0.75218,0.57414,13.8
0.51204,0.80781,-0.26607,0.12029,-0.66887,-0.75211,0.57479,13.9
0.51239,0.8079,-0.26566,0.11909,-0.67005,-0.75193,0.57397,14
0.51281,0.80806,-0.26508,0.11748,-0.6701,-0.7525,0.5736,14.1
0.51359,0.80771,-0.26458,0.11758,-0.67228,-0.75213,0.57209,14.2
0.51399,0.80781,-0.26378,0.11697,-0.67312,-0.75188,0.57255,14.3
0.51471,0.80782,-0.26261,0.11635,-0.67343,-0.75269,0.5719,14.4
0.51454,0.80822,-0.26175,0.11624,-0.67414,-0.75233,0.57237,14.5
0.51537,0.80793,-0.2612,0.11584,-0.67576,-0.75292,0.57013,14.6
0.51578,0.80809,-0.25983,0.11594,-0.67659,-0.75371,0.56841,14.7
0.51577,0.80853,-0.25852,0.11589,-0.67746,-0.754,0.56752,14.8
0.5159,0.8088,-0.25739,0.11595,-0.67855,-0.75357,0.56714,14.9
0.51641,0.80927,-0.2551,0.11547,-0.67829,-0.75418,0.56791,15
0.5172,0.80923,-0.25386,0.11494,-0.67927,-0.7543,0.56801,15.1
0.51781,0.80958,-0.25172,0.11442,-0.68023,-0.75455,0.56869,15.2
0.51905,0.80985,-0.24794,0.11514,-0.68293,-0.75462,0.56849,15.3
0.51999,0.81042,-0.24442,0.11443,-0.6832,-0.75609,0.56945,15.4
0.52001,0.81086,-0.24259,0.11511,-0.68503,-0.75571,0.5705,15.5
0.52076,0.81093,-0.23992,0.1168,-0.6892,-0.7557,0.56834,15.6
0.51956,0.81245,-0.23656,0.11842,-0.69119,-0.75508,0.56901,15.7
0.51981,0.81247,-0.23425,0.12169,-0.69557,-0.75494,0.56623,15.8
0.51924,0.813,-0.23326,0.12251,-0.6969,-0.75507,0.56628,15.9
0.51902,0.81351,-0.23258,0.12135,-0.69816,-0.7552,0.56648,16
0.51952,0.81378,-0.2311,0.12025,-0.70014,-0.75558,0.56563,16.1
0.51981,0.81406,-0.22965,0.11988,-0.70214,-0.75482,0.56518,16.2
0.52126,0.81353,-0.22847,0.11946,-0.70548,-0.75525,0.56122,16.3
0.52167,0.81344,-0.22815,0.1188,-0.70666,-0.75503,0.55938,16.4
0.52188,0.81318,-0.22898,0.11812,-0.70774,-0.75475,0.55707,16.5
0.52118,0.81356,-0.22984,0.1169,-0.70861,-0.75361,0.55646,16.6
0.52082,0.81382,-0.23043,0.11557,-0.70907,-0.7526,0.55548,16.7
0.52014,0.81448,-0.23048,0.11382,-0.70853,-0.75214,0.55554,16.8
0.51998,0.8149,-0.23014,0.11223,-0.70838,-0.75233,0.55393,16.9
0.52005,0.81481,-0.23071,0.11139,-0.70948,-0.75205,0.55215,17
0.52028,0.81508,-0.22969,0.11047,-0.71066,-0.75196,0.5502,17.1
0.52011,0.81572,-0.22805,0.1099,-0.71133,-0.7519,0.54961,17.2
0.52047,0.81555,-0.22736,0.11091,-0.7131,-0.75104,0.54916,17.3
0.52116,0.81526,-0.22695,0.1106,-0.71219,-0.75091,0.55082,17.4
0.52301,0.8144,-0.22579,0.1106,-0.71323,-0.75143,0.55024,17.5
0.52466,0.81372,-0.22461,0.11018,-0.7139,-0.75175,0.55042,17.6
0.52633,0.81284,-0.22469,0.10855,-0.71346,-0.75233,0.55128,17.7
0.52728,0.81223,-0.22493,0.108,-0.7141,-0.75222,0.55203,17.8
0.52789,0.81192,-0.22471,0.10785,-0.71336,-0.75319,0.55221,17.9
0.52886,0.81103,-0.22502,0.10909,-0.71459,-0.75395,0.55019,18
0.52913,0.81042,-0.22643,0.10937,-0.7146,-0.75463,0.54984,18.1
0.52945,0.81032,-0.22646,0.10855,-0.71425,-0.7562,0.54901,18.2
0.52923,0.8107,-0.22653,0.10662,-0.71292,-0.75716,0.55018,18.3
0.52975,0.81075,-0.22597,0.10481,-0.71009,-0.76018,0.54993,18.4
0.53004,0.81063,-0.22592,0.10434,-0.71064,-0.76128,0.54815,18.5
0.52995,0.81115,-0.22497,0.10287,-0.70811,-0.76378,0.54845,18.6
0.53028,0.81133,-0.22416,0.10148,-0.7064,-0.7661,0.54792,18.7
0.53062,0.8116,-0.22282,0.10054,-0.70462,-0.76915,0.54634,18.8
0.53003,0.81196,-0.22257,0.10128,-0.70341,-0.77092,0.54617,18.9
0.53029,0.81165,-0.22266,0.10221,-0.70207,-0.77344,0.54494,19
0.53078,0.81164,-0.22159,0.10198,-0.70037,-0.77693,0.54314,19.1
0.5309,0.81211,-0.22,0.10113,-0.69845,-0.77968,0.54287,19.2
0.53162,0.81232,-0.21797,0.10007,-0.69606,-0.78342,0.54197,19.3
0.53299,0.81191,-0.21646,0.099372,-0.69443,-0.78704,0.54011,19.4
0.53391,0.81195,-0.21452,0.098259,-0.69062,-0.79109,0.53956,19.5
0.53577,0.81074,-0.21416,0.098859,-0.68866,-0.79458,0.53775,19.6
0.53672,0.81044,-0.2137,0.097213,-0.684,-0.79803,0.53869,19.7
0.5384,0.80995,-0.21217,0.095398,-0.68029,-0.80213,0.53723,19.8
0.54007,0.80898,-0.2116,0.095341,-0.67777,-0.80579,0.53495,19.9
0.54119,0.80838,-0.21141,0.094548,-0.6746,-0.8094,0.5334,20
0.54203,0.80822,-0.21032,0.093574,-0.67093,-0.81283,0.53201,20.1
0.54344,0.80714,-0.21081,0.093541,-0.66936,-0.81586,0.52905,20.2
0.54431,0.80662,-0.21173,0.090909,-0.6649,-0.81912,0.52853,20.3
0.54503,0.80669,-0.21086,0.087952,-0.66104,-0.82218,0.52708,20.4
0.54602,0.80632,-0.21047,0.086061,-0.6579,-0.8255,0.52417,20.5
0.54609,0.8064,-0.21063,0.084483,-0.65412,-0.82752,0.52322,20.6
0.54766,0.80568,-0.20941,0.084226,-0.65218,-0.83077,0.51826,20.7
0.54858,0.80553,-0.20806,0.08305,-0.64985,-0.83208,0.51649,20.8
0.54918,0.80566,-0.20707,0.08026,-0.64512,-0.834,0.51587,20.9
0.55015,0.8054,-0.20612,0.078604,-0.64168,-0.83604,0.51325,21
0.55022,0.8058,-0.20524,0.076273,-0.6381,-0.83729,0.51181,21.1
0.55016,0.80643,-0.20395,0.073523,-0.63268,-0.83931,0.51016,21.2
0.55015,0.80676,-0.20275,0.073245,-0.63028,-0.84043,0.50666,21.3
0.54966,0.80721,-0.20232,0.073183,-0.62694,-0.8413,0.50467,21.4
0.55009,0.80676,-0.20272,0.073833,-0.62475,-0.84265,0.50082,21.5
0.54966,0.80715,-0.20246,0.073405,-0.62104,-0.84349,0.50002,21.6
0.55015,0.80726,-0.2011,0.072282,-0.61718,-0.84459,0.49951,21.7
0.55207,0.80643,-0.1995,0.071301,-0.61424,-0.84625,0.49786,21.8
0.55344,0.8061,-0.19746,0.070155,-0.6115,-0.84728,0.49787,21.9
0.55492,0.80568,-0.19582,0.067779,-0.60814,-0.84837,0.49833,22
0.55674,0.80498,-0.19383,0.066897,-0.60607,-0.84964,0.49677,22.1
0.55748,0.80484,-0.19286,0.065262,-0.60274,-0.84992,0.49822,22.2
0.55858,0.80471,-0.19074,0.063618,-0.59956,-0.85093,0.49821,22.3
0.55975,0.80434,-0.18874,0.063911,-0.5985,-0.85129,0.49642,22.4
0.5603,0.80438,-0.18732,0.062875,-0.59491,-0.85202,0.49637,22.5
0.56118,0.80392,-0.18646,0.063341,-0.59303,-0.8526,0.49471,22.6
0.56141,0.80398,-0.18584,0.062402,-0.58992,-0.85295,0.4944,22.7
0.56214,0.80362,-0.18539,0.061847,-0.58805,-0.85392,0.49095,22.8
0.56149,0.80398,-0.18591,0.061491,-0.58483,-0.85407,0.48989,22.9
0.56006,0.80485,-0.1866,0.061049,-0.58125,-0.85412,0.48897,23
0.55833,0.80608,-0.18663,0.060577,-0.57748,-0.85494,0.48733,23.1
0.55672,0.80699,-0.1873,0.061226,-0.57412,-0.85517,0.48615,23.2
0.55679,0.80638,-0.18872,0.064207,-0.57344,-0.85582,0.48168,23.3
0.5562,0.80631,-0.19062,0.064623,-0.57151,-0.85635,0.47951,23.4
0.55545,0.80662,-0.19157,0.064271,-0.56844,-0.85722,0.47876,23.5
0.55439,0.80696,-0.19325,0.0642,-0.56508,-0.85813,0.47824,23.6
0.55429,0.80663,-0.19424,0.066206,-0.56481,-0.85962,0.47419,23.7
0.55299,0.80732,-0.19509,0.066168,-0.561,-0.86132,0.47331,23.8
0.55272,0.80714,-0.19591,0.068125,-0.55937,-0.86289,0.47077,23.9
0.5528,0.80676,-0.19683,0.06935,-0.55581,-0.86529,0.46935,24
0.55271,0.80645,-0.198,0.070273,-0.5534,-0.867,0.46778,24.1
0.55283,0.80617,-0.19875,0.070481,-0.55057,-0.86917,0.46594,24.2
0.55272,0.80616,-0.1987,0.071574,-0.54864,-0.8705,0.46425,24.3
0.55313,0.80597,-0.19751,0.073876,-0.54684,-0.87273,0.46087,24.4
0.55296,0.80589,-0.19764,0.075594,-0.54371,-0.87458,0.45927,24.5
0.55347,0.80535,-0.1981,0.07644,-0.54244,-0.87607,0.45628,24.6
0.5534,0.80562,-0.19719,0.076441,-0.53842,-0.87793,0.45508,24.7
0.55365,0.80545,-0.19701,0.076851,-0.53595,-0.87951,0.45295,24.8
0.55381,0.80552,-0.19647,0.076325,-0.53224,-0.88163,0.45057,24.9
0.5536,0.80574,-0.19608,0.076543,-0.52954,-0.8832,0.4482,25
0.55316,0.80605,-0.19584,0.077116,-0.52746,-0.88401,0.44688,25.1
0.55306,0.80633,-0.19509,0.076772,-0.52372,-0.88559,0.44564,25.2
0.55268,0.8068,-0.19424,0.076796,-0.52158,-0.88655,0.44351,25.3
0.55114,0.80811,-0.19304,0.077064,-0.51778,-0.88709,0.4437,25.4
0.55107,0.80819,-0.19243,0.078235,-0.51417,-0.88856,0.44174,25.5
0.55118,0.80819,-0.19119,0.080465,-0.51238,-0.88904,0.44008,25.6
0.55163,0.80798,-0.19003,0.082165,-0.50869,-0.89038,0.43861,25.7
0.55191,0.80779,-0.18961,0.083187,-0.50636,-0.89091,0.43786,25.8
0.55268,0.80762,-0.18817,0.082977,-0.50396,-0.89179,0.43662,25.9
0.55356,0.80729,-0.18726,0.082374,-0.50139,-0.89246,0.43568,26
0.5547,0.80668,-0.18653,0.082363,-0.49897,-0.8931,0.43441,26.1
0.55559,0.80612,-0.18656,0.081784,-0.49476,-0.89367,0.43432,26.2
0.55691,0.80519,-0.18659,0.08194,-0.49321,-0.89399,0.43247,26.3
0.55754,0.8047,-0.18688,0.081744,-0.49079,-0.89394,0.43219,26.4
0.55822,0.8042,-0.18717,0.08135,-0.48832,-0.89437,0.43113,26.5
0.5576,0.80447,-0.1872,0.082806,-0.48607,-0.89411,0.43037,26.6
0.55683,0.80452,-0.18833,0.084958,-0.48332,-0.89361,0.42994,26.7
0.55653,0.80434,-0.18865,0.087879,-0.4812,-0.89328,0.42873,26.8
0.55559,0.80453,-0.18975,0.089682,-0.47996,-0.89192,0.42917,26.9
0.55525,0.8047,-0.19026,0.089159,-0.47726,-0.8896,0.42806,27
0.55434,0.80519,-0.18987,0.091224,-0.47726,-0.88735,0.42802,27.1
0.55386,0.80519,-0.18977,0.094345,-0.47787,-0.8852,0.4262,27.2
0.55281,0.80553,-0.19116,0.094753,-0.47585,-0.88321,0.42627,27.3
0.55189,0.80581,-0.1919,0.096244,-0.47423,-0.88069,0.42581,27.4
0.55069,0.8063,-0.19257,0.097666,-0.47328,-0.87752,0.42568,27.5
0.54995,0.80634,-0.19404,0.0986,-0.47286,-0.87407,0.42481,27.6
0.54835,0.80722,-0.1948,0.098807,-0.47055,-0.87044,0.42513,27.7
0.5472,0.80804,-0.19453,0.09905,-0.46934,-0.86677,0.42428,27.8
0.54654,0.80833,-0.19511,0.099076,-0.46897,-0.86289,0.4235,27.9
0.54629,0.80855,-0.1955,0.097944,-0.46752,-0.85882,0.42333,28
0.54705,0.80856,-0.19442,0.095774,-0.46533,-0.85548,0.42289,28.1
0.54798,0.80834,-0.19389,0.093343,-0.46611,-0.85163,0.42165,28.2
0.54883,0.80809,-0.19333,0.091636,-0.46697,-0.84813,0.41916,28.3
0.54846,0.80847,-0.19346,0.090231,-0.46573,-0.84441,0.4182,28.4
0.54874,0.80843,-0.19399,0.087759,-0.46521,-0.84115,0.41597,28.5
0.549,0.80818,-0.19509,0.085973,-0.46478,-0.83785,0.41378,28.6
0.54837,0.80864,-0.19579,0.083968,-0.46372,-0.83474,0.41174,28.7
0.54713,0.80906,-0.19726,0.084537,-0.46455,-0.83111,0.40933,28.8
0.5452,0.81015,-0.19816,0.084472,-0.46384,-0.82784,0.40812,28.9
0.5432,0.81136,-0.19823,0.08557,-0.46262,-0.8252,0.40673,29
0.54184,0.81215,-0.19897,0.085058,-0.46123,-0.82313,0.40498,29.1
0.5397,0.81371,-0.19832,0.085278,-0.46182,-0.82029,0.40419,29.2
0.53789,0.81508,-0.19751,0.085463,-0.46261,-0.8175,0.40419,29.3
0.53732,0.81572,-0.19622,0.085931,-0.46247,-0.81589,0.40317,29.4
0.53664,0.81641,-0.19502,0.086352,-0.46287,-0.81437,0.40173,29.5
0.53492,0.81819,-0.19233,0.086192,-0.46282,-0.81261,0.40197,29.6
0.53482,0.81906,-0.18885,0.086293,-0.46212,-0.81204,0.40092,29.7
0.53527,0.81962,-0.18541,0.08567,-0.46207,-0.81144,0.39921,29.8
0.53615,0.82009,-0.18182,0.083257,-0.46032,-0.81163,0.3983,29.9
0.53748,0.81999,-0.17909,0.081576,-0.4593,-0.81172,0.39672,30
0.53912,0.8196,-0.1767,0.07983,-0.45665,-0.81294,0.39423,30.1
0.54009,0.81951,-0.1753,0.077265,-0.4537,-0.81406,0.39202,30.2
0.54151,0.81893,-0.17473,0.074775,-0.45117,-0.8155,0.38828,30.3
0.54239,0.81868,-0.17441,0.071741,-0.44778,-0.81727,0.38448,30.4
0.54319,0.81849,-0.17372,0.069567,-0.44429,-0.81897,0.38109,30.5
0.54445,0.8179,-0.1739,0.066144,-0.44174,-0.82098,0.37668,30.6
0.54535,0.81773,-0.17364,0.061304,-0.43796,-0.82313,0.37322,30.7
0.5462,0.81749,-0.17302,0.058638,-0.43482,-0.82536,0.36977,30.8
0.54732,0.81687,-0.17348,0.055351,-0.43114,-0.82803,0.36648,30.9
0.54836,0.81631,-0.17396,0.05172,-0.42838,-0.83061,0.363,31
0.54896,0.81606,-0.17424,0.048322,-0.42527,-0.8331,0.35974,31.1
0.54917,0.81612,-0.17379,0.046505,-0.42263,-0.83538,0.35682,31.2
0.54937,0.81619,-0.17342,0.044296,-0.42033,-0.83751,0.35498,31.3
0.54981,0.81626,-0.17201,0.042809,-0.41786,-0.83966,0.35402,31.4
0.55133,0.8156,-0.17058,0.04169,-0.41593,-0.84224,0.3525,31.5
0.55295,0.81508,-0.16849,0.038864,-0.4149,-0.84453,0.35109,31.6
0.55482,0.81474,-0.16471,0.03528,-0.41359,-0.84768,0.34914,31.7
0.5561,0.81447,-0.16197,0.034041,-0.4125,-0.85018,0.34846,31.8
0.55795,0.8138,-0.1592,0.032738,-0.41084,-0.85307,0.34757,31.9
0.56026,0.81287,-0.15638,0.02991,-0.4099,-0.85608,0.34595,32
0.5622,0.81223,-0.1534,0.026168,-0.40812,-0.85931,0.34544,32.1
0.5644,0.81114,-0.15139,0.024114,-0.40767,-0.86225,0.34405,32.2
0.5663,0.81023,-0.14962,0.021336,-0.40668,-0.86486,0.34333,32.3
0.56875,0.80909,-0.1469,0.017955,-0.40559,-0.86753,0.34208,32.4
0.57045,0.80829,-0.14499,0.015387,-0.40531,-0.86995,0.33979,32.5
0.57057,0.80857,-0.14305,0.014172,-0.40473,-0.8719,0.33795,32.6
0.56928,0.8098,-0.14125,0.013776,-0.40458,-0.87305,0.33681,32.7
0.56783,0.81116,-0.13929,0.0137,-0.40483,-0.87403,0.33591,32.8
0.56644,0.81241,-0.1376,0.014323,-0.40585,-0.87468,0.33494,32.9
0.56447,0.81425,-0.13486,0.013398,-0.40567,-0.87567,0.3348,33
0.56281,0.81591,-0.13177,0.01333,-0.40561,-0.87689,0.33516,33.1
0.56196,0.81691,-0.12908,0.014255,-0.40657,-0.87813,0.33526,33.2
0.56195,0.81747,-0.12551,0.014379,-0.40761,-0.88001,0.33489,33.3
0.56191,0.81807,-0.12172,0.014085,-0.40815,-0.88212,0.3347,33.4
0.56166,0.81869,-0.11863,0.014266,-0.40846,-0.88425,0.33453,33.5
0.56107,0.81949,-0.11587,0.014331,-0.40862,-0.88609,0.33462,33.6
0.56042,0.82031,-0.11309,0.014926,-0.4092,-0.88766,0.33443,33.7
0.55928,0.82144,-0.11049,0.01503,-0.40857,-0.88931,0.33474,33.8
0.55851,0.82221,-0.10856,0.015867,-0.40865,-0.8907,0.33517,33.9
0.55787,0.8229,-0.10642,0.017026,-0.40959,-0.89212,0.33504,34
0.5571,0.82369,-0.10419,0.017765,-0.40979,-0.89362,0.33541,34.1
0.55706,0.82393,-0.10222,0.019402,-0.41018,-0.89499,0.33644,34.2
0.55903,0.82279,-0.10042,0.020411,-0.41089,-0.89684,0.33613,34.3
0.56097,0.82169,-0.098421,0.021306,-0.4117,-0.89866,0.33616,34.4
0.56358,0.82011,-0.09636,0.0227,-0.413,-0.90061,0.33501,34.5
0.5651,0.81934,-0.09384,0.023235,-0.41357,-0.90276,0.33515,34.6
0.56732,0.81789,-0.09255,0.025465,-0.41427,-0.905,0.33454,34.7
0.56939,0.81636,-0.092091,0.029534,-0.41673,-0.90677,0.33474,34.8
0.5723,0.81435,-0.091271,0.031287,-0.41752,-0.9097,0.33323,34.9
0.57481,0.81265,-0.090855,0.03055,-0.41756,-0.91259,0.33374,35
0.57818,0.81012,-0.091309,0.032708,-0.41941,-0.9152,0.33251,35.1
0.58119,0.80788,-0.091603,0.034027,-0.41967,-0.91831,0.33138,35.2
0.58374,0.80586,-0.092504,0.035852,-0.42114,-0.92096,0.32984,35.3
0.58541,0.80453,-0.092705,0.037864,-0.42224,-0.92357,0.32905,35.4
0.58694,0.80317,-0.094341,0.038973,-0.42287,-0.92633,0.32805,35.5
0.58771,0.80239,-0.09527,0.041065,-0.42351,-0.92873,0.32837,35.6
0.58912,0.80115,-0.096124,0.043076,-0.42382,-0.93123,0.32878,35.7
0.59113,0.79953,-0.096971,0.043723,-0.42336,-0.93412,0.32855,35.8
0.59329,0.79777,-0.097545,0.045332,-0.42536,-0.93609,0.32781,35.9
0.59483,0.79651,-0.098387,0.045442,-0.42489,-0.93855,0.32773,36
0.59616,0.79531,-0.09909,0.047618,-0.42602,-0.94045,0.32715,36.1
0.59693,0.79455,-0.098942,0.050804,-0.42692,-0.94213,0.32702,36.2
0.59763,0.79386,-0.099881,0.051484,-0.42695,-0.94408,0.32639,36.3
0.59748,0.79379,-0.10079,0.052454,-0.42735,-0.94547,0.3266,36.4
0.59804,0.79307,-0.10195,0.054703,-0.42923,-0.94675,0.32568,36.5
0.59791,0.79281,-0.1033,0.05733,-0.43042,-0.94745,0.32584,36.6
0.59776,0.79256,-0.10458,0.059985,-0.43103,-0.94876,0.32575,36.7
0.59775,0.79227,-0.10584,0.061604,-0.43208,-0.94977,0.32555,36.8
0.59771,0.79214,-0.10658,0.062342,-0.43344,-0.95065,0.32512,36.9
0.59699,0.79267,-0.10626,0.063124,-0.43333,-0.95155,0.32627,37
0.59674,0.79257,-0.10655,0.066226,-0.43541,-0.95208,0.32595,37.1
0.59616,0.79267,-0.10813,0.067642,-0.4373,-0.95234,0.32656,37.2
0.59594,0.79253,-0.10867,0.07034,-0.43899,-0.95265,0.32755,37.3
0.59557,0.79246,-0.11006,0.071972,-0.43981,-0.95292,0.32835,37.4
0.59498,0.79266,-0.11077,0.073574,-0.44067,-0.95329,0.32902,37.5
0.59402,0.79297,-0.11185,0.076325,-0.44264,-0.95303,0.33032,37.6
0.59306,0.79306,-0.11202,0.082385,-0.44595,-0.95227,0.33274,37.7
0.59283,0.79272,-0.11299,0.085969,-0.44766,-0.95225,0.33501,37.8
0.59302,0.79222,-0.11234,0.089934,-0.45179,-0.9519,0.33636,37.9
0.59232,0.7925,-0.11124,0.093443,-0.45408,-0.95167,0.33931,38
0.59249,0.7919,-0.1111,0.097521,-0.45725,-0.95173,0.34086,38.1
0.59298,0.79128,-0.11084,0.099783,-0.45986,-0.95173,0.34236,38.2
0.59353,0.79064,-0.11019,0.10234,-0.46323,-0.95169,0.34319,38.3
0.59347,0.79026,-0.11023,0.10547,-0.46676,-0.95082,0.34487,38.4
0.59408,0.78936,-0.11139,0.10757,-0.47019,-0.95021,0.34493,38.5
0.59436,0.789,-0.11129,0.10877,-0.47188,-0.95008,0.34462,38.6
0.59404,0.78893,-0.1117,0.1106,-0.47472,-0.94912,0.34421,38.7
0.59329,0.78914,-0.11272,0.11203,-0.47625,-0.94859,0.34244,38.8
0.59126,0.79023,-0.11382,0.11398,-0.47701,-0.9475,0.34288,38.9
0.59023,0.7904,-0.11526,0.11669,-0.47929,-0.94649,0.34156,39
0.58954,0.79075,-0.11657,0.11651,-0.47902,-0.94646,0.34125,39.1
0.58872,0.79118,-0.11763,0.11662,-0.47973,-0.94625,0.34107,39.2
0.58774,0.79134,-0.11863,0.11945,-0.48101,-0.94552,0.34208,39.3
0.58828,0.79045,-0.1209,0.12045,-0.48067,-0.94616,0.34112,39.4
0.5882,0.79017,-0.12279,0.12075,-0.48169,-0.94622,0.34079,39.5
0.58829,0.78961,-0.12368,0.12302,-0.4835,-0.94624,0.34077,39.6
0.58884,0.7885,-0.12607,0.12509,-0.48496,-0.94655,0.34008,39.7
0.58891,0.78782,-0.12805,0.12699,-0.48624,-0.94707,0.33862,39.8
0.58805,0.78801,-0.12964,0.12817,-0.48801,-0.94707,0.33941,39.9
0.58738,0.78808,-0.13077,0.12964,-0.48957,-0.94704,0.34041,40
0.58693,0.78795,-0.13215,0.1311,-0.49188,-0.9472,0.34023,40.1
0.5862,0.788,-0.13329,0.1329,-0.49372,-0.94776,0.34026,40.2
0.58594,0.78768,-0.13428,0.13493,-0.49531,-0.94829,0.33975,40.3
0.58433,0.7882,-0.13497,0.13816,-0.49967,-0.94756,0.34039,40.4
0.5832,0.78851,-0.13565,0.14047,-0.5022,-0.94712,0.34131,40.5
0.58291,0.78838,-0.13631,0.14172,-0.50308,-0.94749,0.34184,40.6
0.58284,0.78813,-0.13657,0.14314,-0.50478,-0.94761,0.34196,40.7
0.58285,0.78803,-0.13752,0.14275,-0.50648,-0.94739,0.34214,40.8
0.58222,0.78854,-0.13713,0.14288,-0.50834,-0.94659,0.34292,40.9
0.58171,0.78883,-0.13684,0.14365,-0.50979,-0.94581,0.34285,41
0.58139,0.78914,-0.13665,0.1434,-0.51081,-0.94527,0.34258,41.1
0.58151,0.78907,-0.1367,0.14326,-0.51289,-0.94384,0.34207,41.2
0.58208,0.78892,-0.13725,0.14127,-0.51333,-0.94302,0.34102,41.3
0.58237,0.78904,-0.13765,0.13899,-0.51362,-0.94164,0.34029,41.4
0.58282,0.78912,-0.13708,0.13717,-0.51479,-0.94023,0.33805,41.5
0.58234,0.78978,-0.13645,0.13606,-0.51594,-0.93781,0.33647,41.6
0.58112,0.79084,-0.13589,0.13563,-0.51814,-0.93449,0.33531,41.7
0.57992,0.79174,-0.13603,0.13539,-0.52018,-0.93152,0.33408,41.8
0.57944,0.79219,-0.13668,0.13422,-0.52252,-0.9286,0.33242,41.9
0.57876,0.79292,-0.13595,0.13355,-0.52504,-0.92608,0.33163,42
0.57885,0.79294,-0.13605,0.1329,-0.52764,-0.92346,0.33041,42.1
0.57941,0.79267,-0.13624,0.13189,-0.5305,-0.92159,0.3281,42.2
0.57865,0.79321,-0.13698,0.13124,-0.53348,-0.91905,0.32768,42.3
0.57747,0.79406,-0.13698,0.13125,-0.53537,-0.91729,0.32672,42.4
0.57541,0.79511,-0.13815,0.13273,-0.53888,-0.9145,0.32649,42.5
0.5738,0.79565,-0.14015,0.13438,-0.54251,-0.91215,0.32613,42.6
0.57325,0.79585,-0.14119,0.13446,-0.54592,-0.91038,0.32485,42.7
0.57299,0.79596,-0.1416,0.13445,-0.55041,-0.90861,0.32374,42.8
0.57227,0.79628,-0.14267,0.13448,-0.55466,-0.90652,0.32345,42.9
0.57149,0.79657,-0.14361,0.1351,-0.55981,-0.90436,0.323,43
0.57059,0.79696,-0.14442,0.13573,-0.56426,-0.90271,0.32264,43.1
0.56955,0.79749,-0.14504,0.13633,-0.56797,-0.90154,0.32324,43.2
0.56938,0.79738,-0.14633,0.13634,-0.57277,-0.90047,0.32256,43.3
0.56786,0.79803,-0.14702,0.13808,-0.57796,-0.89884,0.32297,43.4
0.56578,0.79903,-0.14767,0.14015,-0.58212,-0.89773,0.32359,43.5
0.56366,0.80003,-0.14929,0.14126,-0.5857,-0.89705,0.32441,43.6
0.56201,0.80042,-0.15046,0.14436,-0.59149,-0.8957,0.32544,43.7
0.56185,0.80007,-0.15238,0.14486,-0.5962,-0.89549,0.32559,43.8
0.56113,0.80025,-0.15419,0.14475,-0.59993,-0.89525,0.32641,43.9
0.55988,0.80063,-0.15599,0.14561,-0.60399,-0.89482,0.32719,44
0.55764,0.80136,-0.15847,0.14746,-0.6073,-0.89464,0.32859,44.1
0.55543,0.80173,-0.16145,0.15054,-0.61186,-0.89375,0.32923,44.2
0.55253,0.80288,-0.1639,0.1524,-0.61505,-0.89329,0.33164,44.3
0.5501,0.80353,-0.1668,0.15464,-0.61886,-0.89264,0.33421,44.4
0.54916,0.80344,-0.16993,0.15501,-0.62292,-0.89211,0.33545,44.5
0.54842,0.80321,-0.17279,0.15567,-0.62769,-0.89167,0.33544,44.6
0.54594,0.80387,-0.17639,0.15695,-0.63306,-0.88989,0.33676,44.7
0.54316,0.80485,-0.17937,0.15817,-0.63632,-0.88864,0.33857,44.8
0.53975,0.80604,-0.18281,0.15981,-0.64176,-0.88629,0.34006,44.9
0.53646,0.80749,-0.18522,0.16078,-0.64555,-0.88447,0.34255,45
0.5334,0.8083,-0.18741,0.16433,-0.65036,-0.88201,0.34521,45.1
0.53215,0.80818,-0.19016,0.16582,-0.65514,-0.88057,0.3462,45.2
0.53111,0.80823,-0.19213,0.16665,-0.66031,-0.87884,0.34796,45.3
0.53042,0.80774,-0.19393,0.16913,-0.66541,-0.87671,0.34977,45.4
0.53088,0.80687,-0.19598,0.16948,-0.66915,-0.8756,0.35041,45.5
0.53111,0.80635,-0.1975,0.16944,-0.67414,-0.87388,0.35161,45.6
0.53172,0.80569,-0.19783,0.17032,-0.67647,-0.87309,0.35252,45.7
0.53217,0.80519,-0.19887,0.17007,-0.68035,-0.87128,0.35349,45.8
0.53208,0.80514,-0.1992,0.17019,-0.68466,-0.86906,0.35466,45.9
0.53141,0.8052,-0.19953,0.1716,-0.68834,-0.86681,0.35592,46
0.53097,0.805,-0.1999,0.17346,-0.69298,-0.86386,0.35679,46.1
0.53058,0.80498,-0.20138,0.17305,-0.69662,-0.86136,0.35759,46.2
0.5298,0.80538,-0.20226,0.17252,-0.6998,-0.85886,0.35887,46.3
0.52896,0.80568,-0.20301,0.17284,-0.70283,-0.85656,0.35995,46.4
0.52766,0.80591,-0.20425,0.17426,-0.70668,-0.85412,0.36051,46.5
0.52665,0.80596,-0.20656,0.17434,-0.70901,-0.85266,0.36178,46.6
0.52601,0.80582,-0.20878,0.17431,-0.71209,-0.85063,0.36339,46.7
0.52595,0.80516,-0.2108,0.1751,-0.71489,-0.8494,0.36383,46.8
0.52587,0.80442,-0.21327,0.17575,-0.71742,-0.84836,0.3639,46.9
0.52537,0.80402,-0.21639,0.17526,-0.72093,-0.84655,0.36362,47
0.5243,0.8042,-0.21963,0.17361,-0.72295,-0.84509,0.36497,47.1
0.52361,0.80405,-0.22201,0.17334,-0.72478,-0.84431,0.36506,47.2
0.52143,0.80433,-0.22394,0.17611,-0.72728,-0.8427,0.36593,47.3
0.52003,0.80393,-0.22752,0.1775,-0.7304,-0.84064,0.36716,47.4
0.51974,0.80364,-0.22958,0.177,-0.73129,-0.84038,0.36836,47.5
0.51958,0.80302,-0.232,0.17714,-0.73436,-0.83933,0.36893,47.6
0.51897,0.80234,-0.2345,0.17872,-0.73872,-0.83678,0.3708,47.7
0.52038,0.8008,-0.2364,0.17901,-0.74055,-0.83695,0.37034,47.8
0.52041,0.79999,-0.23875,0.17943,-0.74354,-0.83575,0.37065,47.9
0.51907,0.79993,-0.24048,0.18124,-0.74741,-0.83342,0.37228,48
0.51933,0.79893,-0.24177,0.18319,-0.74988,-0.83273,0.37286,48.1
0.51901,0.79831,-0.24273,0.18552,-0.75271,-0.83165,0.37405,48.2
0.51936,0.79781,-0.24307,0.18625,-0.75508,-0.8308,0.37633,48.3
0.5207,0.79672,-0.24318,0.18703,-0.75822,-0.83007,0.37768,48.4
0.52166,0.79533,-0.24383,0.18935,-0.76316,-0.82809,0.37808,48.5
0.52162,0.795,-0.24429,0.1903,-0.76551,-0.82697,0.38025,48.6
0.52242,0.79375,-0.24542,0.19184,-0.76985,-0.82492,0.38092,48.7
0.52324,0.79261,-0.24675,0.19265,-0.7734,-0.82335,0.38074,48.8
0.52221,0.79226,-0.24918,0.19373,-0.77742,-0.82067,0.38219,48.9
0.52148,0.79172,-0.25103,0.19549,-0.78046,-0.8188,0.38244,49
0.52071,0.79144,-0.25368,0.19527,-0.78363,-0.81698,0.38294,49.1
0.51964,0.79155,-0.25693,0.19341,-0.78546,-0.81565,0.38452,49.2
0.51805,0.79168,-0.25888,0.19457,-0.78893,-0.81369,0.38523,49.3
0.51592,0.79143,-0.26282,0.19595,-0.79276,-0.81093,0.38637,49.4
0.51451,0.79084,-0.26576,0.19806,-0.79697,-0.80879,0.38647,49.5
0.51369,0.79063,-0.26783,0.19823,-0.79958,-0.80793,0.3871,49.6
0.51289,0.79027,-0.27026,0.19845,-0.80184,-0.80707,0.38825,49.7
0.51219,0.78931,-0.27333,0.19987,-0.80575,-0.80538,0.38835,49.8
0.51116,0.78882,-0.27522,0.20181,-0.81066,-0.80285,0.38866,49.9
0.51004,0.78849,-0.27766,0.20259,-0.81367,-0.80132,0.39082,50
0.51021,0.78754,-0.27924,0.20367,-0.81636,-0.80042,0.39166,50.1
0.51063,0.78671,-0.28002,0.20478,-0.81889,-0.79948,0.39254,50.2
0.51055,0.78627,-0.28096,0.20536,-0.8219,-0.79783,0.39456,50.3
0.51141,0.78547,-0.28164,0.20535,-0.82485,-0.79647,0.39525,50.4
0.51096,0.78566,-0.28165,0.20572,-0.82797,-0.79434,0.39587,50.5
0.50978,0.78599,-0.28183,0.20717,-0.83048,-0.79216,0.3977,50.6
0.50923,0.78548,-0.28258,0.20943,-0.83374,-0.78912,0.39863,50.7
0.50804,0.78671,-0.28119,0.20956,-0.8348,-0.78758,0.40133,50.8
0.50759,0.78661,-0.28157,0.21051,-0.83785,-0.78477,0.40345,50.9
0.50861,0.78586,-0.28136,0.21111,-0.83952,-0.78349,0.40411,51
0.50866,0.78567,-0.28178,0.21116,-0.84277,-0.78036,0.40487,51.1
0.50776,0.78576,-0.28291,0.21148,-0.8438,-0.77855,0.40647,51.2
0.50737,0.78521,-0.28453,0.21228,-0.84475,-0.77688,0.40695,51.3
0.50638,0.7854,-0.2855,0.21265,-0.84661,-0.77403,0.40859,51.4
0.50604,0.78515,-0.28647,0.21307,-0.8474,-0.77229,0.41018,51.5
0.50661,0.78462,-0.28668,0.21339,-0.84803,-0.77088,0.41202,51.6
0.50714,0.78409,-0.28731,0.21323,-0.84936,-0.76888,0.41473,51.7
0.50827,0.78272,-0.289,0.21328,-0.852,-0.76677,0.41596,51.8
0.50931,0.78181,-0.28942,0.21359,-0.85315,-0.76618,0.41668,51.9
0.50849,0.78128,-0.29098,0.21536,-0.85384,-0.76458,0.41949,52
0.50917,0.77944,-0.29351,0.21698,-0.85531,-0.76398,0.41941,52.1
0.50813,0.7794,-0.2948,0.21779,-0.8563,-0.76258,0.42183,52.2
0.50729,0.77889,-0.2961,0.2198,-0.85746,-0.76134,0.42389,52.3
0.50615,0.77831,-0.29714,0.22308,-0.85839,-0.76018,0.42647,52.4
0.50592,0.77715,-0.2988,0.2254,-0.86054,-0.75902,0.42694,52.5
0.50446,0.77657,-0.30064,0.22817,-0.8629,-0.7572,0.42909,52.6
0.50305,0.77589,-0.3026,0.23104,-0.86399,-0.75638,0.43123,52.7
0.50193,0.77555,-0.30371,0.23313,-0.866,-0.75523,0.4325,52.8
0.50102,0.77503,-0.30536,0.23465,-0.86845,-0.75335,0.43438,52.9
0.49948,0.77461,-0.30717,0.23695,-0.87025,-0.75108,0.43723,53
0.49871,0.77473,-0.308,0.23712,-0.87167,-0.74988,0.43856,53.1
0.49788,0.77483,-0.3088,0.23748,-0.87267,-0.74913,0.43965,53.2
0.49508,0.77537,-0.30894,0.24136,-0.87475,-0.74596,0.44254,53.3
0.49367,0.77569,-0.309,0.24313,-0.87569,-0.74449,0.44342,53.4
0.49288,0.77546,-0.31014,0.24402,-0.87761,-0.74284,0.44328,53.5
0.49143,0.7758,-0.31065,0.24521,-0.87837,-0.74064,0.44548,53.6
0.49051,0.77591,-0.31041,0.247,-0.87978,-0.73797,0.44627,53.7
0.48908,0.77637,-0.31137,0.24717,-0.88098,-0.73483,0.44782,53.8
0.48643,0.77748,-0.31101,0.24937,-0.88108,-0.73151,0.45098,53.9
0.48559,0.77746,-0.31211,0.2497,-0.88114,-0.72927,0.45188,54
0.48424,0.77842,-0.31108,0.25061,-0.8814,-0.72729,0.45256,54.1
0.48278,0.77873,-0.31096,0.25261,-0.88213,-0.72373,0.45449,54.2
0.48279,0.77868,-0.3113,0.25233,-0.88154,-0.72203,0.45515,54.3
0.48115,0.77975,-0.30967,0.25415,-0.88166,-0.71947,0.45618,54.4
0.47981,0.77989,-0.30958,0.25634,-0.88292,-0.71567,0.45647,54.5
0.47872,0.7801,-0.30975,0.25754,-0.88254,-0.71288,0.45793,54.6
0.47845,0.78041,-0.30988,0.25697,-0.88335,-0.71012,0.45755,54.7
0.47757,0.78127,-0.30955,0.25636,-0.88232,-0.70804,0.4595,54.8
0.47672,0.78175,-0.30811,0.25823,-0.88052,-0.70641,0.46103,54.9
0.47751,0.781,-0.30908,0.25788,-0.87895,-0.70571,0.46077,55
0.47697,0.78127,-0.30891,0.25826,-0.87777,-0.70277,0.46221,55.1
0.47707,0.7808,-0.30993,0.25825,-0.8766,-0.7003,0.46261,55.2
0.47676,0.7804,-0.31066,0.25917,-0.87702,-0.69673,0.4618,55.3
0.47623,0.78055,-0.31097,0.25931,-0.87585,-0.69392,0.46161,55.4
0.47592,0.78035,-0.3117,0.2596,-0.87508,-0.69107,0.46061,55.5
0.47467,0.78092,-0.31286,0.2588,-0.87258,-0.6881,0.46204,55.6
0.47338,0.7811,-0.31356,0.25977,-0.87245,-0.68372,0.4622,55.7
0.47308,0.78095,-0.31501,0.259,-0.87158,-0.68034,0.46193,55.8
0.47221,0.78153,-0.3154,0.25835,-0.87006,-0.6768,0.46289,55.9
0.47125,0.78175,-0.31575,0.259,-0.86939,-0.67249,0.46422,56
0.47248,0.78091,-0.31604,0.25897,-0.86859,-0.6705,0.46248,56.1
0.47129,0.78152,-0.3158,0.2596,-0.86864,-0.66547,0.46304,56.2
0.46969,0.78201,-0.3167,0.25989,-0.8694,-0.65926,0.46457,56.3
0.46936,0.78258,-0.31632,0.25925,-0.86764,-0.65679,0.4655,56.4
0.46943,0.78218,-0.31639,0.26023,-0.86787,-0.65351,0.46417,56.5
0.46782,0.78253,-0.31764,0.26056,-0.86668,-0.64864,0.46619,56.6
0.46699,0.7823,-0.31973,0.26017,-0.86561,-0.64456,0.46698,56.7
0.46662,0.78272,-0.32067,0.25841,-0.86402,-0.64176,0.46726,56.8
0.46695,0.78196,-0.32337,0.25677,-0.86373,-0.63765,0.46695,56.9
0.46479,0.78249,-0.32446,0.25769,-0.86284,-0.63141,0.4691,57
0.46436,0.78205,-0.32608,0.25775,-0.86243,-0.6272,0.46836,57.1
0.46374,0.78208,-0.32765,0.25678,-0.8612,-0.62283,0.46823,57.2
0.46276,0.78206,-0.32904,0.25683,-0.86071,-0.61867,0.46666,57.3
0.45996,0.78329,-0.32938,0.25766,-0.85884,-0.61477,0.46754,57.4
0.45862,0.78304,-0.331,0.25875,-0.85932,-0.61004,0.46703,57.5
0.45702,0.78326,-0.33187,0.25978,-0.85983,-0.60482,0.46836,57.6
0.4555,0.78378,-0.33212,0.26058,-0.86009,-0.60072,0.47028,57.7
0.45452,0.78384,-0.33189,0.2624,-0.86058,-0.59733,0.47224,57.8
0.45469,0.78327,-0.33239,0.26319,-0.86088,-0.59452,0.47442,57.9
0.4544,0.78259,-0.3332,0.26467,-0.86188,-0.59074,0.47737,58
0.45578,0.78078,-0.33466,0.26578,-0.86178,-0.58946,0.47987,58.1
0.45602,0.77986,-0.33492,0.26774,-0.86338,-0.58657,0.48228,58.2
0.45723,0.77825,-0.33627,0.26869,-0.86608,-0.5839,0.48264,58.3
0.45756,0.77702,-0.33728,0.2704,-0.86756,-0.58201,0.48357,58.4
0.45706,0.7758,-0.33912,0.27245,-0.86871,-0.57952,0.48496,58.5
0.45684,0.7746,-0.3415,0.27326,-0.8706,-0.57691,0.48508,58.6
0.45533,0.77489,-0.34266,0.2735,-0.87106,-0.57431,0.48632,58.7
0.4535,0.7746,-0.34457,0.27495,-0.87147,-0.57167,0.48667,58.8
0.45095,0.7743,-0.34778,0.27596,-0.87131,-0.56872,0.48768,58.9
0.44858,0.77427,-0.3498,0.27736,-0.87198,-0.56606,0.48672,59
0.44593,0.77462,-0.35167,0.27829,-0.8718,-0.56309,0.48733,59.1
0.44321,0.77445,-0.35416,0.27995,-0.87221,-0.55998,0.48738,59.2
0.44104,0.77395,-0.35765,0.2803,-0.87283,-0.55716,0.48719,59.3
0.43771,0.77445,-0.35992,0.28123,-0.87252,-0.55365,0.48941,59.4
0.4358,0.77438,-0.3611,0.28288,-0.87211,-0.55095,0.49108,59.5
0.43459,0.77383,-0.36303,0.28377,-0.87171,-0.54814,0.49307,59.6
0.43407,0.77268,-0.36493,0.28525,-0.87285,-0.54493,0.49346,59.7
0.43351,0.77186,-0.36678,0.28595,-0.87338,-0.54236,0.49483,59.8
0.4335,0.77045,-0.36891,0.28703,-0.87511,-0.54001,0.49396,59.9
0.43296,0.77002,-0.37042,0.28707,-0.87577,-0.53849,0.49383,60
0.43133,0.76932,-0.37242,0.2888,-0.87674,-0.53626,0.49395,60.1
0.43049,0.7681,-0.37626,0.28833,-0.87824,-0.5336,0.4944,60.2
0.42962,0.76764,-0.37847,0.28794,-0.87966,-0.53098,0.49488,60.3
0.4292,0.76638,-0.38156,0.28787,-0.88043,-0.52903,0.49604,60.4
0.42973,0.76485,-0.38408,0.28778,-0.88159,-0.52744,0.49636,60.5
0.43044,0.76347,-0.38787,0.28529,-0.88281,-0.52515,0.49681,60.6
0.42914,0.76259,-0.39118,0.28508,-0.88362,-0.52209,0.49833,60.7
0.42751,0.76119,-0.39377,0.28769,-0.88472,-0.51836,0.49982,60.8
0.42685,0.75974,-0.39697,0.28813,-0.88558,-0.51551,0.50077,60.9
0.42581,0.7586,-0.40039,0.28792,-0.88655,-0.51175,0.50271,61
0.42587,0.75735,-0.40185,0.28908,-0.88821,-0.50856,0.50291,61.1
0.42603,0.75612,-0.4037,0.28948,-0.88918,-0.50534,0.50355,61.2
0.42534,0.75506,-0.40514,0.29127,-0.89097,-0.50052,0.50415,61.3
0.42547,0.7535,-0.40746,0.29186,-0.89153,-0.49594,0.50549,61.4
0.42667,0.75213,-0.4098,0.29037,-0.89268,-0.4923,0.50551,61.5
0.42755,0.75109,-0.41184,0.28888,-0.89313,-0.48896,0.50556,61.6
0.42701,0.75008,-0.41353,0.28989,-0.89344,-0.4846,0.50648,61.7
0.42592,0.74882,-0.41514,0.29244,-0.89399,-0.48004,0.50664,61.8
0.42489,0.74753,-0.41842,0.29255,-0.8937,-0.47593,0.50771,61.9
0.42547,0.74609,-0.42029,0.29272,-0.89494,-0.47176,0.50674,62
0.42576,0.74494,-0.42233,0.29229,-0.89558,-0.46732,0.50677,62.1
0.424,0.74497,-0.42355,0.29301,-0.89492,-0.46326,0.5084,62.2
0.42209,0.7441,-0.42593,0.2945,-0.89599,-0.45799,0.50893,62.3
0.41928,0.74411,-0.42787,0.29568,-0.89575,-0.45326,0.511,62.4
0.4172,0.74367,-0.42838,0.29897,-0.89677,-0.44665,0.51387,62.5
0.41809,0.74249,-0.42628,0.30362,-0.89893,-0.44151,0.51428,62.6
0.42023,0.74033,-0.42688,0.3051,-0.90051,-0.43609,0.51673,62.7
0.42325,0.73885,-0.42696,0.30442,-0.90182,-0.43173,0.51823,62.8
0.42584,0.73794,-0.4261,0.30423,-0.90281,-0.42729,0.51887,62.9
0.42796,0.73632,-0.42655,0.30454,-0.90266,-0.42442,0.51881,63
0.42879,0.7344,-0.42864,0.30507,-0.90245,-0.41993,0.51953,63.1
0.4307,0.73307,-0.42982,0.30392,-0.90161,-0.41674,0.51977,63.2
0.43202,0.733,-0.43051,0.30123,-0.89907,-0.41417,0.52157,63.3
0.43276,0.73274,-0.43089,0.30023,-0.89624,-0.41326,0.52155,63.4
0.43246,0.73217,-0.43174,0.30084,-0.8936,-0.41081,0.52296,63.5
0.43361,0.73074,-0.43266,0.30135,-0.89198,-0.40855,0.52249,63.6
0.43492,0.7302,-0.43291,0.30039,-0.88947,-0.40736,0.52268,63.7
0.43635,0.7298,-0.43198,0.30061,-0.88726,-0.40636,0.52192,63.8
0.4374,0.72856,-0.43314,0.30044,-0.88489,-0.40441,0.52272,63.9
0.43853,0.72808,-0.43359,0.29929,-0.88194,-0.40357,0.52345,64
0.4395,0.72812,-0.4328,0.29894,-0.87928,-0.40289,0.52319,64.1
0.43953,0.72768,-0.43308,0.29956,-0.87678,-0.4014,0.52371,64.2
0.44083,0.72713,-0.43306,0.29902,-0.87406,-0.40156,0.5232,64.3
0.44102,0.72737,-0.4327,0.29868,-0.87169,-0.40047,0.52354,64.4
0.44171,0.72623,-0.43365,0.29905,-0.86953,-0.39931,0.52421,64.5
0.44296,0.72553,-0.43391,0.29851,-0.86751,-0.39938,0.52414,64.6
0.44339,0.7251,-0.4339,0.29894,-0.86555,-0.39895,0.52403,64.7
0.44425,0.72185,-0.43793,0.29964,-0.86172,-0.3985,0.52366,64.8
0.44454,0.72175,-0.43921,0.29756,-0.85905,-0.39876,0.5239,64.9
0.4432,0.7225,-0.4405,0.29585,-0.85612,-0.39829,0.52441,65
0.4421,0.72285,-0.44091,0.29605,-0.85518,-0.39626,0.52271,65.1
0.44096,0.72297,-0.44274,0.29471,-0.85258,-0.39599,0.52232,65.2
0.43886,0.72384,-0.44395,0.29389,-0.85104,-0.39412,0.52161,65.3
0.43653,0.72497,-0.44357,0.29515,-0.84994,-0.39125,0.5211,65.4
0.43518,0.7257,-0.4432,0.2959,-0.84784,-0.38995,0.52095,65.5
0.43395,0.7266,-0.44323,0.29545,-0.84585,-0.38805,0.52103,65.6
0.43418,0.72689,-0.4421,0.29607,-0.84432,-0.38564,0.52065,65.7
0.4349,0.72661,-0.44249,0.29514,-0.84185,-0.38471,0.52074,65.8
0.43463,0.72688,-0.44244,0.29495,-0.83933,-0.38335,0.52097,65.9
0.43448,0.72663,-0.44277,0.29529,-0.83641,-0.38274,0.52109,66
0.43367,0.72643,-0.44339,0.29603,-0.8328,-0.38216,0.52156,66.1
0.43322,0.72578,-0.44491,0.29601,-0.82897,-0.38267,0.52164,66.2
