0.94744,0.04889,-0.023127,-0.31534,0.050747,-0.065373,0.069938
0.94744,0.04889,-0.023127,-0.31534,0.050747,-0.065373,0.069938
0.94744,0.04889,-0.023127,-0.31534,0.050747,-0.065373,0.069938
0.94744,0.04889,-0.023127,-0.31534,0.050747,-0.065373,0.069938
0.94744,0.04889,-0.023127,-0.31534,0.050747,-0.065373,0.069938
0.94744,0.04889,-0.023127,-0.31534,0.050747,-0.065373,0.069938
0.94744,0.04889,-0.023127,-0.31534,0.050747,-0.065374,0.069938
0.94744,0.04889,-0.023127,-0.31534,0.050744,-0.065372,0.069938
0.94744,0.04889,-0.023127,-0.31534,0.050744,-0.065372,0.069938
0.94744,0.04889,-0.023127,-0.31534,0.050744,-0.065372,0.069938
0.94744,0.04889,-0.023127,-0.31534,0.050744,-0.065372,0.069938
0.94744,0.04889,-0.023127,-0.31534,0.050744,-0.065372,0.069938
0.94744,0.04889,-0.023127,-0.31534,0.050741,-0.06537,0.069938
0.94744,0.04889,-0.023127,-0.31534,0.050741,-0.06537,0.069938
0.94744,0.04889,-0.023127,-0.31534,0.050741,-0.06537,0.069938
0.94744,0.04889,-0.023127,-0.31534,0.050741,-0.06537,0.069938
0.94744,0.04889,-0.023127,-0.31534,0.050741,-0.06537,0.069938
0.94744,0.04889,-0.023127,-0.31534,0.050738,-0.065368,0.069938
0.94744,0.04889,-0.023127,-0.31534,0.050738,-0.065368,0.069938
0.94744,0.04889,-0.023127,-0.31534,0.050738,-0.065368,0.069938
0.94744,0.04889,-0.023127,-0.31534,0.050738,-0.065368,0.069938
0.94744,0.04889,-0.023127,-0.31534,0.050738,-0.065368,0.069938
0.94744,0.04889,-0.023127,-0.31534,0.050736,-0.065366,0.069938
0.94744,0.04889,-0.023127,-0.31534,0.050736,-0.065366,0.069938
0.94744,0.04889,-0.023127,-0.31534,0.050736,-0.065366,0.069938
0.94744,0.04889,-0.023127,-0.31534,0.050736,-0.065366,0.069938
0.94744,0.04889,-0.023127,-0.31534,0.050736,-0.065366,0.069938
0.94744,0.04889,-0.023127,-0.31534,0.050733,-0.065364,0.069938
0.94744,0.04889,-0.023127,-0.31534,0.050733,-0.065364,0.069938
0.94744,0.04889,-0.023127,-0.31534,0.050733,-0.065364,0.069938
0.94744,0.04889,-0.023127,-0.31534,0.050733,-0.065364,0.069938
0.94744,0.04889,-0.023127,-0.31534,0.050733,-0.065364,0.069938
0.94744,0.04889,-0.023127,-0.31534,0.05073,-0.065362,0.069938
0.94744,0.04889,-0.023127,-0.31534,0.05073,-0.065362,0.069938
0.94744,0.04889,-0.023127,-0.31534,0.05073,-0.065362,0.069938
0.94744,0.04889,-0.023127,-0.31534,0.05073,-0.065362,0.069938
0.94744,0.04889,-0.023127,-0.31534,0.05073,-0.065362,0.069938
0.94744,0.04889,-0.023127,-0.31534,0.050727,-0.06536,0.069939
0.94744,0.04889,-0.023127,-0.31534,0.050727,-0.06536,0.069939
0.94744,0.04889,-0.023127,-0.31534,0.050727,-0.06536,0.069939
0.94744,0.04889,-0.023127,-0.31534,0.050727,-0.06536,0.069939
0.94744,0.04889,-0.023127,-0.31534,0.050727,-0.06536,0.069939
0.94744,0.04889,-0.023127,-0.31534,0.050725,-0.065358,0.069939
0.94744,0.04889,-0.023127,-0.31534,0.050725,-0.065358,0.069939
0.94744,0.04889,-0.023127,-0.31534,0.050725,-0.065358,0.069939
0.94744,0.04889,-0.023127,-0.31534,0.050725,-0.065358,0.069939
0.94744,0.04889,-0.023127,-0.31534,0.050725,-0.065358,0.069939
0.94744,0.04889,-0.023127,-0.31534,0.050722,-0.065356,0.069939
0.94744,0.04889,-0.023127,-0.31534,0.050722,-0.065356,0.069939
0.94744,0.04889,-0.023127,-0.31534,0.050722,-0.065356,0.069939
0.94744,0.04889,-0.023127,-0.31534,0.050722,-0.065356,0.069939
0.94744,0.04889,-0.023127,-0.31534,0.050722,-0.065356,0.069939
0.94744,0.04889,-0.023127,-0.31534,0.050719,-0.065354,0.069939
0.94744,0.04889,-0.023127,-0.31534,0.050719,-0.065354,0.069939
0.94744,0.04889,-0.023127,-0.31534,0.050719,-0.065354,0.069939
0.94744,0.04889,-0.023127,-0.31534,0.050719,-0.065354,0.069939
0.94744,0.04889,-0.023127,-0.31534,0.050719,-0.065354,0.069939
0.94744,0.04889,-0.023127,-0.31534,0.050716,-0.065352,0.069939
0.94744,0.04889,-0.023127,-0.31534,0.050716,-0.065352,0.069939
0.94744,0.04889,-0.023127,-0.31534,0.050716,-0.065352,0.069939
0.94744,0.04889,-0.023127,-0.31534,0.050716,-0.065352,0.069939
0.94744,0.04889,-0.023127,-0.31534,0.050716,-0.065352,0.069939
0.94744,0.04889,-0.023127,-0.31534,0.050714,-0.06535,0.069939
0.94744,0.04889,-0.023127,-0.31534,0.050714,-0.06535,0.069939
0.94744,0.04889,-0.023127,-0.31534,0.050714,-0.06535,0.069939
0.94744,0.04889,-0.023127,-0.31534,0.050714,-0.06535,0.069939
0.94744,0.04889,-0.023127,-0.31534,0.050714,-0.06535,0.069939
0.94744,0.04889,-0.023127,-0.31534,0.050711,-0.065348,0.069939
0.94744,0.04889,-0.023127,-0.31534,0.050711,-0.065348,0.069939
0.94744,0.04889,-0.023127,-0.31534,0.050711,-0.065348,0.069939
0.94744,0.04889,-0.023127,-0.31534,0.050711,-0.065348,0.069939
0.94744,0.04889,-0.023127,-0.31534,0.050711,-0.065348,0.069939
0.94744,0.04889,-0.023127,-0.31534,0.050708,-0.065346,0.069939
0.94744,0.04889,-0.023127,-0.31534,0.050708,-0.065346,0.069939
0.94744,0.04889,-0.023127,-0.31534,0.050708,-0.065346,0.069939
0.94744,0.04889,-0.023127,-0.31534,0.050708,-0.065346,0.069939
0.94744,0.04889,-0.023127,-0.31534,0.050708,-0.065346,0.069939
0.94744,0.04889,-0.023127,-0.31534,0.050706,-0.065344,0.069939
0.94744,0.04889,-0.023127,-0.31534,0.050706,-0.065344,0.069939
0.94744,0.04889,-0.023127,-0.31534,0.050706,-0.065344,0.069939
0.94744,0.04889,-0.023127,-0.31534,0.050706,-0.065344,0.069939
0.94744,0.04889,-0.023127,-0.31534,0.050706,-0.065344,0.069939
0.94744,0.04889,-0.023127,-0.31534,0.050703,-0.065342,0.06994
0.94744,0.04889,-0.023127,-0.31534,0.050703,-0.065342,0.06994
0.94744,0.04889,-0.023127,-0.31534,0.050703,-0.065342,0.06994
0.94744,0.04889,-0.023127,-0.31534,0.050703,-0.065342,0.06994
0.94744,0.04889,-0.023127,-0.31534,0.050703,-0.065342,0.06994
0.94744,0.04889,-0.023127,-0.31534,0.0507,-0.06534,0.06994
0.94744,0.04889,-0.023127,-0.31534,0.0507,-0.06534,0.06994
0.94744,0.04889,-0.023127,-0.31534,0.0507,-0.06534,0.06994
0.94744,0.04889,-0.023127,-0.31534,0.0507,-0.06534,0.06994
0.94744,0.04889,-0.023127,-0.31534,0.0507,-0.06534,0.06994
0.94744,0.04889,-0.023127,-0.31534,0.050698,-0.065338,0.06994
0.94744,0.04889,-0.023127,-0.31534,0.050698,-0.065338,0.06994
0.94744,0.04889,-0.023127,-0.31534,0.050698,-0.065338,0.06994
0.94744,0.04889,-0.023127,-0.31534,0.050698,-0.065338,0.06994
0.94744,0.04889,-0.023127,-0.31534,0.050698,-0.065338,0.06994
0.94744,0.04889,-0.023127,-0.31534,0.050695,-0.065336,0.06994
0.94744,0.04889,-0.023127,-0.31534,0.050695,-0.065336,0.06994
0.94744,0.04889,-0.023127,-0.31534,0.050695,-0.065336,0.06994
0.94744,0.04889,-0.023127,-0.31534,0.050695,-0.065336,0.06994
0.94744,0.04889,-0.023127,-0.31534,0.050695,-0.065336,0.06994
0.94744,0.04889,-0.023127,-0.31534,0.050692,-0.065334,0.06994
0.94744,0.04889,-0.023127,-0.31534,0.050692,-0.065334,0.06994
0.94744,0.04889,-0.023127,-0.31534,0.050692,-0.065334,0.06994
0.94744,0.04889,-0.023127,-0.31534,0.050692,-0.065334,0.06994
0.94744,0.04889,-0.023127,-0.31534,0.050692,-0.065334,0.06994
0.94744,0.04889,-0.023127,-0.31534,0.05069,-0.065332,0.06994
0.94744,0.04889,-0.023127,-0.31534,0.05069,-0.065332,0.06994
0.94744,0.04889,-0.023127,-0.31534,0.05069,-0.065332,0.06994
0.94744,0.04889,-0.023127,-0.31534,0.05069,-0.065332,0.06994
0.94744,0.04889,-0.023127,-0.31534,0.05069,-0.065332,0.06994
0.94744,0.04889,-0.023127,-0.31534,0.050687,-0.06533,0.06994
0.94744,0.04889,-0.023127,-0.31534,0.050687,-0.06533,0.06994
0.94744,0.04889,-0.023127,-0.31534,0.050687,-0.06533,0.06994
0.94744,0.04889,-0.023127,-0.31534,0.050687,-0.06533,0.06994
0.94744,0.04889,-0.023127,-0.31534,0.050687,-0.06533,0.06994
0.94744,0.04889,-0.023127,-0.31534,0.050684,-0.065328,0.06994
0.94744,0.04889,-0.023127,-0.31534,0.050684,-0.065328,0.06994
0.94744,0.04889,-0.023127,-0.31534,0.050684,-0.065328,0.06994
0.94744,0.04889,-0.023127,-0.31534,0.050684,-0.065328,0.06994
0.94744,0.04889,-0.023127,-0.31534,0.050684,-0.065328,0.06994
0.94744,0.04889,-0.023127,-0.31534,0.050682,-0.065326,0.06994
0.94744,0.04889,-0.023127,-0.31534,0.050682,-0.065326,0.06994
0.94744,0.04889,-0.023127,-0.31534,0.050682,-0.065326,0.06994
0.94744,0.04889,-0.023127,-0.31534,0.050682,-0.065326,0.06994
0.94744,0.04889,-0.023127,-0.31534,0.050682,-0.065326,0.06994
0.94744,0.04889,-0.023127,-0.31534,0.050679,-0.065325,0.06994
0.94744,0.04889,-0.023127,-0.31534,0.050679,-0.065325,0.06994
0.94744,0.04889,-0.023127,-0.31534,0.050679,-0.065325,0.06994
0.94744,0.04889,-0.023127,-0.31534,0.050679,-0.065325,0.06994
0.94744,0.04889,-0.023127,-0.31534,0.050679,-0.065324,0.06994
0.94744,0.04889,-0.023127,-0.31534,0.050676,-0.065323,0.069941
0.94744,0.04889,-0.023127,-0.31534,0.050676,-0.065323,0.069941
0.94744,0.04889,-0.023127,-0.31534,0.050676,-0.065323,0.069941
0.94744,0.04889,-0.023127,-0.31534,0.050676,-0.065323,0.069941
0.94744,0.04889,-0.023127,-0.31534,0.050676,-0.065323,0.069941
0.94744,0.04889,-0.023127,-0.31534,0.050674,-0.065321,0.069941
0.94744,0.04889,-0.023127,-0.31534,0.050674,-0.065321,0.069941
0.94744,0.04889,-0.023127,-0.31534,0.050674,-0.065321,0.069941
0.94744,0.04889,-0.023127,-0.31534,0.050674,-0.065321,0.069941
0.94744,0.04889,-0.023127,-0.31534,0.050674,-0.065321,0.069941
0.94744,0.04889,-0.023127,-0.31534,0.050671,-0.065319,0.069941
0.94744,0.04889,-0.023127,-0.31534,0.050671,-0.065319,0.069941
0.94744,0.04889,-0.023127,-0.31534,0.050671,-0.065319,0.069941
0.94744,0.04889,-0.023127,-0.31534,0.050671,-0.065319,0.069941
0.94744,0.04889,-0.023127,-0.31534,0.050671,-0.065319,0.069941
0.94744,0.04889,-0.023127,-0.31534,0.050668,-0.065317,0.069941
0.94744,0.04889,-0.023127,-0.31534,0.050668,-0.065317,0.069941
0.94744,0.04889,-0.023127,-0.31534,0.050668,-0.065317,0.069941
0.94744,0.04889,-0.023127,-0.31534,0.050668,-0.065317,0.069941
0.94744,0.04889,-0.023127,-0.31534,0.050668,-0.065317,0.069941
0.94744,0.04889,-0.023127,-0.31534,0.050666,-0.065315,0.069941
0.94744,0.04889,-0.023127,-0.31534,0.050666,-0.065315,0.069941
0.94744,0.04889,-0.023127,-0.31534,0.050666,-0.065315,0.069941
0.94744,0.04889,-0.023127,-0.31534,0.050666,-0.065315,0.069941
0.94744,0.04889,-0.023127,-0.31534,0.050666,-0.065315,0.069941
0.94744,0.04889,-0.023127,-0.31534,0.050663,-0.065313,0.069941
0.94744,0.04889,-0.023127,-0.31534,0.050663,-0.065313,0.069941
0.94744,0.04889,-0.023127,-0.31534,0.050663,-0.065313,0.069941
0.94744,0.04889,-0.023127,-0.31534,0.050663,-0.065313,0.069941
0.94744,0.04889,-0.023127,-0.31534,0.050663,-0.065313,0.069941
0.94744,0.04889,-0.023127,-0.31534,0.05066,-0.065311,0.069941
0.94744,0.04889,-0.023127,-0.31534,0.05066,-0.065311,0.069941
0.94744,0.04889,-0.023127,-0.31534,0.05066,-0.065311,0.069941
0.94744,0.04889,-0.023127,-0.31534,0.05066,-0.065311,0.069941
0.94744,0.04889,-0.023127,-0.31534,0.05066,-0.065311,0.069941
0.94744,0.04889,-0.023127,-0.31534,0.050658,-0.065309,0.069941
0.94744,0.04889,-0.023127,-0.31534,0.050658,-0.065309,0.069941
0.94744,0.04889,-0.023127,-0.31534,0.050658,-0.065309,0.069941
0.94744,0.04889,-0.023127,-0.31534,0.050658,-0.065309,0.069941
0.94744,0.04889,-0.023127,-0.31534,0.050658,-0.065309,0.069941
0.94744,0.04889,-0.023127,-0.31534,0.050655,-0.065307,0.069941
0.94744,0.04889,-0.023127,-0.31534,0.050655,-0.065307,0.069941
0.94744,0.04889,-0.023127,-0.31534,0.050655,-0.065307,0.069941
0.94744,0.04889,-0.023127,-0.31534,0.050655,-0.065307,0.069941
0.94744,0.04889,-0.023127,-0.31534,0.050655,-0.065307,0.069941
0.94744,0.04889,-0.023127,-0.31534,0.050653,-0.065305,0.069942
0.94744,0.04889,-0.023127,-0.31534,0.050653,-0.065305,0.069941
0.94744,0.04889,-0.023127,-0.31534,0.050653,-0.065305,0.069941
0.94744,0.04889,-0.023127,-0.31534,0.050653,-0.065305,0.069941
0.94744,0.04889,-0.023127,-0.31534,0.050653,-0.065305,0.069941
0.94744,0.04889,-0.023127,-0.31534,0.05065,-0.065303,0.069942
0.94744,0.04889,-0.023127,-0.31534,0.05065,-0.065303,0.069942
0.94744,0.04889,-0.023127,-0.31534,0.05065,-0.065303,0.069942
0.94744,0.04889,-0.023127,-0.31534,0.05065,-0.065303,0.069942
0.94744,0.04889,-0.023127,-0.31534,0.05065,-0.065303,0.069942
0.94744,0.04889,-0.023127,-0.31534,0.050647,-0.065301,0.069942
0.94744,0.04889,-0.023127,-0.31534,0.050647,-0.065301,0.069942
0.94744,0.04889,-0.023127,-0.31534,0.050647,-0.065301,0.069942
0.94744,0.04889,-0.023127,-0.31534,0.050647,-0.065301,0.069942
0.94744,0.04889,-0.023127,-0.31534,0.050647,-0.065301,0.069942
0.94744,0.04889,-0.023127,-0.31534,0.050645,-0.065299,0.069942
0.94744,0.04889,-0.023127,-0.31534,0.050645,-0.065299,0.069942
0.94744,0.04889,-0.023127,-0.31534,0.050645,-0.065299,0.069942
0.94744,0.04889,-0.023127,-0.31534,0.050645,-0.065299,0.069942
0.94744,0.04889,-0.023127,-0.31534,0.050645,-0.065299,0.069942
0.94744,0.04889,-0.023127,-0.31534,0.050642,-0.065297,0.069942
0.94744,0.04889,-0.023127,-0.31534,0.050642,-0.065297,0.069942
0.94744,0.04889,-0.023127,-0.31534,0.050642,-0.065297,0.069942
0.94744,0.04889,-0.023127,-0.31534,0.050642,-0.065297,0.069942
0.94744,0.04889,-0.023127,-0.31534,0.050642,-0.065297,0.069942
0.94744,0.04889,-0.023127,-0.31534,0.050639,-0.065295,0.069942
0.94744,0.04889,-0.023127,-0.31534,0.050639,-0.065295,0.069942
0.94744,0.04889,-0.023127,-0.31534,0.05064,-0.065295,0.069942
0.94744,0.04889,-0.023127,-0.31534,0.05064,-0.065295,0.069942
0.94744,0.04889,-0.023127,-0.31534,0.05064,-0.065295,0.069942
0.94744,0.04889,-0.023127,-0.31534,0.050637,-0.065293,0.069942
0.94744,0.04889,-0.023127,-0.31534,0.050637,-0.065293,0.069942
0.94744,0.04889,-0.023127,-0.31534,0.050637,-0.065293,0.069942
0.94744,0.04889,-0.023127,-0.31534,0.050637,-0.065293,0.069942
0.94744,0.04889,-0.023127,-0.31534,0.050637,-0.065293,0.069942
0.94744,0.04889,-0.023127,-0.31534,0.050634,-0.065291,0.069942
0.94744,0.04889,-0.023127,-0.31534,0.050634,-0.065291,0.069942
0.94744,0.04889,-0.023127,-0.31534,0.050634,-0.065291,0.069942
0.94744,0.04889,-0.023127,-0.31534,0.050634,-0.065291,0.069942
0.94744,0.04889,-0.023127,-0.31534,0.050634,-0.065291,0.069942
0.94744,0.04889,-0.023127,-0.31534,0.050632,-0.065289,0.069942
0.94744,0.04889,-0.023127,-0.31534,0.050632,-0.065289,0.069942
0.94744,0.04889,-0.023127,-0.31534,0.050632,-0.065289,0.069942
0.94744,0.04889,-0.023127,-0.31534,0.050632,-0.065289,0.069942
0.94744,0.04889,-0.023127,-0.31534,0.050632,-0.065289,0.069942
0.94744,0.04889,-0.023127,-0.31534,0.050629,-0.065288,0.069942
0.94744,0.04889,-0.023127,-0.31534,0.050629,-0.065288,0.069942
0.94744,0.04889,-0.023127,-0.31534,0.050629,-0.065288,0.069942
0.94744,0.04889,-0.023127,-0.31534,0.050629,-0.065288,0.069942
0.94744,0.04889,-0.023127,-0.31534,0.050629,-0.065288,0.069942
0.94744,0.04889,-0.023127,-0.31534,0.050626,-0.065286,0.069943
0.94744,0.04889,-0.023127,-0.31534,0.050626,-0.065286,0.069943
0.94744,0.04889,-0.023127,-0.31534,0.050626,-0.065286,0.069943
0.94744,0.04889,-0.023127,-0.31534,0.050626,-0.065286,0.069943
0.94744,0.04889,-0.023127,-0.31534,0.050626,-0.065286,0.069943
0.94744,0.04889,-0.023127,-0.31534,0.050624,-0.065284,0.069943
0.94744,0.04889,-0.023127,-0.31534,0.050624,-0.065284,0.069943
0.94744,0.04889,-0.023127,-0.31534,0.050624,-0.065284,0.069943
0.94744,0.04889,-0.023127,-0.31534,0.050624,-0.065284,0.069943
0.94744,0.04889,-0.023127,-0.31534,0.050624,-0.065284,0.069943
0.94744,0.04889,-0.023127,-0.31534,0.050621,-0.065282,0.069943
0.94744,0.04889,-0.023127,-0.31534,0.050621,-0.065282,0.069943
0.94744,0.04889,-0.023127,-0.31534,0.050621,-0.065282,0.069943
0.94744,0.04889,-0.023127,-0.31534,0.050621,-0.065282,0.069943
0.94744,0.04889,-0.023127,-0.31534,0.050621,-0.065282,0.069943
0.94744,0.04889,-0.023127,-0.31534,0.050619,-0.06528,0.069943
0.94744,0.04889,-0.023127,-0.31534,0.050619,-0.06528,0.069943
0.94744,0.04889,-0.023127,-0.31534,0.050619,-0.06528,0.069943
0.94744,0.04889,-0.023127,-0.31534,0.050619,-0.06528,0.069943
0.94744,0.04889,-0.023127,-0.31534,0.050619,-0.06528,0.069943
0.94744,0.04889,-0.023127,-0.31534,0.050616,-0.065278,0.069943
0.94744,0.04889,-0.023127,-0.31534,0.050616,-0.065278,0.069943
0.94744,0.04889,-0.023127,-0.31534,0.050616,-0.065278,0.069943
0.94744,0.04889,-0.023127,-0.31534,0.050616,-0.065278,0.069943
0.94744,0.04889,-0.023127,-0.31534,0.050616,-0.065278,0.069943
0.94744,0.04889,-0.023127,-0.31534,0.050613,-0.065276,0.069943
0.94744,0.04889,-0.023127,-0.31534,0.050613,-0.065276,0.069943
0.94744,0.04889,-0.023127,-0.31534,0.050613,-0.065276,0.069943
0.94744,0.04889,-0.023127,-0.31534,0.050613,-0.065276,0.069943
0.94744,0.04889,-0.023127,-0.31534,0.050613,-0.065276,0.069943
0.94744,0.04889,-0.023127,-0.31534,0.050611,-0.065274,0.069943
0.94744,0.04889,-0.023127,-0.31534,0.050611,-0.065274,0.069943
0.94744,0.04889,-0.023127,-0.31534,0.050611,-0.065274,0.069943
0.94744,0.04889,-0.023127,-0.31534,0.050611,-0.065274,0.069943
0.94744,0.04889,-0.023127,-0.31534,0.050611,-0.065274,0.069943
0.94744,0.04889,-0.023127,-0.31534,0.050608,-0.065272,0.069943
0.94744,0.04889,-0.023127,-0.31534,0.050608,-0.065272,0.069943
0.94744,0.04889,-0.023127,-0.31534,0.050608,-0.065272,0.069943
0.94744,0.04889,-0.023127,-0.31534,0.050608,-0.065272,0.069943
0.94744,0.04889,-0.023127,-0.31534,0.050608,-0.065272,0.069943
0.94744,0.04889,-0.023127,-0.31534,0.050606,-0.06527,0.069943
0.94744,0.04889,-0.023127,-0.31534,0.050606,-0.06527,0.069943
0.94744,0.04889,-0.023127,-0.31534,0.050606,-0.06527,0.069943
0.94744,0.04889,-0.023127,-0.31534,0.050606,-0.06527,0.069943
0.94744,0.04889,-0.023127,-0.31534,0.050606,-0.06527,0.069943
0.94744,0.04889,-0.023127,-0.31534,0.050603,-0.065268,0.069944
0.94744,0.04889,-0.023127,-0.31534,0.050603,-0.065268,0.069944
0.94744,0.04889,-0.023127,-0.31534,0.050603,-0.065268,0.069944
0.94744,0.04889,-0.023127,-0.31534,0.050603,-0.065268,0.069944
0.94744,0.04889,-0.023127,-0.31534,0.050603,-0.065268,0.069944
0.94744,0.04889,-0.023127,-0.31534,0.0506,-0.065266,0.069944
0.94744,0.04889,-0.023127,-0.31534,0.0506,-0.065266,0.069944
0.94744,0.04889,-0.023127,-0.31534,0.050601,-0.065266,0.069944
0.94744,0.04889,-0.023127,-0.31534,0.050601,-0.065266,0.069944
0.94744,0.04889,-0.023127,-0.31534,0.050601,-0.065266,0.069944
0.94744,0.04889,-0.023127,-0.31534,0.050598,-0.065265,0.069944
0.94744,0.04889,-0.023127,-0.31534,0.050598,-0.065265,0.069944
0.94744,0.04889,-0.023127,-0.31534,0.050598,-0.065265,0.069944
0.94744,0.04889,-0.023127,-0.31534,0.050598,-0.065265,0.069944
0.94744,0.04889,-0.023127,-0.31534,0.050598,-0.065264,0.069944
0.94744,0.04889,-0.023127,-0.31534,0.050595,-0.065263,0.069944
0.94744,0.04889,-0.023127,-0.31534,0.050595,-0.065263,0.069944
0.94744,0.04889,-0.023127,-0.31534,0.050595,-0.065263,0.069944
0.94744,0.04889,-0.023127,-0.31534,0.050595,-0.065263,0.069944
0.94744,0.04889,-0.023127,-0.31534,0.050595,-0.065263,0.069944
0.94744,0.04889,-0.023127,-0.31534,0.050593,-0.065261,0.069944
0.94744,0.04889,-0.023127,-0.31534,0.050593,-0.065261,0.069944
0.94744,0.04889,-0.023127,-0.31534,0.050593,-0.065261,0.069944
0.94744,0.04889,-0.023127,-0.31534,0.050593,-0.065261,0.069944
0.94744,0.04889,-0.023127,-0.31534,0.050593,-0.065261,0.069944
0.94744,0.04889,-0.023127,-0.31534,0.05059,-0.065259,0.069944
0.94744,0.04889,-0.023127,-0.31534,0.05059,-0.065259,0.069944
0.94744,0.04889,-0.023127,-0.31534,0.05059,-0.065259,0.069944
0.94744,0.04889,-0.023127,-0.31534,0.05059,-0.065259,0.069944
0.94744,0.04889,-0.023127,-0.31534,0.05059,-0.065259,0.069944
0.94744,0.04889,-0.023127,-0.31534,0.050588,-0.065257,0.069944
0.94744,0.04889,-0.023127,-0.31534,0.050588,-0.065257,0.069944
0.94744,0.04889,-0.023127,-0.31534,0.050588,-0.065257,0.069944
0.94744,0.04889,-0.023127,-0.31534,0.050588,-0.065257,0.069944
0.94744,0.04889,-0.023127,-0.31534,0.050588,-0.065257,0.069944
0.94744,0.04889,-0.023127,-0.31534,0.050585,-0.065255,0.069944
0.94744,0.04889,-0.023127,-0.31534,0.050585,-0.065255,0.069944
0.94744,0.04889,-0.023127,-0.31534,0.050585,-0.065255,0.069944
0.94744,0.04889,-0.023127,-0.31534,0.050585,-0.065255,0.069944
0.94744,0.04889,-0.023127,-0.31534,0.050585,-0.065255,0.069944
0.94744,0.04889,-0.023127,-0.31534,0.050582,-0.065253,0.069944
0.94744,0.04889,-0.023127,-0.31534,0.050582,-0.065253,0.069944
0.94744,0.04889,-0.023127,-0.31534,0.050582,-0.065253,0.069944
0.94744,0.04889,-0.023127,-0.31534,0.050582,-0.065253,0.069944
0.94744,0.04889,-0.023127,-0.31534,0.050582,-0.065253,0.069944
0.94744,0.04889,-0.023127,-0.31534,0.05058,-0.065251,0.069945
0.94744,0.04889,-0.023127,-0.31534,0.05058,-0.065251,0.069945
0.94744,0.04889,-0.023127,-0.31534,0.05058,-0.065251,0.069945
0.94744,0.04889,-0.023127,-0.31534,0.05058,-0.065251,0.069945
0.94744,0.04889,-0.023127,-0.31534,0.05058,-0.065251,0.069945
0.94744,0.04889,-0.023127,-0.31534,0.050577,-0.065249,0.069945
0.94744,0.04889,-0.023127,-0.31534,0.050577,-0.065249,0.069945
0.94744,0.04889,-0.023127,-0.31534,0.050577,-0.065249,0.069945
0.94744,0.04889,-0.023127,-0.31534,0.050577,-0.065249,0.069945
0.94744,0.04889,-0.023127,-0.31534,0.050577,-0.065249,0.069945
0.94744,0.04889,-0.023127,-0.31534,0.050575,-0.065247,0.069945
0.94744,0.04889,-0.023127,-0.31534,0.050575,-0.065247,0.069945
0.94744,0.04889,-0.023127,-0.31534,0.050575,-0.065247,0.069945
0.94744,0.04889,-0.023127,-0.31534,0.050575,-0.065247,0.069945
0.94744,0.04889,-0.023127,-0.31534,0.050575,-0.065247,0.069945
0.94744,0.04889,-0.023127,-0.31534,0.050572,-0.065245,0.069945
0.94744,0.04889,-0.023127,-0.31534,0.050572,-0.065245,0.069945
0.94744,0.04889,-0.023127,-0.31534,0.050572,-0.065245,0.069945
0.94744,0.04889,-0.023127,-0.31534,0.050572,-0.065245,0.069945
0.94744,0.04889,-0.023127,-0.31534,0.050572,-0.065245,0.069945
0.94744,0.04889,-0.023127,-0.31534,0.05057,-0.065244,0.069945
0.94744,0.04889,-0.023127,-0.31534,0.05057,-0.065244,0.069945
0.94744,0.04889,-0.023127,-0.31534,0.05057,-0.065244,0.069945
0.94744,0.04889,-0.023127,-0.31534,0.05057,-0.065244,0.069945
0.94744,0.04889,-0.023127,-0.31534,0.05057,-0.065244,0.069945
0.94744,0.04889,-0.023127,-0.31534,0.050567,-0.065242,0.069945
0.94744,0.04889,-0.023127,-0.31534,0.050567,-0.065242,0.069945
0.94744,0.04889,-0.023127,-0.31534,0.050567,-0.065242,0.069945
0.94744,0.04889,-0.023127,-0.31534,0.050567,-0.065242,0.069945
0.94744,0.04889,-0.023127,-0.31534,0.050567,-0.065242,0.069945
0.94744,0.04889,-0.023127,-0.31534,0.050564,-0.06524,0.069945
0.94744,0.04889,-0.023127,-0.31534,0.050564,-0.06524,0.069945
0.94744,0.04889,-0.023127,-0.31534,0.050564,-0.06524,0.069945
0.94744,0.04889,-0.023127,-0.31534,0.050564,-0.06524,0.069945
0.94744,0.04889,-0.023127,-0.31534,0.050564,-0.06524,0.069945
0.94744,0.04889,-0.023127,-0.31534,0.050562,-0.065238,0.069945
0.94744,0.04889,-0.023127,-0.31534,0.050562,-0.065238,0.069945
0.94744,0.04889,-0.023127,-0.31534,0.050562,-0.065238,0.069945
0.94744,0.04889,-0.023127,-0.31534,0.050562,-0.065238,0.069945
0.94744,0.04889,-0.023127,-0.31534,0.050562,-0.065238,0.069945
0.94744,0.04889,-0.023127,-0.31534,0.050559,-0.065236,0.069945
0.94744,0.04889,-0.023127,-0.31534,0.050559,-0.065236,0.069945
0.94744,0.04889,-0.023127,-0.31534,0.050559,-0.065236,0.069945
0.94744,0.04889,-0.023127,-0.31534,0.050559,-0.065236,0.069945
0.94744,0.04889,-0.023127,-0.31534,0.050559,-0.065236,0.069945
0.94744,0.04889,-0.023127,-0.31534,0.050557,-0.065234,0.069945
0.94744,0.04889,-0.023127,-0.31534,0.050557,-0.065234,0.069945
0.94744,0.04889,-0.023127,-0.31534,0.050557,-0.065234,0.069945
0.94744,0.04889,-0.023127,-0.31534,0.050557,-0.065234,0.069945
0.94744,0.04889,-0.023127,-0.31534,0.050557,-0.065234,0.069945
0.94744,0.04889,-0.023127,-0.31534,0.050554,-0.065232,0.069946
0.94744,0.04889,-0.023127,-0.31534,0.050554,-0.065232,0.069946
0.94744,0.04889,-0.023127,-0.31534,0.050554,-0.065232,0.069946
0.94744,0.04889,-0.023127,-0.31534,0.050554,-0.065232,0.069946
0.94744,0.04889,-0.023127,-0.31534,0.050554,-0.065232,0.069946
0.94744,0.04889,-0.023127,-0.31534,0.050551,-0.06523,0.069946
0.94744,0.04889,-0.023127,-0.31534,0.050551,-0.06523,0.069946
0.94744,0.04889,-0.023127,-0.31534,0.050551,-0.06523,0.069946
0.94744,0.04889,-0.023127,-0.31534,0.050551,-0.06523,0.069946
0.94744,0.04889,-0.023127,-0.31534,0.050551,-0.06523,0.069946
0.94744,0.04889,-0.023127,-0.31534,0.050549,-0.065228,0.069946
0.94744,0.04889,-0.023127,-0.31534,0.050549,-0.065228,0.069946
0.94744,0.04889,-0.023127,-0.31534,0.050549,-0.065228,0.069946
0.94744,0.04889,-0.023127,-0.31534,0.050549,-0.065228,0.069946
0.94744,0.04889,-0.023127,-0.31534,0.050549,-0.065228,0.069946
0.94744,0.04889,-0.023127,-0.31534,0.050546,-0.065226,0.069946
0.94744,0.04889,-0.023127,-0.31534,0.050546,-0.065226,0.069946
0.94744,0.04889,-0.023127,-0.31534,0.050546,-0.065226,0.069946
0.94744,0.04889,-0.023127,-0.31534,0.050546,-0.065226,0.069946
0.94744,0.04889,-0.023127,-0.31534,0.050546,-0.065226,0.069946
0.94744,0.04889,-0.023127,-0.31534,0.050544,-0.065225,0.069946
0.94744,0.04889,-0.023127,-0.31534,0.050544,-0.065225,0.069946
0.94744,0.04889,-0.023127,-0.31534,0.050544,-0.065225,0.069946
0.94744,0.04889,-0.023127,-0.31534,0.050544,-0.065225,0.069946
0.94744,0.04889,-0.023127,-0.31534,0.050544,-0.065225,0.069946
0.94744,0.04889,-0.023127,-0.31534,0.050541,-0.065223,0.069946
0.94744,0.04889,-0.023127,-0.31534,0.050541,-0.065223,0.069946
0.94744,0.04889,-0.023127,-0.31534,0.050541,-0.065223,0.069946
0.94744,0.04889,-0.023127,-0.31534,0.050541,-0.065223,0.069946
0.94744,0.04889,-0.023127,-0.31534,0.050541,-0.065223,0.069946
0.94744,0.04889,-0.023127,-0.31534,0.050539,-0.065221,0.069946
0.94744,0.04889,-0.023127,-0.31534,0.050539,-0.065221,0.069946
0.94744,0.04889,-0.023127,-0.31534,0.050539,-0.065221,0.069946
0.94744,0.04889,-0.023127,-0.31534,0.050539,-0.065221,0.069946
0.94744,0.04889,-0.023127,-0.31534,0.050539,-0.065221,0.069946
0.94744,0.04889,-0.023127,-0.31534,0.050536,-0.065219,0.069946
0.94744,0.04889,-0.023127,-0.31534,0.050536,-0.065219,0.069946
0.94744,0.04889,-0.023127,-0.31534,0.050536,-0.065219,0.069946
0.94744,0.04889,-0.023127,-0.31534,0.050536,-0.065219,0.069946
0.94744,0.04889,-0.023127,-0.31534,0.050536,-0.065219,0.069946
0.94744,0.04889,-0.023127,-0.31534,0.050533,-0.065217,0.069946
0.94744,0.04889,-0.023127,-0.31534,0.050533,-0.065217,0.069946
0.94744,0.04889,-0.023127,-0.31534,0.050533,-0.065217,0.069946
0.94744,0.04889,-0.023127,-0.31534,0.050533,-0.065217,0.069946
0.94744,0.04889,-0.023127,-0.31534,0.050533,-0.065217,0.069946
0.94744,0.04889,-0.023127,-0.31534,0.050531,-0.065215,0.069946
0.94744,0.04889,-0.023127,-0.31534,0.050531,-0.065215,0.069946
0.94744,0.04889,-0.023127,-0.31534,0.050531,-0.065215,0.069946
0.94744,0.04889,-0.023127,-0.31534,0.050531,-0.065215,0.069946
0.94744,0.04889,-0.023127,-0.31534,0.050531,-0.065215,0.069946
0.94744,0.04889,-0.023127,-0.31534,0.050528,-0.065213,0.069947
0.94744,0.04889,-0.023127,-0.31534,0.050528,-0.065213,0.069947
0.94744,0.04889,-0.023127,-0.31534,0.050528,-0.065213,0.069947
0.94744,0.04889,-0.023127,-0.31534,0.050528,-0.065213,0.069947
0.94744,0.04889,-0.023127,-0.31534,0.050528,-0.065213,0.069947
0.94744,0.04889,-0.023127,-0.31534,0.050526,-0.065211,0.069947
0.94744,0.04889,-0.023127,-0.31534,0.050526,-0.065211,0.069947
0.94744,0.04889,-0.023127,-0.31534,0.050526,-0.065211,0.069947
0.94744,0.04889,-0.023127,-0.31534,0.050526,-0.065211,0.069947
0.94744,0.04889,-0.023127,-0.31534,0.050526,-0.065211,0.069947
0.94744,0.04889,-0.023127,-0.31534,0.050523,-0.065209,0.069947
0.94744,0.04889,-0.023127,-0.31534,0.050523,-0.065209,0.069947
0.94744,0.04889,-0.023127,-0.31534,0.050523,-0.065209,0.069947
0.94744,0.04889,-0.023127,-0.31534,0.050523,-0.065209,0.069947
0.94744,0.04889,-0.023127,-0.31534,0.050523,-0.065209,0.069947
0.94744,0.04889,-0.023127,-0.31534,0.050521,-0.065208,0.069947
0.94744,0.04889,-0.023127,-0.31534,0.050521,-0.065208,0.069947
0.94744,0.04889,-0.023127,-0.31534,0.050521,-0.065207,0.069947
0.94744,0.04889,-0.023127,-0.31534,0.050521,-0.065207,0.069947
0.94744,0.04889,-0.023127,-0.31534,0.050521,-0.065207,0.069947
0.94744,0.04889,-0.023127,-0.31534,0.050518,-0.065206,0.069947
0.94744,0.04889,-0.023127,-0.31534,0.050518,-0.065206,0.069947
0.94744,0.04889,-0.023127,-0.31534,0.050518,-0.065206,0.069947
0.94744,0.04889,-0.023127,-0.31534,0.050518,-0.065206,0.069947
0.94744,0.04889,-0.023127,-0.31534,0.050518,-0.065206,0.069947
0.94744,0.04889,-0.023127,-0.31534,0.050515,-0.065204,0.069947
0.94744,0.04889,-0.023127,-0.31534,0.050515,-0.065204,0.069947
0.94744,0.04889,-0.023127,-0.31534,0.050515,-0.065204,0.069947
0.94744,0.04889,-0.023127,-0.31534,0.050515,-0.065204,0.069947
0.94744,0.04889,-0.023127,-0.31534,0.050516,-0.065204,0.069947
0.94744,0.04889,-0.023127,-0.31534,0.050513,-0.065202,0.069947
0.94744,0.04889,-0.023127,-0.31534,0.050513,-0.065202,0.069947
0.94744,0.04889,-0.023127,-0.31534,0.050513,-0.065202,0.069947
0.94744,0.04889,-0.023127,-0.31534,0.050513,-0.065202,0.069947
0.94744,0.04889,-0.023127,-0.31534,0.050513,-0.065202,0.069947
0.94744,0.04889,-0.023127,-0.31534,0.05051,-0.0652,0.069947
0.94744,0.04889,-0.023127,-0.31534,0.05051,-0.0652,0.069947
0.94744,0.04889,-0.023127,-0.31534,0.05051,-0.0652,0.069947
0.94744,0.04889,-0.023127,-0.31534,0.05051,-0.0652,0.069947
0.94744,0.04889,-0.023127,-0.31534,0.05051,-0.0652,0.069947
0.94744,0.04889,-0.023127,-0.31534,0.050508,-0.065198,0.069947
0.94744,0.04889,-0.023127,-0.31534,0.050508,-0.065198,0.069947
0.94744,0.04889,-0.023127,-0.31534,0.050508,-0.065198,0.069947
0.94744,0.04889,-0.023127,-0.31534,0.050508,-0.065198,0.069947
0.94744,0.04889,-0.023127,-0.31534,0.050508,-0.065198,0.069947
0.94744,0.04889,-0.023127,-0.31534,0.050505,-0.065196,0.069947
0.94744,0.04889,-0.023127,-0.31534,0.050505,-0.065196,0.069947
0.94744,0.04889,-0.023127,-0.31534,0.050505,-0.065196,0.069947
0.94744,0.04889,-0.023127,-0.31534,0.050505,-0.065196,0.069947
0.94744,0.04889,-0.023127,-0.31534,0.050505,-0.065196,0.069947
0.94744,0.04889,-0.023127,-0.31534,0.050503,-0.065194,0.069947
0.94744,0.04889,-0.023127,-0.31534,0.050503,-0.065194,0.069947
0.94744,0.04889,-0.023127,-0.31534,0.050503,-0.065194,0.069947
0.94744,0.04889,-0.023127,-0.31534,0.050503,-0.065194,0.069947
0.94744,0.04889,-0.023127,-0.31534,0.050503,-0.065194,0.069947
0.94744,0.04889,-0.023127,-0.31534,0.0505,-0.065192,0.069947
0.94744,0.04889,-0.023127,-0.31534,0.0505,-0.065192,0.069947
0.94744,0.04889,-0.023127,-0.31534,0.0505,-0.065192,0.069947
0.94744,0.04889,-0.023127,-0.31534,0.0505,-0.065192,0.069947
0.94744,0.04889,-0.023127,-0.31534,0.0505,-0.065192,0.069947
0.94744,0.04889,-0.023127,-0.31534,0.050498,-0.065191,0.069948
0.94744,0.04889,-0.023127,-0.31534,0.050498,-0.065191,0.069948
0.94744,0.04889,-0.023127,-0.31534,0.050498,-0.06519,0.069948
0.94744,0.04889,-0.023127,-0.31534,0.050498,-0.06519,0.069948
0.94744,0.04889,-0.023127,-0.31534,0.050498,-0.06519,0.069948
0.94744,0.04889,-0.023127,-0.31534,0.050495,-0.065189,0.069948
0.94744,0.04889,-0.023127,-0.31534,0.050495,-0.065189,0.069948
0.94744,0.04889,-0.023127,-0.31534,0.050495,-0.065189,0.069948
0.94744,0.04889,-0.023127,-0.31534,0.050495,-0.065189,0.069948
0.94744,0.04889,-0.023127,-0.31534,0.050495,-0.065189,0.069948
0.94744,0.04889,-0.023127,-0.31534,0.050493,-0.065187,0.069948
0.94744,0.04889,-0.023127,-0.31534,0.050493,-0.065187,0.069948
0.94744,0.04889,-0.023127,-0.31534,0.050493,-0.065187,0.069948
0.94744,0.04889,-0.023127,-0.31534,0.050493,-0.065187,0.069948
0.94744,0.04889,-0.023127,-0.31534,0.050493,-0.065187,0.069948
0.94744,0.04889,-0.023127,-0.31534,0.05049,-0.065185,0.069948
0.94744,0.04889,-0.023127,-0.31534,0.05049,-0.065185,0.069948
0.94744,0.04889,-0.023127,-0.31534,0.05049,-0.065185,0.069948
0.94744,0.04889,-0.023127,-0.31534,0.05049,-0.065185,0.069948
0.94744,0.04889,-0.023127,-0.31534,0.05049,-0.065185,0.069948
0.94744,0.04889,-0.023127,-0.31534,0.050488,-0.065183,0.069948
0.94744,0.04889,-0.023127,-0.31534,0.050488,-0.065183,0.069948
0.94744,0.04889,-0.023127,-0.31534,0.050488,-0.065183,0.069948
0.94744,0.04889,-0.023127,-0.31534,0.050488,-0.065183,0.069948
0.94744,0.04889,-0.023127,-0.31534,0.050488,-0.065183,0.069948
0.94744,0.04889,-0.023127,-0.31534,0.050485,-0.065181,0.069948
0.94744,0.04889,-0.023127,-0.31534,0.050485,-0.065181,0.069948
0.94744,0.04889,-0.023127,-0.31534,0.050485,-0.065181,0.069948
0.94744,0.04889,-0.023127,-0.31534,0.050485,-0.065181,0.069948
0.94744,0.04889,-0.023127,-0.31534,0.050485,-0.065181,0.069948
0.94744,0.04889,-0.023127,-0.31534,0.050483,-0.065179,0.069948
0.94744,0.04889,-0.023127,-0.31534,0.050483,-0.065179,0.069948
0.94744,0.04889,-0.023127,-0.31534,0.050483,-0.065179,0.069948
0.94744,0.04889,-0.023127,-0.31534,0.050483,-0.065179,0.069948
0.94744,0.04889,-0.023127,-0.31534,0.050483,-0.065179,0.069948
0.94744,0.04889,-0.023127,-0.31534,0.05048,-0.065177,0.069948
0.94744,0.04889,-0.023127,-0.31534,0.05048,-0.065177,0.069948
0.94744,0.04889,-0.023127,-0.31534,0.05048,-0.065177,0.069948
0.94744,0.04889,-0.023127,-0.31534,0.05048,-0.065177,0.069948
0.94744,0.04889,-0.023127,-0.31534,0.05048,-0.065177,0.069948
0.94744,0.04889,-0.023127,-0.31534,0.050478,-0.065176,0.069948
0.94744,0.04889,-0.023127,-0.31534,0.050478,-0.065176,0.069948
0.94744,0.04889,-0.023127,-0.31534,0.050478,-0.065176,0.069948
0.94744,0.04889,-0.023127,-0.31534,0.050478,-0.065176,0.069948
0.94744,0.04889,-0.023127,-0.31534,0.050478,-0.065176,0.069948
0.94744,0.04889,-0.023127,-0.31534,0.050475,-0.065174,0.069948
0.94744,0.04889,-0.023127,-0.31534,0.050475,-0.065174,0.069948
0.94744,0.04889,-0.023127,-0.31534,0.050475,-0.065174,0.069948
0.94744,0.04889,-0.023127,-0.31534,0.050475,-0.065174,0.069948
0.94744,0.04889,-0.023127,-0.31534,0.050475,-0.065174,0.069948
0.94744,0.04889,-0.023127,-0.31534,0.050473,-0.065172,0.069948
0.94744,0.04889,-0.023127,-0.31534,0.050473,-0.065172,0.069948
0.94744,0.04889,-0.023127,-0.31534,0.050473,-0.065172,0.069948
0.94744,0.04889,-0.023127,-0.31534,0.050473,-0.065172,0.069948
0.94744,0.04889,-0.023127,-0.31534,0.050473,-0.065172,0.069948
0.94744,0.04889,-0.023127,-0.31534,0.05047,-0.06517,0.069948
0.94744,0.04889,-0.023127,-0.31534,0.05047,-0.06517,0.069948
0.94744,0.04889,-0.023127,-0.31534,0.05047,-0.06517,0.069948
0.94744,0.04889,-0.023127,-0.31534,0.05047,-0.06517,0.069948
0.94744,0.04889,-0.023127,-0.31534,0.05047,-0.06517,0.069948
0.94744,0.04889,-0.023127,-0.31534,0.050468,-0.065168,0.069948
0.94744,0.04889,-0.023127,-0.31534,0.050468,-0.065168,0.069948
0.94744,0.04889,-0.023127,-0.31534,0.050468,-0.065168,0.069948
0.94744,0.04889,-0.023127,-0.31534,0.050468,-0.065168,0.069948
0.94744,0.04889,-0.023127,-0.31534,0.050468,-0.065168,0.069948
0.94744,0.04889,-0.023127,-0.31534,0.050465,-0.065166,0.069949
0.94744,0.04889,-0.023127,-0.31534,0.050466,-0.065166,0.069949
0.94744,0.04889,-0.023127,-0.31534,0.050466,-0.065166,0.069949
0.94744,0.04889,-0.023127,-0.31534,0.050466,-0.065166,0.069949
0.94744,0.04889,-0.023127,-0.31534,0.050466,-0.065166,0.069949
0.94744,0.04889,-0.023127,-0.31534,0.050463,-0.065164,0.069949
0.94744,0.04889,-0.023127,-0.31534,0.050463,-0.065164,0.069949
0.94744,0.04889,-0.023127,-0.31534,0.050463,-0.065164,0.069949
0.94744,0.04889,-0.023127,-0.31534,0.050463,-0.065164,0.069949
0.94744,0.04889,-0.023127,-0.31534,0.050463,-0.065164,0.069949
0.94744,0.04889,-0.023127,-0.31534,0.050461,-0.065163,0.069949
0.94744,0.04889,-0.023127,-0.31534,0.050461,-0.065163,0.069949
0.94744,0.04889,-0.023127,-0.31534,0.050461,-0.065163,0.069949
0.94744,0.04889,-0.023127,-0.31534,0.050461,-0.065163,0.069949
0.94744,0.04889,-0.023127,-0.31534,0.050461,-0.065163,0.069949
0.94744,0.04889,-0.023127,-0.31534,0.050458,-0.065161,0.069949
0.94744,0.04889,-0.023127,-0.31534,0.050458,-0.065161,0.069949
0.94744,0.04889,-0.023127,-0.31534,0.050458,-0.065161,0.069949
0.94744,0.04889,-0.023127,-0.31534,0.050458,-0.065161,0.069949
0.94744,0.04889,-0.023127,-0.31534,0.050458,-0.065161,0.069949
0.94744,0.04889,-0.023127,-0.31534,0.050456,-0.065159,0.069949
0.94744,0.04889,-0.023127,-0.31534,0.050456,-0.065159,0.069949
0.94744,0.04889,-0.023127,-0.31534,0.050456,-0.065159,0.069949
0.94744,0.04889,-0.023127,-0.31534,0.050456,-0.065159,0.069949
0.94744,0.04889,-0.023127,-0.31534,0.050456,-0.065159,0.069949
0.94744,0.04889,-0.023127,-0.31534,0.050453,-0.065157,0.069949
0.94744,0.04889,-0.023127,-0.31534,0.050453,-0.065157,0.069949
0.94744,0.04889,-0.023127,-0.31534,0.050453,-0.065157,0.069949
0.94744,0.04889,-0.023127,-0.31534,0.050453,-0.065157,0.069949
0.94744,0.04889,-0.023127,-0.31534,0.050453,-0.065157,0.069949
0.94744,0.04889,-0.023127,-0.31534,0.050451,-0.065155,0.069949
0.94744,0.04889,-0.023127,-0.31534,0.050451,-0.065155,0.069949
0.94744,0.04889,-0.023127,-0.31534,0.050451,-0.065155,0.069949
0.94744,0.04889,-0.023127,-0.31534,0.050451,-0.065155,0.069949
0.94744,0.04889,-0.023127,-0.31534,0.050451,-0.065155,0.069949
0.94744,0.04889,-0.023127,-0.31534,0.050448,-0.065153,0.069949
0.94744,0.04889,-0.023127,-0.31534,0.050448,-0.065153,0.069949
0.94744,0.04889,-0.023127,-0.31534,0.050448,-0.065153,0.069949
0.94744,0.04889,-0.023127,-0.31534,0.050448,-0.065153,0.069949
0.94744,0.04889,-0.023127,-0.31534,0.050448,-0.065153,0.069949
0.94744,0.04889,-0.023127,-0.31534,0.050446,-0.065151,0.069949
0.94744,0.04889,-0.023127,-0.31534,0.050446,-0.065151,0.069949
0.94744,0.04889,-0.023127,-0.31534,0.050446,-0.065151,0.069949
0.94744,0.04889,-0.023127,-0.31534,0.050446,-0.065151,0.069949
0.94744,0.04889,-0.023127,-0.31534,0.050446,-0.065151,0.069949
0.94744,0.04889,-0.023127,-0.31534,0.050443,-0.06515,0.069949
0.94744,0.04889,-0.023127,-0.31534,0.050444,-0.06515,0.069949
0.94744,0.04889,-0.023127,-0.31534,0.050444,-0.06515,0.069949
0.94744,0.04889,-0.023127,-0.31534,0.050444,-0.06515,0.069949
0.94744,0.04889,-0.023127,-0.31534,0.050444,-0.06515,0.069949
0.94744,0.04889,-0.023127,-0.31534,0.050441,-0.065148,0.069949
0.94744,0.04889,-0.023127,-0.31534,0.050441,-0.065148,0.069949
0.94744,0.04889,-0.023127,-0.31534,0.050441,-0.065148,0.069949
0.94744,0.04889,-0.023127,-0.31534,0.050441,-0.065148,0.069949
0.94744,0.04889,-0.023127,-0.31534,0.050441,-0.065148,0.069949
0.94744,0.04889,-0.023127,-0.31534,0.050439,-0.065146,0.069949
0.94744,0.04889,-0.023127,-0.31534,0.050439,-0.065146,0.069949
0.94744,0.04889,-0.023127,-0.31534,0.050439,-0.065146,0.069949
0.94744,0.04889,-0.023127,-0.31534,0.050439,-0.065146,0.069949
0.94744,0.04889,-0.023127,-0.31534,0.050439,-0.065146,0.069949
0.94744,0.04889,-0.023127,-0.31534,0.050436,-0.065144,0.069949
0.94744,0.04889,-0.023127,-0.31534,0.050436,-0.065144,0.069949
0.94744,0.04889,-0.023127,-0.31534,0.050436,-0.065144,0.069949
0.94744,0.04889,-0.023127,-0.31534,0.050436,-0.065144,0.069949
0.94744,0.04889,-0.023127,-0.31534,0.050436,-0.065144,0.069949
0.94744,0.04889,-0.023127,-0.31534,0.050434,-0.065142,0.069949
0.94744,0.04889,-0.023127,-0.31534,0.050434,-0.065142,0.069949
0.94744,0.04889,-0.023127,-0.31534,0.050434,-0.065142,0.069949
0.94744,0.04889,-0.023127,-0.31534,0.050434,-0.065142,0.069949
0.94744,0.04889,-0.023127,-0.31534,0.050434,-0.065142,0.069949
0.94744,0.04889,-0.023127,-0.31534,0.050431,-0.06514,0.069949
0.94744,0.04889,-0.023127,-0.31534,0.050431,-0.06514,0.069949
0.94744,0.04889,-0.023127,-0.31534,0.050431,-0.06514,0.069949
0.94744,0.04889,-0.023127,-0.31534,0.050431,-0.06514,0.069949
0.94744,0.04889,-0.023127,-0.31534,0.050431,-0.06514,0.069949
0.94744,0.04889,-0.023127,-0.31534,0.050429,-0.065139,0.06995
0.94744,0.04889,-0.023127,-0.31534,0.050429,-0.065139,0.069949
0.94744,0.04889,-0.023127,-0.31534,0.050429,-0.065139,0.069949
0.94744,0.04889,-0.023127,-0.31534,0.050429,-0.065139,0.069949
0.94744,0.04889,-0.023127,-0.31534,0.050429,-0.065139,0.069949
0.94744,0.04889,-0.023127,-0.31534,0.050427,-0.065137,0.06995
0.94744,0.04889,-0.023127,-0.31534,0.050427,-0.065137,0.06995
0.94744,0.04889,-0.023127,-0.31534,0.050427,-0.065137,0.06995
0.94744,0.04889,-0.023127,-0.31534,0.050427,-0.065137,0.06995
0.94744,0.04889,-0.023127,-0.31534,0.050427,-0.065137,0.06995
0.94744,0.04889,-0.023127,-0.31534,0.050424,-0.065135,0.06995
0.94744,0.04889,-0.023127,-0.31534,0.050424,-0.065135,0.06995
0.94744,0.04889,-0.023127,-0.31534,0.050424,-0.065135,0.06995
0.94744,0.04889,-0.023127,-0.31534,0.050424,-0.065135,0.06995
0.94744,0.04889,-0.023127,-0.31534,0.050424,-0.065135,0.06995
0.94744,0.04889,-0.023127,-0.31534,0.050422,-0.065133,0.06995
0.94744,0.04889,-0.023127,-0.31534,0.050422,-0.065133,0.06995
0.94744,0.04889,-0.023127,-0.31534,0.050422,-0.065133,0.06995
0.94744,0.04889,-0.023127,-0.31534,0.050422,-0.065133,0.06995
0.94744,0.04889,-0.023127,-0.31534,0.050422,-0.065133,0.06995
0.94744,0.04889,-0.023127,-0.31534,0.050419,-0.065131,0.06995
0.94744,0.04889,-0.023127,-0.31534,0.050419,-0.065131,0.06995
0.94744,0.04889,-0.023127,-0.31534,0.050419,-0.065131,0.06995
0.94744,0.04889,-0.023127,-0.31534,0.050419,-0.065131,0.06995
0.94744,0.04889,-0.023127,-0.31534,0.050419,-0.065131,0.06995
0.94744,0.04889,-0.023127,-0.31534,0.050417,-0.065129,0.06995
0.94744,0.04889,-0.023127,-0.31534,0.050417,-0.065129,0.06995
0.94744,0.04889,-0.023127,-0.31534,0.050417,-0.065129,0.06995
0.94744,0.04889,-0.023127,-0.31534,0.050417,-0.065129,0.06995
0.94744,0.04889,-0.023127,-0.31534,0.050417,-0.065129,0.06995
0.94744,0.04889,-0.023127,-0.31534,0.050415,-0.065128,0.06995
0.94744,0.04889,-0.023127,-0.31534,0.050415,-0.065128,0.06995
0.94744,0.04889,-0.023127,-0.31534,0.050415,-0.065128,0.06995
0.94744,0.04889,-0.023127,-0.31534,0.050415,-0.065128,0.06995
0.94744,0.04889,-0.023127,-0.31534,0.050415,-0.065128,0.06995
0.94744,0.04889,-0.023127,-0.31534,0.050412,-0.065126,0.06995
0.94744,0.04889,-0.023127,-0.31534,0.050412,-0.065126,0.06995
0.94744,0.04889,-0.023127,-0.31534,0.050412,-0.065126,0.06995
0.94744,0.04889,-0.023127,-0.31534,0.050412,-0.065126,0.06995
0.94744,0.04889,-0.023127,-0.31534,0.050412,-0.065126,0.06995
0.94744,0.04889,-0.023127,-0.31534,0.05041,-0.065124,0.06995
0.94744,0.04889,-0.023127,-0.31534,0.05041,-0.065124,0.06995
0.94744,0.04889,-0.023127,-0.31534,0.05041,-0.065124,0.06995
0.94744,0.04889,-0.023127,-0.31534,0.05041,-0.065124,0.06995
0.94744,0.04889,-0.023127,-0.31534,0.05041,-0.065124,0.06995
0.94744,0.04889,-0.023127,-0.31534,0.050407,-0.065122,0.06995
0.94744,0.04889,-0.023127,-0.31534,0.050407,-0.065122,0.06995
0.94744,0.04889,-0.023127,-0.31534,0.050407,-0.065122,0.06995
0.94744,0.04889,-0.023127,-0.31534,0.050407,-0.065122,0.06995
0.94744,0.04889,-0.023127,-0.31534,0.050407,-0.065122,0.06995
0.94744,0.04889,-0.023127,-0.31534,0.050405,-0.06512,0.06995
0.94744,0.04889,-0.023127,-0.31534,0.050405,-0.06512,0.06995
0.94744,0.04889,-0.023127,-0.31534,0.050405,-0.06512,0.06995
0.94744,0.04889,-0.023127,-0.31534,0.050405,-0.06512,0.06995
0.94744,0.04889,-0.023127,-0.31534,0.050405,-0.06512,0.06995
0.94744,0.04889,-0.023127,-0.31534,0.050403,-0.065119,0.06995
0.94744,0.04889,-0.023127,-0.31534,0.050403,-0.065119,0.06995
0.94744,0.04889,-0.023127,-0.31534,0.050403,-0.065119,0.06995
0.94744,0.04889,-0.023127,-0.31534,0.050403,-0.065118,0.06995
0.94744,0.04889,-0.023127,-0.31534,0.050403,-0.065118,0.06995
0.94744,0.04889,-0.023127,-0.31534,0.0504,-0.065117,0.06995
0.94744,0.04889,-0.023127,-0.31534,0.0504,-0.065117,0.06995
0.94744,0.04889,-0.023127,-0.31534,0.0504,-0.065117,0.06995
0.94744,0.04889,-0.023127,-0.31534,0.0504,-0.065117,0.06995
0.94744,0.04889,-0.023127,-0.31534,0.0504,-0.065117,0.06995
0.94744,0.04889,-0.023127,-0.31534,0.050398,-0.065115,0.06995
0.94744,0.04889,-0.023127,-0.31534,0.050398,-0.065115,0.06995
0.94744,0.04889,-0.023127,-0.31534,0.050398,-0.065115,0.06995
0.94744,0.04889,-0.023127,-0.31534,0.050398,-0.065115,0.06995
0.94744,0.04889,-0.023127,-0.31534,0.050398,-0.065115,0.06995
0.94744,0.04889,-0.023127,-0.31534,0.050395,-0.065113,0.06995
0.94744,0.04889,-0.023127,-0.31534,0.050395,-0.065113,0.06995
0.94744,0.04889,-0.023127,-0.31534,0.050395,-0.065113,0.06995
0.94744,0.04889,-0.023127,-0.31534,0.050395,-0.065113,0.06995
0.94744,0.04889,-0.023127,-0.31534,0.050396,-0.065113,0.06995
0.94744,0.04889,-0.023127,-0.31534,0.050393,-0.065111,0.06995
0.94744,0.04889,-0.023127,-0.31534,0.050393,-0.065111,0.06995
0.94744,0.04889,-0.023127,-0.31534,0.050393,-0.065111,0.06995
0.94744,0.04889,-0.023127,-0.31534,0.050393,-0.065111,0.06995
0.94744,0.04889,-0.023127,-0.31534,0.050393,-0.065111,0.06995
0.94744,0.04889,-0.023127,-0.31534,0.050391,-0.065109,0.06995
0.94744,0.04889,-0.023127,-0.31534,0.050391,-0.065109,0.06995
0.94744,0.04889,-0.023127,-0.31534,0.050391,-0.065109,0.06995
0.94744,0.04889,-0.023127,-0.31534,0.050391,-0.065109,0.06995
0.94744,0.04889,-0.023127,-0.31534,0.050391,-0.065109,0.06995
0.94744,0.04889,-0.023127,-0.31534,0.050388,-0.065108,0.06995
0.94744,0.04889,-0.023127,-0.31534,0.050388,-0.065108,0.06995
0.94744,0.04889,-0.023127,-0.31534,0.050388,-0.065108,0.06995
0.94744,0.04889,-0.023127,-0.31534,0.050388,-0.065108,0.06995
0.94744,0.04889,-0.023127,-0.31534,0.050388,-0.065108,0.06995
0.94744,0.04889,-0.023127,-0.31534,0.050386,-0.065106,0.06995
0.94744,0.04889,-0.023127,-0.31534,0.050386,-0.065106,0.06995
0.94744,0.04889,-0.023127,-0.31534,0.050386,-0.065106,0.06995
0.94744,0.04889,-0.023127,-0.31534,0.050386,-0.065106,0.06995
0.94744,0.04889,-0.023127,-0.31534,0.050386,-0.065106,0.06995
0.94744,0.04889,-0.023127,-0.31534,0.050384,-0.065104,0.06995
0.94744,0.04889,-0.023127,-0.31534,0.050384,-0.065104,0.06995
0.94744,0.04889,-0.023127,-0.31534,0.050384,-0.065104,0.06995
0.94744,0.04889,-0.023127,-0.31534,0.050384,-0.065104,0.06995
0.94744,0.04889,-0.023127,-0.31534,0.050384,-0.065104,0.06995
0.94744,0.04889,-0.023127,-0.31534,0.050381,-0.065102,0.069951
0.94744,0.04889,-0.023127,-0.31534,0.050381,-0.065102,0.069951
0.94744,0.04889,-0.023127,-0.31534,0.050381,-0.065102,0.069951
0.94744,0.04889,-0.023127,-0.31534,0.050381,-0.065102,0.069951
0.94744,0.04889,-0.023127,-0.31534,0.050381,-0.065102,0.06995
0.94744,0.04889,-0.023127,-0.31534,0.050379,-0.0651,0.069951
0.94744,0.04889,-0.023127,-0.31534,0.050379,-0.0651,0.069951
0.94744,0.04889,-0.023127,-0.31534,0.050379,-0.0651,0.069951
0.94744,0.04889,-0.023127,-0.31534,0.050379,-0.0651,0.069951
0.94744,0.04889,-0.023127,-0.31534,0.050379,-0.0651,0.069951
0.94744,0.04889,-0.023127,-0.31534,0.050376,-0.065099,0.069951
0.94744,0.04889,-0.023127,-0.31534,0.050377,-0.065099,0.069951
0.94744,0.04889,-0.023127,-0.31534,0.050377,-0.065099,0.069951
0.94744,0.04889,-0.023127,-0.31534,0.050377,-0.065099,0.069951
0.94744,0.04889,-0.023127,-0.31534,0.050377,-0.065099,0.069951
0.94744,0.04889,-0.023127,-0.31534,0.050374,-0.065097,0.069951
0.94744,0.04889,-0.023127,-0.31534,0.050374,-0.065097,0.069951
0.94744,0.04889,-0.023127,-0.31534,0.050374,-0.065097,0.069951
0.94744,0.04889,-0.023127,-0.31534,0.050374,-0.065097,0.069951
0.94744,0.04889,-0.023127,-0.31534,0.050374,-0.065097,0.069951
0.94744,0.04889,-0.023127,-0.31534,0.050372,-0.065095,0.069951
0.94744,0.04889,-0.023127,-0.31534,0.050372,-0.065095,0.069951
0.94744,0.04889,-0.023127,-0.31534,0.050372,-0.065095,0.069951
0.94744,0.04889,-0.023127,-0.31534,0.050372,-0.065095,0.069951
0.94744,0.04889,-0.023127,-0.31534,0.050372,-0.065095,0.069951
0.94744,0.04889,-0.023127,-0.31534,0.050369,-0.065093,0.069951
0.94744,0.04889,-0.023127,-0.31534,0.050369,-0.065093,0.069951
0.94744,0.04889,-0.023127,-0.31534,0.050369,-0.065093,0.069951
0.94744,0.04889,-0.023127,-0.31534,0.05037,-0.065093,0.069951
0.94744,0.04889,-0.023127,-0.31534,0.05037,-0.065093,0.069951
0.94744,0.04889,-0.023127,-0.31534,0.050367,-0.065091,0.069951
0.94744,0.04889,-0.023127,-0.31534,0.050367,-0.065091,0.069951
0.94744,0.04889,-0.023127,-0.31534,0.050367,-0.065091,0.069951
0.94744,0.04889,-0.023127,-0.31534,0.050367,-0.065091,0.069951
0.94744,0.04889,-0.023127,-0.31534,0.050367,-0.065091,0.069951
0.94744,0.04889,-0.023127,-0.31534,0.050365,-0.06509,0.069951
0.94744,0.04889,-0.023127,-0.31534,0.050365,-0.06509,0.069951
0.94744,0.04889,-0.023127,-0.31534,0.050365,-0.06509,0.069951
0.94744,0.04889,-0.023127,-0.31534,0.050365,-0.06509,0.069951
0.94744,0.04889,-0.023127,-0.31534,0.050365,-0.06509,0.069951
0.94744,0.04889,-0.023127,-0.31534,0.050362,-0.065088,0.069951
0.94744,0.04889,-0.023127,-0.31534,0.050362,-0.065088,0.069951
0.94744,0.04889,-0.023127,-0.31534,0.050362,-0.065088,0.069951
0.94744,0.04889,-0.023127,-0.31534,0.050362,-0.065088,0.069951
0.94744,0.04889,-0.023127,-0.31534,0.050362,-0.065088,0.069951
0.94744,0.04889,-0.023127,-0.31534,0.05036,-0.065086,0.069951
0.94744,0.04889,-0.023127,-0.31534,0.05036,-0.065086,0.069951
0.94744,0.04889,-0.023127,-0.31534,0.05036,-0.065086,0.069951
0.94744,0.04889,-0.023127,-0.31534,0.05036,-0.065086,0.069951
0.94744,0.04889,-0.023127,-0.31534,0.05036,-0.065086,0.069951
0.94744,0.04889,-0.023127,-0.31534,0.050358,-0.065084,0.069951
0.94744,0.04889,-0.023127,-0.31534,0.050358,-0.065084,0.069951
0.94744,0.04889,-0.023127,-0.31534,0.050358,-0.065084,0.069951
0.94744,0.04889,-0.023127,-0.31534,0.050358,-0.065084,0.069951
0.94744,0.04889,-0.023127,-0.31534,0.050358,-0.065084,0.069951
0.94744,0.04889,-0.023127,-0.31534,0.050355,-0.065082,0.069951
0.94744,0.04889,-0.023127,-0.31534,0.050355,-0.065082,0.069951
0.94744,0.04889,-0.023127,-0.31534,0.050355,-0.065082,0.069951
0.94744,0.04889,-0.023127,-0.31534,0.050355,-0.065082,0.069951
0.94744,0.04889,-0.023127,-0.31534,0.050355,-0.065082,0.069951
0.94744,0.04889,-0.023127,-0.31534,0.050353,-0.065081,0.069951
0.94744,0.04889,-0.023127,-0.31534,0.050353,-0.065081,0.069951
0.94744,0.04889,-0.023127,-0.31534,0.050353,-0.065081,0.069951
0.94744,0.04889,-0.023127,-0.31534,0.050353,-0.065081,0.069951
0.94744,0.04889,-0.023127,-0.31534,0.050353,-0.065081,0.069951
0.94744,0.04889,-0.023127,-0.31534,0.050351,-0.065079,0.069951
0.94744,0.04889,-0.023127,-0.31534,0.050351,-0.065079,0.069951
0.94744,0.04889,-0.023127,-0.31534,0.050351,-0.065079,0.069951
0.94744,0.04889,-0.023127,-0.31534,0.050351,-0.065079,0.069951
0.94744,0.04889,-0.023127,-0.31534,0.050351,-0.065079,0.069951
0.94744,0.04889,-0.023127,-0.31534,0.050348,-0.065077,0.069951
0.94744,0.04889,-0.023127,-0.31534,0.050348,-0.065077,0.069951
0.94744,0.04889,-0.023127,-0.31534,0.050348,-0.065077,0.069951
0.94744,0.04889,-0.023127,-0.31534,0.050348,-0.065077,0.069951
0.94744,0.04889,-0.023127,-0.31534,0.050348,-0.065077,0.069951
0.94744,0.04889,-0.023127,-0.31534,0.050346,-0.065075,0.069951
0.94744,0.04889,-0.023127,-0.31534,0.050346,-0.065075,0.069951
0.94744,0.04889,-0.023127,-0.31534,0.050346,-0.065075,0.069951
0.94744,0.04889,-0.023127,-0.31534,0.050346,-0.065075,0.069951
0.94744,0.04889,-0.023127,-0.31534,0.050346,-0.065075,0.069951
0.94744,0.04889,-0.023127,-0.31534,0.050344,-0.065073,0.069952
0.94744,0.04889,-0.023127,-0.31534,0.050344,-0.065073,0.069952
0.94744,0.04889,-0.023127,-0.31534,0.050344,-0.065073,0.069952
0.94744,0.04889,-0.023127,-0.31534,0.050344,-0.065073,0.069952
0.94744,0.04889,-0.023127,-0.31534,0.050344,-0.065073,0.069952
0.94744,0.04889,-0.023127,-0.31534,0.050341,-0.065072,0.069952
0.94744,0.04889,-0.023127,-0.31534,0.050341,-0.065072,0.069952
0.94744,0.04889,-0.023127,-0.31534,0.050341,-0.065072,0.069952
0.94744,0.04889,-0.023127,-0.31534,0.050341,-0.065072,0.069952
0.94744,0.04889,-0.023127,-0.31534,0.050341,-0.065072,0.069952
0.94744,0.04889,-0.023127,-0.31534,0.050339,-0.06507,0.069952
0.94744,0.04889,-0.023127,-0.31534,0.050339,-0.06507,0.069952
0.94744,0.04889,-0.023127,-0.31534,0.050339,-0.06507,0.069952
0.94744,0.04889,-0.023127,-0.31534,0.050339,-0.06507,0.069952
0.94744,0.04889,-0.023127,-0.31534,0.050339,-0.06507,0.069952
0.94744,0.04889,-0.023127,-0.31534,0.050336,-0.065068,0.069952
0.94744,0.04889,-0.023127,-0.31534,0.050336,-0.065068,0.069952
0.94744,0.04889,-0.023127,-0.31534,0.050336,-0.065068,0.069952
0.94744,0.04889,-0.023127,-0.31534,0.050337,-0.065068,0.069952
0.94744,0.04889,-0.023127,-0.31534,0.050337,-0.065068,0.069952
0.94744,0.04889,-0.023127,-0.31534,0.050334,-0.065066,0.069952
0.94744,0.04889,-0.023127,-0.31534,0.050334,-0.065066,0.069952
0.94744,0.04889,-0.023127,-0.31534,0.050334,-0.065066,0.069952
0.94744,0.04889,-0.023127,-0.31534,0.050334,-0.065066,0.069952
0.94744,0.04889,-0.023127,-0.31534,0.050334,-0.065066,0.069952
0.94744,0.04889,-0.023127,-0.31534,0.050332,-0.065065,0.069952
0.94744,0.04889,-0.023127,-0.31534,0.050332,-0.065065,0.069952
0.94744,0.04889,-0.023127,-0.31534,0.050332,-0.065065,0.069952
0.94744,0.04889,-0.023127,-0.31534,0.050332,-0.065065,0.069952
0.94744,0.04889,-0.023127,-0.31534,0.050332,-0.065065,0.069952
0.94744,0.04889,-0.023127,-0.31534,0.050329,-0.065063,0.069952
0.94744,0.04889,-0.023127,-0.31534,0.050329,-0.065063,0.069952
0.94744,0.04889,-0.023127,-0.31534,0.050329,-0.065063,0.069952
0.94744,0.04889,-0.023127,-0.31534,0.050329,-0.065063,0.069952
0.94744,0.04889,-0.023127,-0.31534,0.050329,-0.065063,0.069952
0.94744,0.04889,-0.023127,-0.31534,0.050327,-0.065061,0.069952
0.94744,0.04889,-0.023127,-0.31534,0.050327,-0.065061,0.069952
0.94744,0.04889,-0.023127,-0.31534,0.050327,-0.065061,0.069952
0.94744,0.04889,-0.023127,-0.31534,0.050327,-0.065061,0.069952
0.94744,0.04889,-0.023127,-0.31534,0.050327,-0.065061,0.069952
0.94744,0.04889,-0.023127,-0.31534,0.050325,-0.065059,0.069952
0.94744,0.04889,-0.023127,-0.31534,0.050325,-0.065059,0.069952
0.94744,0.04889,-0.023127,-0.31534,0.050325,-0.065059,0.069952
0.94744,0.04889,-0.023127,-0.31534,0.050325,-0.065059,0.069952
0.94744,0.04889,-0.023127,-0.31534,0.050325,-0.065059,0.069952
0.94744,0.04889,-0.023127,-0.31534,0.050322,-0.065057,0.069952
0.94744,0.04889,-0.023127,-0.31534,0.050322,-0.065057,0.069952
0.94744,0.04889,-0.023127,-0.31534,0.050322,-0.065057,0.069952
0.94744,0.04889,-0.023127,-0.31534,0.050322,-0.065057,0.069952
0.94744,0.04889,-0.023127,-0.31534,0.050322,-0.065057,0.069952
0.94744,0.04889,-0.023127,-0.31534,0.05032,-0.065056,0.069953
0.94744,0.04889,-0.023127,-0.31534,0.05032,-0.065056,0.069953
0.94744,0.04889,-0.023127,-0.31534,0.05032,-0.065056,0.069953
0.94744,0.04889,-0.023127,-0.31534,0.05032,-0.065056,0.069953
0.94744,0.04889,-0.023127,-0.31534,0.05032,-0.065056,0.069953
0.94744,0.04889,-0.023127,-0.31534,0.050318,-0.065054,0.069953
0.94744,0.04889,-0.023127,-0.31534,0.050318,-0.065054,0.069953
0.94744,0.04889,-0.023127,-0.31534,0.050318,-0.065054,0.069953
0.94744,0.04889,-0.023127,-0.31534,0.050318,-0.065054,0.069953
0.94744,0.04889,-0.023127,-0.31534,0.050318,-0.065054,0.069953
0.94744,0.04889,-0.023127,-0.31534,0.050315,-0.065052,0.069953
0.94744,0.04889,-0.023127,-0.31534,0.050315,-0.065052,0.069953
0.94744,0.04889,-0.023127,-0.31534,0.050315,-0.065052,0.069953
0.94744,0.04889,-0.023127,-0.31534,0.050315,-0.065052,0.069953
0.94744,0.04889,-0.023127,-0.31534,0.050315,-0.065052,0.069953
0.94744,0.04889,-0.023127,-0.31534,0.050313,-0.06505,0.069953
0.94744,0.04889,-0.023127,-0.31534,0.050313,-0.06505,0.069953
0.94744,0.04889,-0.023127,-0.31534,0.050313,-0.06505,0.069953
0.94744,0.04889,-0.023127,-0.31534,0.050313,-0.06505,0.069953
0.94744,0.04889,-0.023127,-0.31534,0.050313,-0.06505,0.069953
0.94744,0.04889,-0.023127,-0.31534,0.050311,-0.065049,0.069953
0.94744,0.04889,-0.023127,-0.31534,0.050311,-0.065049,0.069953
0.94744,0.04889,-0.023127,-0.31534,0.050311,-0.065049,0.069953
0.94744,0.04889,-0.023127,-0.31534,0.050311,-0.065049,0.069953
0.94744,0.04889,-0.023127,-0.31534,0.050311,-0.065049,0.069953
0.94744,0.04889,-0.023127,-0.31534,0.050308,-0.065047,0.069953
0.94744,0.04889,-0.023127,-0.31534,0.050308,-0.065047,0.069953
0.94744,0.04889,-0.023127,-0.31534,0.050308,-0.065047,0.069953
0.94744,0.04889,-0.023127,-0.31534,0.050309,-0.065047,0.069953
0.94744,0.04889,-0.023127,-0.31534,0.050309,-0.065047,0.069953
0.94744,0.04889,-0.023127,-0.31534,0.050306,-0.065045,0.069953
0.94744,0.04889,-0.023127,-0.31534,0.050306,-0.065045,0.069953
0.94744,0.04889,-0.023127,-0.31534,0.050306,-0.065045,0.069953
0.94744,0.04889,-0.023127,-0.31534,0.050306,-0.065045,0.069953
0.94744,0.04889,-0.023127,-0.31534,0.050306,-0.065045,0.069953
0.94744,0.04889,-0.023127,-0.31534,0.050304,-0.065043,0.069953
0.94744,0.04889,-0.023127,-0.31534,0.050304,-0.065043,0.069953
0.94744,0.04889,-0.023127,-0.31534,0.050304,-0.065043,0.069953
0.94744,0.04889,-0.023127,-0.31534,0.050304,-0.065043,0.069953
0.94744,0.04889,-0.023127,-0.31534,0.050304,-0.065043,0.069953
0.94744,0.04889,-0.023127,-0.31534,0.050302,-0.065042,0.069953
0.94744,0.04889,-0.023127,-0.31534,0.050302,-0.065042,0.069953
0.94744,0.04889,-0.023127,-0.31534,0.050302,-0.065042,0.069953
0.94744,0.04889,-0.023127,-0.31534,0.050302,-0.065042,0.069953
0.94744,0.04889,-0.023127,-0.31534,0.050302,-0.065042,0.069953
0.94744,0.04889,-0.023127,-0.31534,0.050299,-0.06504,0.069954
0.94744,0.04889,-0.023127,-0.31534,0.050299,-0.06504,0.069954
0.94744,0.04889,-0.023127,-0.31534,0.050299,-0.06504,0.069954
0.94744,0.04889,-0.023127,-0.31534,0.050299,-0.06504,0.069954
0.94744,0.04889,-0.023127,-0.31534,0.050299,-0.06504,0.069954
0.94744,0.04889,-0.023127,-0.31534,0.050297,-0.065038,0.069954
0.94744,0.04889,-0.023127,-0.31534,0.050297,-0.065038,0.069954
0.94744,0.04889,-0.023127,-0.31534,0.050297,-0.065038,0.069954
0.94744,0.04889,-0.023127,-0.31534,0.050297,-0.065038,0.069954
0.94744,0.04889,-0.023127,-0.31534,0.050297,-0.065038,0.069954
0.94744,0.04889,-0.023127,-0.31534,0.050295,-0.065036,0.069954
0.94744,0.04889,-0.023127,-0.31534,0.050295,-0.065036,0.069954
0.94744,0.04889,-0.023127,-0.31534,0.050295,-0.065036,0.069954
0.94744,0.04889,-0.023127,-0.31534,0.050295,-0.065036,0.069954
0.94744,0.04889,-0.023127,-0.31534,0.050295,-0.065036,0.069954
0.94744,0.04889,-0.023127,-0.31534,0.050292,-0.065035,0.069954
0.94744,0.04889,-0.023127,-0.31534,0.050292,-0.065035,0.069954
0.94744,0.04889,-0.023127,-0.31534,0.050293,-0.065035,0.069954
0.94744,0.04889,-0.023127,-0.31534,0.050293,-0.065035,0.069954
0.94744,0.04889,-0.023127,-0.31534,0.050293,-0.065035,0.069954
0.94744,0.04889,-0.023127,-0.31534,0.05029,-0.065033,0.069954
0.94744,0.04889,-0.023127,-0.31534,0.05029,-0.065033,0.069954
0.94744,0.04889,-0.023127,-0.31534,0.05029,-0.065033,0.069954
0.94744,0.04889,-0.023127,-0.31534,0.05029,-0.065033,0.069954
0.94744,0.04889,-0.023127,-0.31534,0.05029,-0.065033,0.069954
0.94744,0.04889,-0.023127,-0.31534,0.050288,-0.065031,0.069954
0.94744,0.04889,-0.023127,-0.31534,0.050288,-0.065031,0.069954
0.94744,0.04889,-0.023127,-0.31534,0.050288,-0.065031,0.069954
0.94744,0.04889,-0.023127,-0.31534,0.050288,-0.065031,0.069954
0.94744,0.04889,-0.023127,-0.31534,0.050288,-0.065031,0.069954
0.94744,0.04889,-0.023127,-0.31534,0.050286,-0.065029,0.069954
0.94744,0.04889,-0.023127,-0.31534,0.050286,-0.065029,0.069954
0.94744,0.04889,-0.023127,-0.31534,0.050286,-0.065029,0.069954
0.94744,0.04889,-0.023127,-0.31534,0.050286,-0.065029,0.069954
0.94744,0.04889,-0.023127,-0.31534,0.050286,-0.065029,0.069954
0.94744,0.04889,-0.023127,-0.31534,0.050283,-0.065028,0.069954
0.94744,0.04889,-0.023127,-0.31534,0.050283,-0.065028,0.069954
0.94744,0.04889,-0.023127,-0.31534,0.050283,-0.065028,0.069954
0.94744,0.04889,-0.023127,-0.31534,0.050284,-0.065028,0.069954
0.94744,0.04889,-0.023127,-0.31534,0.050284,-0.065028,0.069954
0.94744,0.04889,-0.023127,-0.31534,0.050281,-0.065026,0.069954
0.94744,0.04889,-0.023127,-0.31534,0.050281,-0.065026,0.069954
0.94744,0.04889,-0.023127,-0.31534,0.050281,-0.065026,0.069954
0.94744,0.04889,-0.023127,-0.31534,0.050281,-0.065026,0.069954
0.94744,0.04889,-0.023127,-0.31534,0.050281,-0.065026,0.069954
0.94744,0.04889,-0.023127,-0.31534,0.050279,-0.065024,0.069954
0.94744,0.04889,-0.023127,-0.31534,0.050279,-0.065024,0.069954
0.94744,0.04889,-0.023127,-0.31534,0.050279,-0.065024,0.069954
0.94744,0.04889,-0.023127,-0.31534,0.050279,-0.065024,0.069954
0.94744,0.04889,-0.023127,-0.31534,0.050279,-0.065024,0.069954
0.94744,0.04889,-0.023127,-0.31534,0.050277,-0.065022,0.069954
0.94744,0.04889,-0.023127,-0.31534,0.050277,-0.065022,0.069954
0.94744,0.04889,-0.023127,-0.31534,0.050277,-0.065022,0.069954
0.94744,0.04889,-0.023127,-0.31534,0.050277,-0.065022,0.069954
0.94744,0.04889,-0.023127,-0.31534,0.050277,-0.065022,0.069954
0.94744,0.04889,-0.023127,-0.31534,0.050274,-0.065021,0.069954
0.94744,0.04889,-0.023127,-0.31534,0.050274,-0.065021,0.069954
0.94744,0.04889,-0.023127,-0.31534,0.050275,-0.065021,0.069954
0.94744,0.04889,-0.023127,-0.31534,0.050275,-0.06502,0.069954
0.94744,0.04889,-0.023127,-0.31534,0.050275,-0.06502,0.069954
0.94744,0.04889,-0.023127,-0.31534,0.050272,-0.065019,0.069955
0.94744,0.04889,-0.023127,-0.31534,0.050272,-0.065019,0.069955
0.94744,0.04889,-0.023127,-0.31534,0.050272,-0.065019,0.069955
0.94744,0.04889,-0.023127,-0.31534,0.050272,-0.065019,0.069955
0.94744,0.04889,-0.023127,-0.31534,0.050272,-0.065019,0.069955
0.94744,0.04889,-0.023127,-0.31534,0.05027,-0.065017,0.069955
0.94744,0.04889,-0.023127,-0.31534,0.05027,-0.065017,0.069955
0.94744,0.04889,-0.023127,-0.31534,0.05027,-0.065017,0.069955
0.94744,0.04889,-0.023127,-0.31534,0.05027,-0.065017,0.069955
0.94744,0.04889,-0.023127,-0.31534,0.05027,-0.065017,0.069955
0.94744,0.04889,-0.023127,-0.31534,0.050268,-0.065015,0.069955
0.94744,0.04889,-0.023127,-0.31534,0.050268,-0.065015,0.069955
0.94744,0.04889,-0.023127,-0.31534,0.050268,-0.065015,0.069955
0.94744,0.04889,-0.023127,-0.31534,0.050268,-0.065015,0.069955
0.94744,0.04889,-0.023127,-0.31534,0.050268,-0.065015,0.069955
0.94744,0.04889,-0.023127,-0.31534,0.050265,-0.065013,0.069955
0.94744,0.04889,-0.023127,-0.31534,0.050265,-0.065013,0.069955
0.94744,0.04889,-0.023127,-0.31534,0.050266,-0.065013,0.069955
0.94744,0.04889,-0.023127,-0.31534,0.050266,-0.065013,0.069955
0.94744,0.04889,-0.023127,-0.31534,0.050266,-0.065013,0.069955
0.94744,0.04889,-0.023127,-0.31534,0.050263,-0.065012,0.069955
0.94744,0.04889,-0.023127,-0.31534,0.050263,-0.065012,0.069955
0.94744,0.04889,-0.023127,-0.31534,0.050263,-0.065012,0.069955
0.94744,0.04889,-0.023127,-0.31534,0.050263,-0.065012,0.069955
0.94744,0.04889,-0.023127,-0.31534,0.050263,-0.065012,0.069955
0.94744,0.04889,-0.023127,-0.31534,0.050261,-0.06501,0.069955
0.94744,0.04889,-0.023127,-0.31534,0.050261,-0.06501,0.069955
0.94744,0.04889,-0.023127,-0.31534,0.050261,-0.06501,0.069955
0.94744,0.04889,-0.023127,-0.31534,0.050261,-0.06501,0.069955
0.94744,0.04889,-0.023127,-0.31534,0.050261,-0.06501,0.069955
0.94744,0.04889,-0.023127,-0.31534,0.050259,-0.065008,0.069955
0.94744,0.04889,-0.023127,-0.31534,0.050259,-0.065008,0.069955
0.94744,0.04889,-0.023127,-0.31534,0.050259,-0.065008,0.069955
0.94744,0.04889,-0.023127,-0.31534,0.050259,-0.065008,0.069955
0.94744,0.04889,-0.023127,-0.31534,0.050259,-0.065008,0.069955
0.94744,0.04889,-0.023127,-0.31534,0.050257,-0.065006,0.069955
0.94744,0.04889,-0.023127,-0.31534,0.050257,-0.065006,0.069955
0.94744,0.04889,-0.023127,-0.31534,0.050257,-0.065006,0.069955
0.94744,0.04889,-0.023127,-0.31534,0.050257,-0.065006,0.069955
0.94744,0.04889,-0.023127,-0.31534,0.050257,-0.065006,0.069955
0.94744,0.04889,-0.023127,-0.31534,0.050254,-0.065005,0.069955
0.94744,0.04889,-0.023127,-0.31534,0.050254,-0.065005,0.069955
0.94744,0.04889,-0.023127,-0.31534,0.050254,-0.065005,0.069955
0.94744,0.04889,-0.023127,-0.31534,0.050254,-0.065005,0.069955
0.94744,0.04889,-0.023127,-0.31534,0.050254,-0.065005,0.069955
0.94744,0.04889,-0.023127,-0.31534,0.050252,-0.065003,0.069955
0.94744,0.04889,-0.023127,-0.31534,0.050252,-0.065003,0.069955
0.94744,0.04889,-0.023127,-0.31534,0.050252,-0.065003,0.069955
0.94744,0.04889,-0.023127,-0.31534,0.050252,-0.065003,0.069955
0.94744,0.04889,-0.023127,-0.31534,0.050252,-0.065003,0.069955
0.94744,0.04889,-0.023127,-0.31534,0.05025,-0.065001,0.069955
0.94744,0.04889,-0.023127,-0.31534,0.05025,-0.065001,0.069955
0.94744,0.04889,-0.023127,-0.31534,0.05025,-0.065001,0.069955
0.94744,0.04889,-0.023127,-0.31534,0.05025,-0.065001,0.069955
0.94744,0.04889,-0.023127,-0.31534,0.05025,-0.065001,0.069955
0.94744,0.04889,-0.023127,-0.31534,0.050248,-0.064999,0.069955
0.94744,0.04889,-0.023127,-0.31534,0.050248,-0.064999,0.069955
0.94744,0.04889,-0.023127,-0.31534,0.050248,-0.064999,0.069955
0.94744,0.04889,-0.023127,-0.31534,0.050248,-0.064999,0.069955
0.94744,0.04889,-0.023127,-0.31534,0.050248,-0.064999,0.069955
0.94744,0.04889,-0.023127,-0.31534,0.050245,-0.064998,0.069955
0.94744,0.04889,-0.023127,-0.31534,0.050246,-0.064998,0.069955
0.94744,0.04889,-0.023127,-0.31534,0.050246,-0.064998,0.069955
0.94744,0.04889,-0.023127,-0.31534,0.050246,-0.064998,0.069955
0.94744,0.04889,-0.023127,-0.31534,0.050246,-0.064997,0.069955
0.94744,0.04889,-0.023127,-0.31534,0.050243,-0.064996,0.069955
0.94744,0.04889,-0.023127,-0.31534,0.050243,-0.064996,0.069955
0.94744,0.04889,-0.023127,-0.31534,0.050243,-0.064996,0.069955
0.94744,0.04889,-0.023127,-0.31534,0.050243,-0.064996,0.069955
0.94744,0.04889,-0.023127,-0.31534,0.050243,-0.064996,0.069955
0.94744,0.04889,-0.023127,-0.31534,0.050241,-0.064994,0.069956
0.94744,0.04889,-0.023127,-0.31534,0.050241,-0.064994,0.069956
0.94744,0.04889,-0.023127,-0.31534,0.050241,-0.064994,0.069955
0.94744,0.04889,-0.023127,-0.31534,0.050241,-0.064994,0.069955
0.94744,0.04889,-0.023127,-0.31534,0.050241,-0.064994,0.069955
0.94744,0.04889,-0.023127,-0.31534,0.050239,-0.064992,0.069956
0.94744,0.04889,-0.023127,-0.31534,0.050239,-0.064992,0.069956
0.94744,0.04889,-0.023127,-0.31534,0.050239,-0.064992,0.069956
0.94744,0.04889,-0.023127,-0.31534,0.050239,-0.064992,0.069956
0.94744,0.04889,-0.023127,-0.31534,0.050239,-0.064992,0.069956
0.94744,0.04889,-0.023127,-0.31534,0.050237,-0.064991,0.069956
0.94744,0.04889,-0.023127,-0.31534,0.050237,-0.064991,0.069956
0.94744,0.04889,-0.023127,-0.31534,0.050237,-0.06499,0.069956
0.94744,0.04889,-0.023127,-0.31534,0.050237,-0.06499,0.069956
0.94744,0.04889,-0.023127,-0.31534,0.050237,-0.06499,0.069956
0.94744,0.04889,-0.023127,-0.31534,0.050235,-0.064989,0.069956
0.94744,0.04889,-0.023127,-0.31534,0.050235,-0.064989,0.069956
0.94744,0.04889,-0.023127,-0.31534,0.050235,-0.064989,0.069956
0.94744,0.04889,-0.023127,-0.31534,0.050235,-0.064989,0.069956
0.94744,0.04889,-0.023127,-0.31534,0.050235,-0.064989,0.069956
0.94744,0.04889,-0.023127,-0.31534,0.050232,-0.064987,0.069956
0.94744,0.04889,-0.023127,-0.31534,0.050232,-0.064987,0.069956
