0.44511,0.65355,0.51416,-0.33225,0.58258,-0.13717,0.31338,0
0.44511,0.65355,0.51416,-0.33225,0.58258,-0.13717,0.31338,0.1
0.44398,0.65392,0.51412,-0.33309,0.58279,-0.13638,0.31366,0.2
0.44369,0.6535,0.51464,-0.33351,0.58317,-0.1362,0.3135,0.3
0.44356,0.65319,0.51538,-0.33314,0.58328,-0.13695,0.31359,0.4
0.44346,0.65254,0.51586,-0.33381,0.58375,-0.13627,0.31339,0.5
0.44419,0.6515,0.51649,-0.33389,0.58433,-0.13645,0.31255,0.6
0.44411,0.65068,0.51749,-0.33404,0.58474,-0.1359,0.31231,0.7
0.44529,0.6501,0.51757,-0.33348,0.58514,-0.13687,0.31161,0.8
0.44549,0.64905,0.51856,-0.33371,0.58557,-0.13626,0.31116,0.9
0.44574,0.64853,0.51909,-0.33358,0.58577,-0.1364,0.31108,1
0.44563,0.64843,0.51921,-0.33372,0.58593,-0.13661,0.31119,1.1
0.44524,0.64843,0.51929,-0.33411,0.58621,-0.13631,0.31099,1.2
0.44399,0.64883,0.51918,-0.33517,0.5865,-0.13509,0.31111,1.3
0.44371,0.64889,0.51939,-0.33512,0.58643,-0.13497,0.31129,1.4
0.44339,0.64869,0.51978,-0.33531,0.58642,-0.13441,0.31133,1.5
0.44408,0.64854,0.51966,-0.33488,0.58648,-0.13467,0.31092,1.6
0.44447,0.64829,0.51983,-0.33459,0.58642,-0.13449,0.31069,1.7
0.44394,0.64824,0.51994,-0.3352,0.58656,-0.1337,0.31037,1.8
0.44345,0.64842,0.52005,-0.33534,0.58655,-0.13303,0.31018,1.9
0.44368,0.64832,0.5202,-0.33501,0.58652,-0.13315,0.30973,2
0.44269,0.64812,0.52099,-0.33547,0.58663,-0.13193,0.30976,2.1
0.44268,0.6478,0.52132,-0.33558,0.58679,-0.13156,0.30961,2.2
0.44242,0.6477,0.5214,-0.336,0.58707,-0.131,0.30922,2.3
0.44225,0.64792,0.52139,-0.3358,0.58712,-0.13098,0.30899,2.4
0.44176,0.64798,0.52123,-0.3366,0.58732,-0.12992,0.30873,2.5
0.44156,0.64802,0.52138,-0.33653,0.58715,-0.12949,0.30881,2.6
0.44112,0.64772,0.52186,-0.33695,0.58719,-0.12858,0.30863,2.7
0.44134,0.64815,0.52144,-0.33649,0.58692,-0.12911,0.3085,2.8
0.44131,0.64797,0.52169,-0.33648,0.58685,-0.12872,0.30837,2.9
0.44104,0.64786,0.52191,-0.3367,0.58676,-0.12774,0.30863,3
0.44141,0.64774,0.52134,-0.33733,0.58694,-0.12774,0.30854,3.1
0.44197,0.64696,0.52171,-0.33753,0.58714,-0.12776,0.30848,3.2
0.44187,0.64714,0.52139,-0.33782,0.58722,-0.1275,0.3086,3.3
0.44173,0.6468,0.52199,-0.33771,0.58723,-0.12727,0.30899,3.4
0.44178,0.64655,0.52193,-0.33822,0.58768,-0.12665,0.30886,3.5
0.44179,0.64604,0.52236,-0.33851,0.588,-0.12605,0.30894,3.6
0.44169,0.64613,0.52221,-0.3387,0.58817,-0.12592,0.30906,3.7
0.44188,0.64574,0.52241,-0.3389,0.58853,-0.12562,0.30884,3.8
0.44152,0.64557,0.52288,-0.33897,0.58866,-0.1253,0.30919,3.9
0.44127,0.64543,0.52272,-0.3398,0.58903,-0.12462,0.3092,4
0.44147,0.64537,0.52265,-0.33976,0.58919,-0.12471,0.30913,4.1
0.44142,0.64547,0.52251,-0.33985,0.5893,-0.12465,0.30908,4.2
0.44152,0.64507,0.5229,-0.33987,0.58955,-0.12421,0.30867,4.3
0.44153,0.645,0.5232,-0.33955,0.58957,-0.12428,0.30845,4.4
0.44119,0.64504,0.52364,-0.33923,0.58963,-0.1239,0.30814,4.5
0.44086,0.6443,0.52478,-0.3393,0.58978,-0.12304,0.30794,4.6
0.4407,0.64465,0.52457,-0.33917,0.58958,-0.12332,0.30826,4.7
0.44027,0.64426,0.52477,-0.34017,0.58987,-0.12245,0.30801,4.8
0.44009,0.64425,0.52482,-0.34034,0.5899,-0.12229,0.308,4.9
0.43986,0.64436,0.52499,-0.34017,0.58978,-0.12241,0.30801,5
0.43985,0.64404,0.52543,-0.34009,0.58991,-0.12238,0.3078,5.1
0.43992,0.64381,0.52576,-0.33992,0.58988,-0.12243,0.30758,5.2
0.43993,0.64348,0.52629,-0.33974,0.58986,-0.12207,0.30762,5.3
0.43969,0.64311,0.52671,-0.34009,0.58996,-0.12088,0.30759,5.4
0.43989,0.64334,0.52627,-0.34006,0.5899,-0.12112,0.30753,5.5
0.43975,0.64346,0.52623,-0.34008,0.58968,-0.12086,0.30772,5.6
0.43989,0.64342,0.526,-0.34034,0.58969,-0.12042,0.30762,5.7
0.44,0.6435,0.52579,-0.34038,0.58955,-0.12016,0.30754,5.8
0.44061,0.6434,0.52557,-0.34011,0.58937,-0.12028,0.30737,5.9
0.44088,0.64331,0.52547,-0.34008,0.58922,-0.1201,0.30728,6
0.44059,0.64378,0.52524,-0.33994,0.58898,-0.12009,0.30741,6.1
0.44066,0.64328,0.52553,-0.34034,0.58905,-0.11974,0.30728,6.2
0.44028,0.64271,0.52604,-0.34112,0.58915,-0.11918,0.30747,6.3
0.44046,0.64174,0.527,-0.34124,0.5894,-0.11965,0.30738,6.4
0.44023,0.64147,0.52716,-0.34179,0.58955,-0.11933,0.30731,6.5
0.43999,0.64085,0.52801,-0.34195,0.58973,-0.11912,0.30716,6.6
0.43959,0.64054,0.52856,-0.34219,0.58987,-0.11879,0.30687,6.7
0.44,0.64052,0.5288,-0.34132,0.58988,-0.12,0.30653,6.8
0.44022,0.63995,0.52936,-0.34126,0.58994,-0.11976,0.30633,6.9
0.44033,0.63976,0.52958,-0.34111,0.58987,-0.11974,0.30626,7
0.44019,0.63948,0.52998,-0.3412,0.58988,-0.11953,0.30631,7.1
0.43963,0.63983,0.52996,-0.3413,0.58986,-0.1196,0.3064,7.2
0.44037,0.63894,0.53067,-0.34092,0.59016,-0.12001,0.30581,7.3
0.43978,0.63845,0.5315,-0.34131,0.59045,-0.1192,0.30553,7.4
0.43992,0.63812,0.53197,-0.34101,0.59063,-0.11952,0.30524,7.5
0.43953,0.63819,0.53215,-0.34109,0.59091,-0.11945,0.30504,7.6
0.43915,0.63816,0.53265,-0.34085,0.59114,-0.1199,0.30489,7.7
0.439,0.63787,0.53299,-0.34106,0.59141,-0.11958,0.3047,7.8
0.43876,0.63788,0.53281,-0.34163,0.59176,-0.11944,0.30424,7.9
0.4382,0.63812,0.53306,-0.34151,0.59169,-0.11937,0.30452,8
0.43779,0.6381,0.53317,-0.34191,0.59169,-0.11884,0.30457,8.1
0.43817,0.63805,0.53319,-0.34148,0.59159,-0.11923,0.30443,8.2
0.43854,0.63806,0.5329,-0.34144,0.59164,-0.11928,0.30395,8.3
0.43816,0.63847,0.53271,-0.34146,0.59134,-0.11865,0.30415,8.4
0.43863,0.63784,0.53297,-0.34164,0.59155,-0.11805,0.30333,8.5
0.43861,0.63767,0.53442,-0.3397,0.59083,-0.11831,0.3042,8.6
0.43858,0.63795,0.53304,-0.34138,0.59132,-0.11749,0.30318,8.7
0.43862,0.63798,0.5331,-0.34117,0.59128,-0.1176,0.30301,8.8
0.43837,0.6378,0.53348,-0.34123,0.59118,-0.11719,0.30298,8.9
0.43751,0.63798,0.5335,-0.34197,0.59129,-0.1162,0.3028,9
0.43765,0.63768,0.53403,-0.34153,0.59135,-0.11628,0.30237,9.1
0.43732,0.63739,0.53469,-0.34146,0.59132,-0.11588,0.30247,9.2
0.43719,0.63724,0.53481,-0.34172,0.59127,-0.11536,0.30248,9.3
0.43735,0.63725,0.53469,-0.34169,0.59127,-0.1156,0.30247,9.4
0.43746,0.63716,0.53481,-0.34151,0.59129,-0.11585,0.30261,9.5
0.43715,0.63698,0.53505,-0.34188,0.59136,-0.11539,0.30275,9.6
0.43705,0.63675,0.53505,-0.34242,0.59158,-0.11501,0.30264,9.7
0.43722,0.63648,0.53547,-0.34206,0.59165,-0.11537,0.30277,9.8
0.43643,0.63678,0.53522,-0.34291,0.59182,-0.1142,0.30296,9.9
0.43627,0.63648,0.53553,-0.34317,0.59213,-0.11385,0.3028,10
0.43625,0.63616,0.53601,-0.34304,0.59225,-0.11364,0.30278,10.1
0.43609,0.63596,0.53626,-0.34322,0.59243,-0.11341,0.30278,10.2
0.43617,0.63554,0.53653,-0.34348,0.59262,-0.11307,0.30262,10.3
0.43573,0.63563,0.53666,-0.34369,0.59278,-0.11297,0.30258,10.4
0.43555,0.63529,0.53713,-0.34379,0.59298,-0.11269,0.30223,10.5
0.43488,0.63537,0.53797,-0.34317,0.59279,-0.11312,0.3024,10.6
0.4342,0.63527,0.53842,-0.34352,0.59292,-0.11239,0.30244,10.7
0.43436,0.63521,0.53834,-0.34355,0.59304,-0.11268,0.30212,10.8
0.43488,0.63472,0.53848,-0.34359,0.59334,-0.11283,0.30147,10.9
0.43428,0.63427,0.5395,-0.34356,0.59337,-0.1119,0.30181,11
0.43501,0.63371,0.53963,-0.34349,0.59332,-0.11214,0.30195,11.1
0.43509,0.63329,0.53955,-0.34426,0.59366,-0.11179,0.30154,11.2
0.43549,0.63278,0.54015,-0.34378,0.59358,-0.11168,0.30158,11.3
0.43573,0.63271,0.54022,-0.34349,0.59351,-0.11115,0.30151,11.4
0.43606,0.63269,0.54021,-0.34312,0.59341,-0.11098,0.30139,11.5
0.43612,0.63286,0.53979,-0.34339,0.59339,-0.11028,0.30114,11.6
0.436,0.63351,0.53918,-0.34329,0.59308,-0.10997,0.30131,11.7
0.43595,0.63374,0.53874,-0.34363,0.59303,-0.10938,0.30133,11.8
0.43582,0.63356,0.53888,-0.3439,0.59301,-0.10873,0.30145,11.9
0.436,0.63368,0.53865,-0.34382,0.59305,-0.10871,0.30138,12
0.43589,0.63363,0.53864,-0.34406,0.5932,-0.1083,0.30132,12.1
0.43574,0.63336,0.53905,-0.34412,0.59338,-0.1081,0.30129,12.2
0.43528,0.63342,0.53921,-0.34432,0.59366,-0.10789,0.30131,12.3
0.43532,0.63295,0.54005,-0.34382,0.59372,-0.10834,0.30154,12.4
0.43542,0.63281,0.5399,-0.3442,0.59408,-0.1086,0.30137,12.5
0.43479,0.63242,0.54041,-0.3449,0.59447,-0.10788,0.30138,12.6
0.43435,0.63251,0.54043,-0.34527,0.59478,-0.10797,0.30143,12.7
0.43399,0.63283,0.54005,-0.34573,0.59494,-0.10814,0.30157,12.8
0.43348,0.63288,0.54035,-0.3458,0.59492,-0.10791,0.30196,12.9
0.43461,0.63236,0.54042,-0.34522,0.59509,-0.10895,0.30136,13
0.43419,0.63253,0.54056,-0.34522,0.59499,-0.10859,0.30159,13.1
0.43407,0.63248,0.5406,-0.34539,0.59508,-0.10839,0.30123,13.2
0.43357,0.63257,0.54091,-0.34537,0.59503,-0.10793,0.30144,13.3
0.43335,0.63305,0.54039,-0.34559,0.59489,-0.10772,0.30145,13.4
0.43325,0.63301,0.54046,-0.34568,0.59503,-0.10746,0.30107,13.5
0.43302,0.6327,0.541,-0.3457,0.59497,-0.10689,0.30112,13.6
0.43284,0.63292,0.54093,-0.34562,0.59512,-0.107,0.30092,13.7
0.43284,0.63282,0.54115,-0.34546,0.59497,-0.10688,0.30113,13.8
0.43269,0.63271,0.541,-0.34609,0.59505,-0.10636,0.30084,13.9
0.43213,0.63277,0.54139,-0.34606,0.59494,-0.10589,0.30104,14
0.4321,0.63273,0.54149,-0.34603,0.59489,-0.10575,0.30089,14.1
0.43214,0.63254,0.54176,-0.34589,0.59483,-0.10575,0.30095,14.2
0.43197,0.63259,0.54168,-0.34615,0.59488,-0.1053,0.3011,14.3
0.4298,0.63299,0.54192,-0.34774,0.59488,-0.10307,0.30188,14.4
0.4313,0.63244,0.54201,-0.34674,0.59486,-0.10467,0.30195,14.5
0.43148,0.63232,0.54177,-0.34711,0.59509,-0.10497,0.30189,14.6
0.43119,0.6325,0.54158,-0.34744,0.59512,-0.10504,0.30221,14.7
0.43091,0.63234,0.54162,-0.34801,0.59535,-0.10449,0.3022,14.8
0.43078,0.63223,0.54188,-0.34797,0.59534,-0.10413,0.30238,14.9
0.43118,0.63153,0.54237,-0.34796,0.59567,-0.10431,0.30194,15
0.4315,0.63133,0.5424,-0.34791,0.59586,-0.10478,0.30173,15.1
0.43126,0.63119,0.54251,-0.34828,0.59612,-0.10463,0.30176,15.2
0.43063,0.6312,0.5426,-0.34889,0.59627,-0.104,0.30223,15.3
0.43098,0.63091,0.54271,-0.34882,0.59646,-0.1045,0.30225,15.4
0.43115,0.63045,0.54295,-0.34906,0.59681,-0.10436,0.30224,15.5
0.4311,0.63019,0.54268,-0.35002,0.59738,-0.1037,0.30181,15.6
0.431,0.63002,0.54332,-0.34944,0.59727,-0.10358,0.30234,15.7
0.43101,0.62995,0.54328,-0.34962,0.59741,-0.10333,0.3022,15.8
0.43133,0.62944,0.5436,-0.34966,0.59769,-0.1029,0.30177,15.9
0.43147,0.62919,0.54393,-0.34941,0.59768,-0.1026,0.30159,16
0.43155,0.6289,0.54427,-0.34933,0.59781,-0.10215,0.30129,16.1
0.4313,0.62876,0.54468,-0.34924,0.59791,-0.10158,0.3013,16.2
0.43155,0.62874,0.54451,-0.34923,0.59799,-0.10163,0.30129,16.3
0.43037,0.62889,0.54499,-0.34967,0.59782,-0.10026,0.30199,16.4
0.43113,0.62852,0.54471,-0.34982,0.59817,-0.10047,0.30167,16.5
0.43121,0.6284,0.54459,-0.35014,0.59859,-0.10046,0.30115,16.6
0.43053,0.6285,0.54489,-0.35033,0.59875,-0.10003,0.30128,16.7
0.43034,0.62797,0.54533,-0.35082,0.59885,-0.099309,0.30116,16.8
0.43041,0.62787,0.54563,-0.35045,0.59876,-0.099284,0.30135,16.9
0.43052,0.62793,0.54533,-0.35067,0.59883,-0.099427,0.30108,17
0.43,0.62834,0.54542,-0.35044,0.59892,-0.099845,0.30102,17.1
0.42942,0.62864,0.54545,-0.35057,0.59908,-0.10021,0.30099,17.2
0.42904,0.62802,0.54626,-0.35088,0.59949,-0.099947,0.3007,17.3
0.4285,0.62748,0.54712,-0.35115,0.59988,-0.099353,0.30052,17.4
0.42876,0.62669,0.54775,-0.35127,0.60057,-0.099815,0.29997,17.5
0.42869,0.62609,0.54821,-0.35171,0.60091,-0.099269,0.29967,17.6
0.4287,0.62582,0.54854,-0.35166,0.60109,-0.099105,0.29977,17.7
0.42902,0.62565,0.54846,-0.3517,0.60121,-0.099219,0.29971,17.8
0.42886,0.62544,0.54867,-0.35196,0.60135,-0.098818,0.29974,17.9
0.4287,0.6255,0.54847,-0.35235,0.6014,-0.09839,0.29976,18
0.42844,0.62559,0.54852,-0.35243,0.60134,-0.098198,0.2999,18.1
0.42847,0.62483,0.54903,-0.35293,0.60142,-0.097682,0.29994,18.2
0.42832,0.62448,0.54918,-0.35351,0.60147,-0.096881,0.29972,18.3
0.42829,0.62456,0.54923,-0.35333,0.60147,-0.096785,0.29955,18.4
0.42831,0.62447,0.54934,-0.35327,0.60143,-0.096764,0.29953,18.5
0.42852,0.62452,0.54889,-0.35364,0.6015,-0.096661,0.29913,18.6
0.42888,0.62427,0.54917,-0.3532,0.6014,-0.09681,0.29895,18.7
0.42897,0.62438,0.54896,-0.35325,0.60138,-0.096588,0.29896,18.8
0.42843,0.62438,0.54907,-0.35372,0.60136,-0.095688,0.29889,18.9
0.42785,0.62444,0.54917,-0.35415,0.60131,-0.095186,0.29901,19
0.42778,0.62401,0.54925,-0.35487,0.6014,-0.094898,0.2987,19.1
0.42768,0.62376,0.54961,-0.35488,0.60134,-0.09469,0.29846,19.2
0.42802,0.6231,0.55038,-0.35445,0.60129,-0.094455,0.29817,19.3
0.42776,0.62308,0.55032,-0.35488,0.60116,-0.093583,0.2981,19.4
0.4281,0.62322,0.55006,-0.35462,0.60101,-0.093644,0.29799,19.5
0.42839,0.62341,0.54959,-0.35466,0.60082,-0.093698,0.29796,19.6
0.42718,0.62374,0.54955,-0.35561,0.60058,-0.092035,0.29842,19.7
0.42743,0.62339,0.54954,-0.35594,0.60077,-0.091883,0.29793,19.8
0.42691,0.62361,0.54973,-0.35589,0.60055,-0.09158,0.29824,19.9
0.42631,0.62356,0.54981,-0.35657,0.60044,-0.090865,0.29828,20
0.42632,0.62365,0.54963,-0.35669,0.60043,-0.090971,0.29823,20.1
0.42668,0.62368,0.54926,-0.35677,0.60035,-0.090499,0.29794,20.2
0.42652,0.6237,0.54933,-0.35682,0.60014,-0.089882,0.29801,20.3
0.42621,0.62392,0.54917,-0.35704,0.59994,-0.088939,0.29802,20.4
0.42643,0.62412,0.54885,-0.35693,0.59974,-0.088691,0.29787,20.5
0.42636,0.62435,0.54862,-0.35697,0.59959,-0.088114,0.29781,20.6
0.42663,0.624,0.54883,-0.35693,0.59933,-0.087381,0.29791,20.7
0.42673,0.62423,0.54844,-0.35702,0.59908,-0.087024,0.29799,20.8
0.4265,0.62415,0.54849,-0.35736,0.59898,-0.086047,0.29794,20.9
0.42595,0.62445,0.5485,-0.35745,0.59884,-0.085632,0.2981,21
0.42599,0.6241,0.549,-0.35724,0.59864,-0.085098,0.29827,21.1
0.4263,0.62417,0.54849,-0.35754,0.59863,-0.085171,0.29808,21.2
0.4265,0.62396,0.54834,-0.35789,0.5986,-0.084857,0.29816,21.3
0.42676,0.62349,0.54824,-0.35856,0.59878,-0.085177,0.29804,21.4
0.4266,0.62316,0.54851,-0.35892,0.59882,-0.084521,0.29816,21.5
0.42616,0.62306,0.54845,-0.3597,0.59894,-0.083565,0.29821,21.6
0.42635,0.62295,0.54823,-0.36,0.59903,-0.083616,0.29799,21.7
0.42627,0.62257,0.54885,-0.35981,0.59895,-0.083389,0.29797,21.8
0.42636,0.6218,0.54969,-0.35976,0.59886,-0.083021,0.29783,21.9
0.42629,0.62183,0.54966,-0.35983,0.59889,-0.082707,0.29756,22
0.42646,0.62154,0.54997,-0.35966,0.59875,-0.082588,0.29755,22.1
0.42601,0.62161,0.54986,-0.36024,0.59877,-0.08194,0.29761,22.2
0.42595,0.62139,0.54987,-0.36069,0.59889,-0.081545,0.29751,22.3
0.42599,0.62141,0.54976,-0.36075,0.59894,-0.08148,0.29737,22.4
0.42624,0.62131,0.55002,-0.36024,0.59882,-0.08175,0.29752,22.5
0.42601,0.62125,0.55028,-0.36022,0.5986,-0.080995,0.29767,22.6
0.42698,0.62048,0.55049,-0.36007,0.59879,-0.081185,0.29713,22.7
0.42733,0.62,0.55069,-0.36019,0.59874,-0.080868,0.29706,22.8
0.42841,0.61911,0.551,-0.35996,0.59864,-0.081007,0.29681,22.9
0.42887,0.61897,0.55079,-0.35998,0.59855,-0.080992,0.29678,23
0.42926,0.61877,0.55066,-0.36004,0.5985,-0.080904,0.29663,23.1
0.42924,0.61849,0.55095,-0.3601,0.5985,-0.08073,0.29652,23.2
0.42964,0.61814,0.55131,-0.35968,0.59833,-0.080558,0.29666,23.3
0.42965,0.61774,0.55168,-0.35979,0.5982,-0.079989,0.29666,23.4
0.4294,0.61732,0.55194,-0.36041,0.59824,-0.079778,0.29678,23.5
0.43,0.61606,0.55264,-0.36078,0.59846,-0.079785,0.29656,23.6
0.43004,0.61548,0.553,-0.36117,0.59859,-0.079232,0.29654,23.7
0.43013,0.61509,0.55347,-0.361,0.59854,-0.079425,0.29678,23.8
0.43072,0.61428,0.55381,-0.36115,0.59869,-0.079169,0.29664,23.9
0.43123,0.61368,0.55403,-0.36123,0.59881,-0.078712,0.29636,24
0.43174,0.61349,0.55411,-0.36082,0.59861,-0.079004,0.2962,24.1
0.43115,0.61365,0.55382,-0.36171,0.59858,-0.078235,0.29579,24.2
0.43116,0.61317,0.55507,-0.36058,0.59804,-0.07849,0.29615,24.3
0.43133,0.61337,0.55454,-0.36086,0.59804,-0.078489,0.29531,24.4
0.43129,0.61334,0.55479,-0.36057,0.59788,-0.078307,0.29494,24.5
0.43096,0.61336,0.55509,-0.36046,0.59759,-0.078109,0.29475,24.6
0.431,0.61312,0.55551,-0.36018,0.5974,-0.07784,0.29469,24.7
0.43057,0.61312,0.55579,-0.36027,0.59722,-0.077034,0.2949,24.8
0.43063,0.61315,0.55574,-0.36022,0.59711,-0.07694,0.29483,24.9
0.43004,0.61336,0.55577,-0.36052,0.59699,-0.076379,0.295,25
0.4303,0.61287,0.55602,-0.36066,0.59698,-0.076039,0.29459,25.1
0.42968,0.61318,0.55611,-0.36072,0.59681,-0.075585,0.29425,25.2
0.43014,0.61292,0.5565,-0.36002,0.59676,-0.0757,0.2939,25.3
0.43025,0.6126,0.55697,-0.35971,0.5966,-0.075303,0.29347,25.4
0.43018,0.61249,0.55737,-0.35936,0.59646,-0.075146,0.29303,25.5
0.42956,0.61279,0.55759,-0.35925,0.59608,-0.074844,0.29312,25.6
0.42965,0.61273,0.55759,-0.35924,0.59602,-0.074841,0.29275,25.7
0.42941,0.61248,0.55809,-0.35919,0.59597,-0.074149,0.29228,25.8
0.42861,0.61278,0.55843,-0.35909,0.59572,-0.07345,0.29229,25.9
0.42853,0.61257,0.55887,-0.35886,0.59549,-0.073181,0.29219,26
0.42844,0.61246,0.55895,-0.35904,0.59535,-0.072962,0.29177,26.1
0.42853,0.61244,0.55886,-0.3591,0.5952,-0.072821,0.29141,26.2
0.42869,0.61213,0.55914,-0.359,0.59499,-0.072935,0.29134,26.3
0.42938,0.61114,0.56,-0.35853,0.59492,-0.072964,0.29089,26.4
0.42894,0.61121,0.56025,-0.35855,0.59465,-0.072482,0.29094,26.5
0.42929,0.61132,0.55975,-0.35872,0.59451,-0.072591,0.29036,26.6
0.42915,0.61089,0.56058,-0.3583,0.59413,-0.071977,0.29028,26.7
0.42882,0.61079,0.56072,-0.35867,0.59411,-0.071305,0.28973,26.8
0.4284,0.61101,0.56102,-0.35832,0.59388,-0.07123,0.28947,26.9
0.4287,0.61094,0.56125,-0.35773,0.5937,-0.071653,0.28908,27
0.42898,0.61061,0.56169,-0.35726,0.59346,-0.071379,0.28876,27.1
0.42878,0.61059,0.56159,-0.35769,0.59336,-0.070603,0.28861,27.2
0.42827,0.61026,0.56186,-0.35845,0.59328,-0.069559,0.28864,27.3
0.42841,0.60997,0.56224,-0.35818,0.59313,-0.06964,0.28881,27.4
0.42811,0.61001,0.56206,-0.35875,0.59323,-0.06881,0.28871,27.5
0.42829,0.61013,0.56198,-0.35845,0.59314,-0.069037,0.28852,27.6
0.42861,0.61024,0.56176,-0.35822,0.59316,-0.069313,0.28829,27.7
0.42901,0.60984,0.56193,-0.35817,0.5932,-0.069062,0.28797,27.8
0.42874,0.61002,0.56204,-0.35801,0.59301,-0.06865,0.28808,27.9
0.42893,0.60967,0.56231,-0.35795,0.59294,-0.068388,0.28794,28
0.42885,0.60969,0.56241,-0.35785,0.59287,-0.068159,0.28799,28.1
0.42907,0.60996,0.562,-0.35779,0.59285,-0.068114,0.28783,28.2
0.42908,0.60968,0.56218,-0.35797,0.59279,-0.067096,0.28786,28.3
0.42944,0.60918,0.56209,-0.35852,0.59287,-0.066351,0.28724,28.4
0.42922,0.60899,0.56258,-0.35834,0.59269,-0.065681,0.28728,28.5
0.42911,0.60929,0.56218,-0.35859,0.59276,-0.065609,0.28685,28.6
0.42878,0.60982,0.56203,-0.35831,0.59259,-0.065819,0.28691,28.7
0.42891,0.60991,0.56211,-0.35787,0.59261,-0.065988,0.28659,28.8
0.42845,0.61021,0.56219,-0.3578,0.59257,-0.065466,0.28657,28.9
0.42835,0.61003,0.5624,-0.35789,0.59255,-0.064977,0.2862,29
0.42811,0.61012,0.56252,-0.35785,0.59231,-0.064511,0.28604,29.1
0.42806,0.61018,0.56248,-0.35786,0.59216,-0.064239,0.28571,29.2
0.42816,0.61005,0.56257,-0.35782,0.59199,-0.06383,0.28551,29.3
0.42869,0.60983,0.56255,-0.35759,0.5919,-0.063727,0.28509,29.4
0.42838,0.60993,0.56266,-0.35762,0.59183,-0.06288,0.28469,29.5
0.42875,0.61001,0.56265,-0.35705,0.59171,-0.062469,0.28437,29.6
0.42855,0.61009,0.56262,-0.3572,0.59151,-0.061816,0.28432,29.7
0.42863,0.61052,0.56217,-0.35709,0.59143,-0.062206,0.28421,29.8
0.42836,0.61057,0.56218,-0.3573,0.59131,-0.061559,0.28424,29.9
0.42838,0.61091,0.56188,-0.35717,0.59119,-0.061441,0.28423,30
0.4282,0.61124,0.56152,-0.35738,0.59115,-0.061216,0.28408,30.1
0.42817,0.61093,0.56189,-0.35737,0.59103,-0.061006,0.2841,30.2
0.42804,0.61059,0.56216,-0.3577,0.59092,-0.060195,0.28427,30.3
0.42839,0.61039,0.56194,-0.35795,0.591,-0.060108,0.28403,30.4
0.42863,0.6102,0.56193,-0.35801,0.59101,-0.059844,0.28418,30.5
0.42855,0.61041,0.56139,-0.35859,0.59092,-0.059738,0.28453,30.6
0.42945,0.6097,0.5612,-0.35901,0.59096,-0.059893,0.28434,30.7
0.42956,0.60968,0.56106,-0.35915,0.59087,-0.059956,0.2845,30.8
0.42969,0.60974,0.56059,-0.3596,0.59089,-0.059933,0.28452,30.9
0.42981,0.60966,0.56054,-0.35968,0.59078,-0.0598,0.28474,31
0.43028,0.60939,0.5603,-0.35995,0.59097,-0.059572,0.28447,31.1
0.42993,0.60946,0.56027,-0.3603,0.59091,-0.058494,0.28458,31.2
0.43047,0.60942,0.56006,-0.36004,0.59109,-0.058713,0.28409,31.3
0.4293,0.61005,0.56042,-0.35981,0.59084,-0.057874,0.28434,31.4
0.4297,0.60997,0.56076,-0.35894,0.59106,-0.058175,0.28409,31.5
0.42959,0.60997,0.56074,-0.35911,0.59114,-0.058029,0.28371,31.6
0.42861,0.60983,0.56182,-0.35882,0.59083,-0.057665,0.28418,31.7
0.42834,0.60964,0.56191,-0.35934,0.59101,-0.056756,0.28423,31.8
0.42915,0.60892,0.56186,-0.35967,0.59114,-0.05691,0.28392,31.9
0.42944,0.60825,0.56195,-0.3603,0.59128,-0.056635,0.2836,32
0.43021,0.60769,0.5623,-0.35979,0.59135,-0.057104,0.28314,32.1
0.43055,0.60726,0.56314,-0.35879,0.59112,-0.057666,0.28339,32.2
0.43017,0.60727,0.56311,-0.35929,0.59139,-0.056698,0.28328,32.3
0.42984,0.60757,0.56314,-0.35912,0.5914,-0.056938,0.28352,32.4
0.42949,0.60751,0.56349,-0.3591,0.59146,-0.056623,0.28372,32.5
0.42916,0.60732,0.56373,-0.35944,0.59165,-0.056135,0.28364,32.6
0.42871,0.60747,0.5639,-0.35944,0.5918,-0.056092,0.28341,32.7
0.42851,0.60729,0.56449,-0.35906,0.59196,-0.056376,0.28299,32.8
0.42787,0.60727,0.56516,-0.35881,0.59194,-0.055781,0.28302,32.9
0.42822,0.60728,0.56544,-0.35794,0.59203,-0.056291,0.28294,33
0.42837,0.60726,0.56555,-0.35762,0.59212,-0.056333,0.2831,33.1
0.42766,0.60722,0.56589,-0.358,0.59201,-0.055333,0.28353,33.2
0.42655,0.60801,0.56487,-0.35959,0.59212,-0.054051,0.28362,33.3
0.42922,0.60684,0.56514,-0.35795,0.5923,-0.056284,0.28333,33.4
0.42943,0.60612,0.56532,-0.35863,0.59223,-0.055342,0.28372,33.5
0.43071,0.60586,0.56471,-0.3585,0.59239,-0.056141,0.28351,33.6
0.43059,0.60575,0.56458,-0.35904,0.59247,-0.05557,0.28366,33.7
0.43066,0.60584,0.56409,-0.35958,0.59251,-0.055691,0.28357,33.8
0.43029,0.60579,0.56426,-0.35983,0.59248,-0.055459,0.28385,33.9
0.43037,0.60589,0.56398,-0.36001,0.59254,-0.055419,0.28393,34
0.43087,0.60572,0.56387,-0.35986,0.59252,-0.055522,0.28389,34.1
0.43055,0.60571,0.5638,-0.36037,0.59256,-0.054741,0.2838,34.2
0.43009,0.60608,0.56357,-0.36067,0.59246,-0.054647,0.28382,34.3
0.42999,0.60589,0.56385,-0.36066,0.59238,-0.054664,0.28365,34.4
0.43009,0.6055,0.56425,-0.36058,0.5924,-0.054411,0.28344,34.5
0.42996,0.60576,0.56422,-0.36034,0.59226,-0.053857,0.28354,34.6
0.43005,0.6057,0.5642,-0.36037,0.59228,-0.053481,0.28336,34.7
0.43015,0.60578,0.56405,-0.36035,0.59223,-0.053411,0.28348,34.8
0.43042,0.60572,0.56395,-0.36029,0.59233,-0.053177,0.28344,34.9
0.43096,0.6055,0.56376,-0.36031,0.59243,-0.052994,0.28328,35
0.43134,0.6054,0.56365,-0.36018,0.59252,-0.052915,0.28319,35.1
0.43128,0.60546,0.56351,-0.36038,0.59269,-0.052614,0.28306,35.2
0.43065,0.60591,0.56344,-0.36048,0.59272,-0.05229,0.2832,35.3
0.43047,0.60606,0.56365,-0.36011,0.59267,-0.051942,0.28342,35.4
0.43009,0.60615,0.5638,-0.36019,0.59263,-0.051234,0.28362,35.5
0.43045,0.6061,0.56352,-0.36028,0.59272,-0.051325,0.28357,35.6
0.43069,0.60589,0.56348,-0.3604,0.59284,-0.050786,0.2835,35.7
0.43098,0.60611,0.56302,-0.36041,0.59284,-0.051009,0.28351,35.8
0.43107,0.60625,0.56286,-0.36031,0.59282,-0.051017,0.28357,35.9
0.43129,0.60577,0.56319,-0.36034,0.59286,-0.050663,0.2836,36
0.43143,0.60557,0.56327,-0.36038,0.593,-0.050271,0.28337,36.1
0.43132,0.60584,0.56325,-0.36011,0.59299,-0.050314,0.28346,36.2
0.43095,0.60577,0.56354,-0.36021,0.59302,-0.049687,0.28359,36.3
0.43104,0.60582,0.56357,-0.35995,0.59312,-0.049952,0.28347,36.4
0.43096,0.60538,0.56402,-0.3601,0.59336,-0.048528,0.28356,36.5
0.43153,0.60515,0.56416,-0.35958,0.59296,-0.049635,0.28378,36.6
0.43216,0.60488,0.5639,-0.3597,0.59308,-0.049817,0.28325,36.7
0.43113,0.60541,0.56381,-0.36018,0.59311,-0.049174,0.28316,36.8
0.43047,0.60548,0.56422,-0.3602,0.59314,-0.048705,0.28312,36.9
0.43024,0.60592,0.56408,-0.35996,0.59325,-0.048905,0.28292,37
0.43021,0.60608,0.56417,-0.35959,0.59313,-0.048743,0.28283,37.1
0.43052,0.60594,0.56435,-0.35916,0.59294,-0.048681,0.2826,37.2
0.43045,0.6063,0.56395,-0.35925,0.5928,-0.04885,0.28238,37.3
0.43018,0.60644,0.56395,-0.35936,0.59264,-0.048402,0.28246,37.4
0.43041,0.60591,0.56411,-0.35972,0.59279,-0.047501,0.28215,37.5
0.43103,0.60551,0.56416,-0.35958,0.59284,-0.047669,0.28197,37.6
0.43126,0.60531,0.56409,-0.35974,0.59297,-0.047463,0.28154,37.7
0.43108,0.60521,0.5643,-0.3598,0.59291,-0.047448,0.28133,37.8
0.43069,0.6052,0.56459,-0.35982,0.59291,-0.047298,0.28127,37.9
0.4306,0.60511,0.56487,-0.35966,0.59294,-0.047211,0.28119,38
0.43087,0.60494,0.56513,-0.3592,0.59294,-0.047471,0.28106,38.1
0.43078,0.60467,0.56543,-0.35928,0.59292,-0.047237,0.28107,38.2
0.43064,0.6046,0.56557,-0.35937,0.59284,-0.047182,0.28117,38.3
0.43064,0.60433,0.56551,-0.35992,0.59293,-0.047009,0.28102,38.4
0.43098,0.60397,0.56552,-0.36009,0.59294,-0.046896,0.28077,38.5
0.43049,0.60409,0.56551,-0.36048,0.59309,-0.045715,0.28081,38.6
0.43064,0.60408,0.56554,-0.36028,0.59291,-0.046576,0.28082,38.7
0.43079,0.60375,0.56587,-0.36014,0.59285,-0.046675,0.28094,38.8
0.43037,0.60397,0.56585,-0.3603,0.59283,-0.046334,0.28096,38.9
0.43025,0.60393,0.56604,-0.36021,0.59283,-0.046288,0.28098,39
0.42992,0.60399,0.56613,-0.36037,0.59281,-0.045731,0.2811,39.1
0.43006,0.60409,0.56596,-0.3603,0.59266,-0.046043,0.28127,39.2
0.43013,0.604,0.56595,-0.36038,0.59263,-0.046128,0.28125,39.3
0.43003,0.60373,0.56621,-0.36053,0.59258,-0.045894,0.28128,39.4
0.42995,0.60365,0.56602,-0.36107,0.5927,-0.0458,0.28104,39.5
0.42953,0.60345,0.56618,-0.36165,0.59274,-0.045339,0.28098,39.6
0.42912,0.60301,0.56639,-0.36255,0.593,-0.044558,0.28051,39.7
0.42874,0.60294,0.56683,-0.36241,0.59292,-0.04443,0.28058,39.8
0.42888,0.60302,0.56658,-0.36253,0.59313,-0.044451,0.28003,39.9
0.42803,0.60313,0.56716,-0.36242,0.59293,-0.044041,0.28023,40
0.42727,0.60373,0.56689,-0.36274,0.59297,-0.044048,0.28035,40.1
0.42669,0.604,0.56679,-0.36314,0.59304,-0.043693,0.28035,40.2
0.4267,0.6041,0.56664,-0.3632,0.59309,-0.043746,0.28036,40.3
0.42642,0.60403,0.56664,-0.36363,0.59303,-0.043362,0.28049,40.4
0.42688,0.60368,0.56648,-0.36393,0.59327,-0.043552,0.27992,40.5
0.42671,0.60338,0.56694,-0.36392,0.59334,-0.043276,0.27978,40.6
0.42652,0.60335,0.56712,-0.3639,0.59346,-0.043273,0.27951,40.7
0.42635,0.60312,0.56765,-0.36365,0.59336,-0.04305,0.27983,40.8
0.42646,0.60243,0.56817,-0.36386,0.59334,-0.042473,0.28,40.9
0.42712,0.60183,0.56854,-0.36349,0.59338,-0.042563,0.28004,41
0.4273,0.60136,0.56886,-0.36358,0.59342,-0.041738,0.28015,41.1
0.42739,0.60087,0.56929,-0.36358,0.59335,-0.041539,0.28041,41.2
0.42716,0.60059,0.56946,-0.36407,0.59329,-0.040837,0.28077,41.3
0.42808,0.60033,0.56929,-0.36368,0.59337,-0.041238,0.2809,41.4
0.42863,0.59981,0.56938,-0.36373,0.59339,-0.040915,0.28115,41.5
0.42908,0.59926,0.56953,-0.36388,0.59331,-0.040803,0.28155,41.6
0.42912,0.59899,0.56945,-0.3644,0.59329,-0.040415,0.28178,41.7
0.4287,0.59925,0.56919,-0.36489,0.59314,-0.03999,0.28224,41.8
0.42893,0.59905,0.56897,-0.36528,0.59321,-0.03977,0.282,41.9
0.42867,0.59894,0.56919,-0.36544,0.59315,-0.039233,0.28209,42
0.42798,0.59914,0.56923,-0.36584,0.59295,-0.039002,0.28237,42.1
0.42811,0.59829,0.57004,-0.36582,0.59282,-0.038507,0.28252,42.2
0.42812,0.59763,0.57035,-0.3664,0.59281,-0.038149,0.28244,42.3
0.42792,0.59684,0.57108,-0.36679,0.59274,-0.037729,0.28229,42.4
0.42805,0.5962,0.57167,-0.36676,0.59268,-0.037865,0.28184,42.5
0.4276,0.59601,0.57229,-0.36662,0.59256,-0.037349,0.28154,42.6
0.42736,0.59553,0.57313,-0.36637,0.59244,-0.036866,0.28116,42.7
0.42691,0.59555,0.5739,-0.36564,0.59207,-0.036808,0.28146,42.8
0.42696,0.59538,0.57415,-0.36548,0.59199,-0.036503,0.28157,42.9
0.42737,0.59453,0.57443,-0.36595,0.59206,-0.036066,0.28126,43
0.42774,0.59435,0.5744,-0.36585,0.59209,-0.036342,0.28098,43.1
0.42752,0.59411,0.57497,-0.3656,0.59179,-0.036193,0.28105,43.2
0.42749,0.59359,0.57582,-0.36515,0.5916,-0.036045,0.28118,43.3
0.4269,0.59364,0.57582,-0.36576,0.59167,-0.035291,0.28087,43.4
0.42743,0.59334,0.57601,-0.36533,0.5916,-0.035874,0.28053,43.5
0.42698,0.59329,0.57629,-0.3655,0.59139,-0.035491,0.28066,43.6
0.42705,0.59309,0.57644,-0.3655,0.59136,-0.035534,0.28045,43.7
0.42586,0.59295,0.57718,-0.36596,0.59108,-0.03464,0.28075,43.8
0.42572,0.59259,0.57762,-0.36601,0.59106,-0.034821,0.28057,43.9
0.42543,0.59248,0.57799,-0.36593,0.59102,-0.034734,0.28057,44
0.42463,0.59235,0.57852,-0.36624,0.59078,-0.034022,0.28092,44.1
0.42444,0.59232,0.5786,-0.36638,0.59077,-0.034244,0.28093,44.2
0.42402,0.5924,0.57878,-0.36645,0.59071,-0.03431,0.28116,44.3
0.42348,0.59261,0.57867,-0.3669,0.59066,-0.033988,0.28137,44.4
0.42336,0.59236,0.57863,-0.36752,0.59076,-0.033292,0.28113,44.5
0.42359,0.59224,0.579,-0.36685,0.59065,-0.033536,0.28114,44.6
0.42343,0.592,0.57938,-0.36683,0.59069,-0.033203,0.28096,44.7
0.42305,0.5917,0.57991,-0.36692,0.59074,-0.033015,0.28056,44.8
0.42239,0.5917,0.58065,-0.36651,0.5906,-0.033325,0.28062,44.9
0.42121,0.59179,0.58104,-0.3671,0.59036,-0.032726,0.28097,45
0.42122,0.59176,0.58057,-0.36789,0.59048,-0.032683,0.28066,45.1
0.42062,0.59192,0.58023,-0.36883,0.59052,-0.032431,0.28037,45.2
0.42014,0.59197,0.58037,-0.36908,0.59049,-0.03247,0.28014,45.3
0.41948,0.59198,0.58092,-0.36896,0.59025,-0.032315,0.2802,45.4
0.41942,0.59167,0.58155,-0.36853,0.58999,-0.032269,0.28047,45.5
0.41997,0.59137,0.5814,-0.36863,0.59015,-0.031926,0.28017,45.6
0.42053,0.59151,0.58118,-0.3681,0.59018,-0.031923,0.28,45.7
0.42088,0.59134,0.58155,-0.36739,0.59017,-0.031127,0.27992,45.8
0.42117,0.59124,0.58175,-0.3669,0.59013,-0.030578,0.27983,45.9
0.42051,0.59189,0.58136,-0.36723,0.5901,-0.029603,0.27972,46
0.42162,0.59126,0.58167,-0.36647,0.5902,-0.029951,0.27918,46.1
0.42171,0.59111,0.58206,-0.36599,0.59002,-0.029741,0.27927,46.2
0.42197,0.59064,0.58254,-0.3657,0.58983,-0.029461,0.27956,46.3
0.42196,0.58989,0.5829,-0.36635,0.58976,-0.028585,0.27987,46.4
0.42279,0.58905,0.58303,-0.36654,0.58972,-0.028666,0.28011,46.5
0.4232,0.5883,0.58335,-0.36674,0.5896,-0.028641,0.28033,46.6
0.42311,0.5881,0.58327,-0.3673,0.58959,-0.028382,0.2805,46.7
0.42336,0.58782,0.58304,-0.36781,0.58966,-0.028431,0.2802,46.8
0.42324,0.5879,0.58308,-0.36777,0.5896,-0.028272,0.28034,46.9
0.42336,0.58776,0.58309,-0.36785,0.58967,-0.027724,0.28007,47
0.43148,0.58325,0.58168,-0.36782,0.59278,-0.031564,0.27246,47.1
0.42352,0.58742,0.58368,-0.36727,0.58951,-0.027509,0.2802,47.2
0.42328,0.58748,0.58357,-0.36762,0.58947,-0.026695,0.2801,47.3
0.42343,0.58778,0.58334,-0.36734,0.58945,-0.026931,0.27997,47.4
0.42343,0.58777,0.58343,-0.36722,0.58945,-0.026626,0.27973,47.5
0.42317,0.58818,0.58335,-0.36696,0.58936,-0.026496,0.27979,47.6
0.42308,0.58842,0.58334,-0.36671,0.58931,-0.026345,0.27978,47.7
0.42251,0.58844,0.5836,-0.36693,0.5892,-0.026034,0.27974,47.8
0.42203,0.58816,0.58396,-0.36736,0.58918,-0.025459,0.27949,47.9
0.42185,0.58838,0.58373,-0.36759,0.58912,-0.025763,0.27916,48
0.42137,0.58854,0.58358,-0.36811,0.58904,-0.026083,0.27881,48.1
0.4197,0.58866,0.5841,-0.36898,0.58884,-0.025632,0.27885,48.2
0.41866,0.58817,0.5848,-0.36984,0.58875,-0.026272,0.27873,48.3
0.41813,0.58848,0.58486,-0.36986,0.58871,-0.026391,0.27877,48.4
0.41777,0.58841,0.58522,-0.36981,0.58868,-0.02606,0.2787,48.5
0.41835,0.58799,0.58554,-0.36931,0.58863,-0.026049,0.27854,48.6
0.41851,0.58776,0.58587,-0.36898,0.58857,-0.025986,0.27862,48.7
0.41876,0.58758,0.58589,-0.36894,0.58858,-0.025902,0.27844,48.8
0.41912,0.5872,0.58653,-0.36812,0.58845,-0.02585,0.27857,48.9
0.41917,0.58682,0.58678,-0.36828,0.58843,-0.02538,0.27864,49
0.41961,0.58649,0.58702,-0.36792,0.58832,-0.025245,0.27889,49.1
0.41996,0.58628,0.58683,-0.36814,0.58838,-0.025037,0.27892,49.2
0.42057,0.58596,0.58692,-0.36782,0.58844,-0.025026,0.27907,49.3
0.42083,0.58569,0.58705,-0.36777,0.58861,-0.024671,0.27903,49.4
0.42105,0.58573,0.58686,-0.36773,0.58871,-0.02478,0.27916,49.5
0.42141,0.58547,0.58704,-0.36745,0.58871,-0.024645,0.27928,49.6
0.4218,0.58508,0.58723,-0.36732,0.58872,-0.024447,0.27933,49.7
0.42172,0.58469,0.58733,-0.36787,0.58878,-0.023766,0.27924,49.8
0.42178,0.58464,0.58735,-0.36786,0.58875,-0.023736,0.27919,49.9
0.42189,0.58444,0.58741,-0.36794,0.58875,-0.023626,0.27925,50
0.42226,0.58388,0.58765,-0.36804,0.58883,-0.023418,0.27898,50.1
0.42205,0.58353,0.58806,-0.36818,0.58886,-0.023063,0.2789,50.2
0.42174,0.58325,0.58843,-0.36839,0.58884,-0.022907,0.27899,50.3
0.42164,0.58247,0.589,-0.36883,0.58888,-0.022775,0.27899,50.4
0.42093,0.58387,0.58801,-0.36901,0.58833,-0.023776,0.27956,50.5
0.42051,0.58213,0.58924,-0.37025,0.58884,-0.022253,0.27932,50.6
0.42088,0.58155,0.58939,-0.37051,0.58888,-0.022312,0.27907,50.7
0.42059,0.58098,0.58994,-0.37085,0.58886,-0.021794,0.27891,50.8
0.42031,0.58064,0.59058,-0.37069,0.5887,-0.021496,0.27917,50.9
0.4206,0.58022,0.59065,-0.3709,0.5887,-0.021252,0.27917,51
0.42063,0.57999,0.59059,-0.37132,0.58879,-0.020802,0.27904,51.1
0.42058,0.57967,0.59099,-0.37126,0.58878,-0.020681,0.27896,51.2
0.42025,0.57925,0.59168,-0.37119,0.58873,-0.020285,0.27881,51.3
0.41978,0.57918,0.59212,-0.37112,0.58858,-0.019918,0.27899,51.4
0.42022,0.57856,0.59234,-0.37122,0.58862,-0.019813,0.27873,51.5
0.41998,0.57843,0.59268,-0.37117,0.5885,-0.01949,0.27877,51.6
0.42014,0.57783,0.59304,-0.37136,0.58848,-0.019335,0.27861,51.7
0.41991,0.57756,0.59335,-0.37154,0.58847,-0.01896,0.27832,51.8
0.41956,0.57744,0.59397,-0.37113,0.58834,-0.01898,0.27856,51.9
0.41962,0.57704,0.59445,-0.3709,0.58827,-0.018833,0.2787,52
0.41907,0.57674,0.59467,-0.37165,0.58821,-0.018165,0.27895,52.1
0.41887,0.57642,0.5947,-0.37232,0.58813,-0.017864,0.27902,52.2
0.4192,0.57579,0.59498,-0.37246,0.58814,-0.017722,0.27906,52.3
0.41945,0.57525,0.59517,-0.37271,0.58809,-0.017563,0.27916,52.4
0.4198,0.57451,0.5954,-0.3731,0.58811,-0.017094,0.27904,52.5
0.41944,0.57448,0.59533,-0.37366,0.58805,-0.0165,0.27905,52.6
0.41959,0.57419,0.59545,-0.37376,0.58788,-0.016484,0.27902,52.7
0.41965,0.5733,0.59627,-0.37374,0.58765,-0.015891,0.27909,52.8
0.42004,0.57287,0.59619,-0.37409,0.5876,-0.015783,0.27897,52.9
0.42037,0.57226,0.59622,-0.37461,0.58757,-0.015462,0.27867,53
0.42046,0.57162,0.59676,-0.37462,0.5874,-0.015029,0.27856,53.1
0.42045,0.57095,0.59735,-0.37473,0.58735,-0.014494,0.27818,53.2
0.42002,0.57079,0.59774,-0.37481,0.58723,-0.013956,0.27799,53.3
0.41999,0.57061,0.59812,-0.37452,0.58709,-0.013679,0.27788,53.4
0.42042,0.56955,0.59915,-0.37402,0.58677,-0.013303,0.27799,53.5
0.42085,0.56984,0.59876,-0.3737,0.58674,-0.013383,0.27786,53.6
0.42102,0.56958,0.59891,-0.37367,0.58671,-0.012946,0.27772,53.7
0.42108,0.56949,0.59901,-0.37357,0.58661,-0.012742,0.27777,53.8
0.42141,0.56957,0.59875,-0.37349,0.58654,-0.012714,0.27776,53.9
0.42173,0.5691,0.59926,-0.37304,0.58634,-0.012536,0.27792,54
0.42207,0.56875,0.59908,-0.37347,0.58636,-0.012072,0.27764,54.1
0.42233,0.56834,0.59932,-0.37342,0.58624,-0.011855,0.27753,54.2
0.42199,0.56824,0.59938,-0.37386,0.58617,-0.011216,0.2772,54.3
0.42161,0.56803,0.59984,-0.37387,0.58592,-0.010781,0.2773,54.4
0.4218,0.5677,0.60013,-0.37367,0.58567,-0.010518,0.27766,54.5
0.42255,0.56741,0.59974,-0.3739,0.58562,-0.010475,0.27743,54.6
0.4226,0.56712,0.59965,-0.37445,0.58552,-0.0097655,0.27733,54.7
0.42288,0.56685,0.59955,-0.3747,0.58544,-0.0094924,0.27704,54.8
0.42209,0.56703,0.5998,-0.3749,0.5852,-0.0085594,0.27723,54.9
0.42214,0.56703,0.59983,-0.3748,0.58519,-0.0083507,0.2771,55
0.42215,0.56703,0.59989,-0.37471,0.58505,-0.0081972,0.27701,55.1
0.42155,0.56736,0.5998,-0.375,0.58493,-0.007661,0.27701,55.2
0.42188,0.56672,0.60036,-0.37471,0.58496,-0.0073653,0.27662,55.3
0.42154,0.56672,0.60071,-0.37455,0.58483,-0.0070596,0.27652,55.4
0.42106,0.56703,0.60061,-0.37477,0.58476,-0.0067782,0.2763,55.5
0.42061,0.56714,0.60079,-0.37483,0.58465,-0.0067528,0.27604,55.6
0.42011,0.56694,0.60137,-0.37476,0.58441,-0.0066008,0.27607,55.7
0.41981,0.56682,0.60158,-0.37493,0.58427,-0.0064827,0.27607,55.8
0.4203,0.56655,0.60165,-0.37468,0.58418,-0.0069905,0.27588,55.9
0.42069,0.56609,0.60202,-0.37435,0.58415,-0.007156,0.27564,56
0.42034,0.56572,0.60248,-0.37455,0.584,-0.0064571,0.27574,56.1
0.42034,0.56568,0.60266,-0.37433,0.58387,-0.0064783,0.27605,56.2
0.42059,0.56523,0.60279,-0.37451,0.58392,-0.0061112,0.27621,56.3
0.42068,0.56478,0.6028,-0.37508,0.58408,-0.0055757,0.27606,56.4
0.42069,0.56483,0.6026,-0.37531,0.58415,-0.0055267,0.27602,56.5
0.42074,0.56496,0.60234,-0.37548,0.58412,-0.0058911,0.27619,56.6
0.42073,0.56454,0.60254,-0.3758,0.58417,-0.0053575,0.27623,56.7
0.42098,0.56419,0.60246,-0.37617,0.58423,-0.0051618,0.27629,56.8
0.42093,0.56456,0.6021,-0.37626,0.58425,-0.0054215,0.27653,56.9
0.42064,0.56366,0.60269,-0.37698,0.58415,-0.0041733,0.27679,57
0.42138,0.56368,0.60202,-0.37719,0.58447,-0.0046809,0.27671,57.1
0.42175,0.56326,0.60221,-0.37712,0.58455,-0.0047648,0.27686,57.2
0.42181,0.56308,0.60247,-0.37688,0.58444,-0.0046951,0.27719,57.3
0.42162,0.56277,0.60247,-0.37756,0.58448,-0.0042564,0.27706,57.4
0.42155,0.56287,0.60226,-0.37783,0.58457,-0.0040791,0.27699,57.5
0.42173,0.56249,0.60254,-0.37774,0.5846,-0.0043726,0.27692,57.6
0.42124,0.56261,0.60233,-0.37845,0.5847,-0.0041029,0.27676,57.7
0.42152,0.56245,0.60263,-0.3779,0.58462,-0.0048468,0.27675,57.8
0.42112,0.56198,0.6033,-0.37797,0.58453,-0.0043464,0.27659,57.9
0.42057,0.56224,0.60331,-0.37817,0.58443,-0.0041598,0.27651,58
0.42041,0.56217,0.6036,-0.378,0.58431,-0.0041653,0.2764,58.1
0.42042,0.56196,0.60401,-0.37765,0.5843,-0.0042701,0.27619,58.2
0.42,0.56219,0.60411,-0.37762,0.5843,-0.0043363,0.2759,58.3
0.41937,0.56224,0.60448,-0.37765,0.58426,-0.0040707,0.2758,58.4
0.41933,0.5617,0.60488,-0.37786,0.58425,-0.0036837,0.2754,58.5
0.41948,0.56156,0.60516,-0.37744,0.58402,-0.0039958,0.27516,58.6
0.41931,0.56142,0.60544,-0.37739,0.58383,-0.0039562,0.27509,58.7
0.41897,0.56119,0.60552,-0.37799,0.58374,-0.0034717,0.27491,58.8
0.41864,0.56117,0.60558,-0.37828,0.58365,-0.0032699,0.27478,58.9
0.41826,0.56085,0.60579,-0.37884,0.5836,-0.0024441,0.27458,59
0.41812,0.56075,0.60595,-0.37889,0.58339,-0.0021708,0.27461,59.1
0.41835,0.56056,0.60584,-0.37909,0.58338,-0.0020229,0.27427,59.2
0.41822,0.56043,0.60599,-0.3792,0.58331,-0.0018233,0.27417,59.3
0.4181,0.56004,0.60623,-0.37952,0.58308,-0.0012444,0.27434,59.4
0.41821,0.55955,0.60648,-0.37971,0.58296,-0.0007821,0.27439,59.5
0.41837,0.55924,0.60655,-0.37988,0.58291,-0.00054116,0.27453,59.6
0.4181,0.55957,0.60599,-0.38059,0.58288,-0.00026455,0.27451,59.7
0.41813,0.559,0.60634,-0.38084,0.58283,0.00027648,0.27445,59.8
0.41858,0.55867,0.60622,-0.38101,0.58296,0.00014615,0.27412,59.9
0.41905,0.55844,0.60618,-0.38089,0.58287,-2.0713e-05,0.27406,60
0.41901,0.55816,0.60651,-0.38083,0.58277,0.00025258,0.274,60.1
0.4188,0.55802,0.60664,-0.38106,0.58266,0.00069435,0.27404,60.2
0.41871,0.55778,0.60682,-0.38123,0.58259,0.0010079,0.27399,60.3
0.4192,0.55748,0.60695,-0.38091,0.58256,0.00069897,0.27407,60.4
0.41969,0.55721,0.6067,-0.38118,0.5827,0.00071549,0.27361,60.5
0.41947,0.55718,0.60717,-0.38072,0.58246,0.0008258,0.27418,60.6
0.41953,0.55723,0.60701,-0.38083,0.58245,0.00097909,0.27414,60.7
0.41989,0.55669,0.60763,-0.38024,0.5823,0.0010005,0.27437,60.8
0.42003,0.5564,0.60767,-0.38044,0.58235,0.0012123,0.27423,60.9
0.41997,0.55627,0.60769,-0.38067,0.58223,0.0012078,0.27445,61
0.42013,0.55608,0.60768,-0.38079,0.58221,0.00099678,0.27467,61.1
0.42044,0.55567,0.6075,-0.38132,0.58234,0.00081927,0.27443,61.2
0.4203,0.55543,0.60775,-0.38142,0.58224,0.0010127,0.27461,61.3
0.42024,0.55497,0.60799,-0.38178,0.58212,0.0012263,0.27476,61.4
0.42014,0.55497,0.60783,-0.38215,0.58211,0.0013724,0.27472,61.5
0.42005,0.55489,0.60783,-0.38235,0.58219,0.0012318,0.27464,61.6
0.41904,0.5555,0.6075,-0.38311,0.58204,0.001628,0.27471,61.7
0.4195,0.55491,0.60817,-0.38239,0.58197,0.0011573,0.27452,61.8
0.41904,0.55502,0.60837,-0.38243,0.58181,0.0014815,0.27449,61.9
0.41891,0.55512,0.60834,-0.38247,0.58175,0.0013734,0.27433,62
0.41895,0.55511,0.6082,-0.38266,0.58196,0.0015837,0.27364,62.1
0.41844,0.55527,0.60869,-0.3822,0.58154,0.0020611,0.27413,62.2
0.4183,0.55506,0.60892,-0.3823,0.58139,0.0026963,0.27401,62.3
0.41801,0.55535,0.6088,-0.38237,0.58123,0.003069,0.27401,62.4
0.41808,0.55539,0.60882,-0.38221,0.58111,0.0032373,0.27384,62.5
0.41779,0.5556,0.60903,-0.38189,0.58079,0.0036851,0.27408,62.6
0.41792,0.5552,0.60926,-0.38196,0.5806,0.0042584,0.27416,62.7
0.41794,0.55481,0.60956,-0.38202,0.58031,0.0049312,0.27446,62.8
0.41831,0.5545,0.60937,-0.38238,0.58015,0.0051546,0.2744,62.9
0.41843,0.55443,0.60922,-0.38259,0.58002,0.0052873,0.2744,63
0.41823,0.5543,0.60947,-0.38258,0.57979,0.0059358,0.27454,63.1
0.4183,0.55435,0.60922,-0.38285,0.57973,0.0062822,0.27429,63.2
0.41811,0.55463,0.6092,-0.38269,0.57946,0.0062243,0.27426,63.3
0.41799,0.55468,0.60916,-0.3828,0.57937,0.0065452,0.27403,63.4
0.41784,0.55486,0.6092,-0.38264,0.57917,0.0067699,0.27393,63.5
0.41768,0.55461,0.60935,-0.38293,0.57905,0.0073887,0.27365,63.6
0.41735,0.55487,0.60915,-0.38325,0.57889,0.0075026,0.27347,63.7
0.41707,0.55504,0.60901,-0.38352,0.5788,0.0077669,0.27329,63.8
0.41666,0.55494,0.60923,-0.38376,0.57864,0.00811,0.27311,63.9
0.41652,0.55477,0.60979,-0.38327,0.57839,0.008344,0.27316,64
0.41589,0.55488,0.6099,-0.38361,0.57815,0.0089658,0.27324,64.1
0.41579,0.55487,0.60998,-0.38361,0.57807,0.0089636,0.27331,64.2
0.41582,0.55437,0.61032,-0.38376,0.57804,0.0091671,0.27345,64.3
0.41547,0.55456,0.61019,-0.38406,0.57808,0.009434,0.2736,64.4
0.41548,0.55436,0.61029,-0.38419,0.5781,0.0096079,0.27369,64.5
0.41548,0.55412,0.61042,-0.38434,0.57821,0.0098139,0.27365,64.6
0.41526,0.5542,0.61036,-0.38454,0.57829,0.010132,0.27349,64.7
0.41483,0.55415,0.61073,-0.38451,0.57823,0.010617,0.27361,64.8
0.41475,0.55392,0.61086,-0.38472,0.57839,0.011101,0.27345,64.9
0.41466,0.55365,0.61128,-0.38453,0.57831,0.011311,0.27364,65
0.41461,0.55366,0.61104,-0.38496,0.57839,0.011482,0.27362,65.1
0.41453,0.55372,0.61087,-0.38524,0.57852,0.011562,0.27355,65.2
0.41466,0.55347,0.61123,-0.38488,0.57859,0.011351,0.27367,65.3
0.41459,0.5533,0.61125,-0.38517,0.5788,0.011398,0.27346,65.4
0.41464,0.55299,0.61155,-0.38507,0.57893,0.010991,0.27354,65.5
0.41426,0.55271,0.61174,-0.38558,0.57906,0.011053,0.27352,65.6
0.41394,0.5527,0.61186,-0.38575,0.57924,0.010706,0.2737,65.7
0.41363,0.55204,0.61228,-0.38637,0.57943,0.01115,0.27378,65.8
0.41372,0.55158,0.61275,-0.38618,0.57953,0.010897,0.27421,65.9
0.41379,0.55098,0.61309,-0.38642,0.57965,0.010949,0.27453,66
0.41448,0.55078,0.61274,-0.38652,0.58003,0.010348,0.27475,66.1
0.41477,0.55009,0.61302,-0.38675,0.5803,0.010383,0.275,66.2
0.41419,0.54992,0.61303,-0.3876,0.58053,0.011064,0.27525,66.3
0.41405,0.54988,0.61287,-0.38805,0.58084,0.010873,0.27549,66.4
0.41368,0.5497,0.61301,-0.38848,0.58112,0.010888,0.2757,66.5
0.41361,0.54955,0.61295,-0.38886,0.58157,0.010693,0.27549,66.6
0.4133,0.54947,0.61322,-0.38888,0.58185,0.010892,0.27548,66.7
0.41259,0.54956,0.61355,-0.38898,0.58192,0.011295,0.27569,66.8
0.41242,0.54931,0.61395,-0.38889,0.58211,0.011369,0.27588,66.9
0.41223,0.54913,0.61396,-0.38933,0.58241,0.011948,0.27592,67
0.41201,0.549,0.61398,-0.38971,0.58268,0.012188,0.27572,67.1
0.41161,0.54864,0.6146,-0.38967,0.58268,0.013005,0.27569,67.2
0.41138,0.54863,0.61489,-0.38948,0.58271,0.013248,0.27556,67.3
0.41142,0.54858,0.61508,-0.38919,0.5828,0.013156,0.27545,67.4
0.41099,0.54872,0.61511,-0.3894,0.58278,0.013579,0.27554,67.5
0.41032,0.54865,0.61536,-0.38982,0.5826,0.014317,0.27573,67.6
0.41094,0.54788,0.61552,-0.38998,0.5828,0.014329,0.27534,67.7
0.41043,0.54789,0.61558,-0.39041,0.58271,0.014889,0.27538,67.8
0.41011,0.54768,0.61579,-0.39071,0.58257,0.015217,0.27537,67.9
0.41014,0.5473,0.61616,-0.39064,0.58253,0.01519,0.27514,68
0.40968,0.54712,0.61632,-0.39112,0.58252,0.015681,0.27488,68.1
0.40963,0.54692,0.61669,-0.39086,0.58231,0.015377,0.27505,68.2
0.4093,0.54693,0.61657,-0.3914,0.58223,0.015921,0.27486,68.3
0.40909,0.54702,0.61659,-0.39145,0.58206,0.016022,0.27493,68.4
0.40896,0.54633,0.61724,-0.39152,0.5819,0.016825,0.27503,68.5
0.41342,0.54344,0.6168,-0.39155,0.58345,0.015367,0.27146,68.6
0.40907,0.54573,0.61751,-0.39182,0.58147,0.017931,0.27562,68.7
0.4093,0.54515,0.61765,-0.39216,0.58132,0.018807,0.27577,68.8
0.40948,0.54535,0.61717,-0.39246,0.58129,0.019191,0.2758,68.9
0.40956,0.54515,0.61721,-0.39258,0.5812,0.019801,0.27587,69
0.40974,0.54489,0.61738,-0.3925,0.58104,0.02017,0.27622,69.1
0.40948,0.54489,0.61718,-0.39307,0.58103,0.020843,0.27628,69.2
0.40913,0.54454,0.61743,-0.39354,0.58096,0.021501,0.2765,69.3
0.40851,0.5442,0.61779,-0.39409,0.58078,0.022133,0.27666,69.4
0.40849,0.54388,0.61797,-0.39427,0.58081,0.022143,0.27667,69.5
0.40873,0.5432,0.61832,-0.3944,0.58089,0.022272,0.27668,69.6
0.40917,0.5425,0.61869,-0.39434,0.58102,0.022273,0.27662,69.7
0.40927,0.54198,0.61906,-0.39436,0.58113,0.022463,0.27671,69.8
0.40939,0.54144,0.6194,-0.39445,0.58128,0.022545,0.27648,69.9
0.40932,0.54115,0.61996,-0.39405,0.58128,0.022178,0.27654,70
0.40894,0.54066,0.62044,-0.39434,0.58132,0.022433,0.27662,70.1
0.40818,0.54082,0.62049,-0.39484,0.5813,0.02235,0.27678,70.2
0.40759,0.54069,0.62049,-0.39562,0.58141,0.022847,0.27678,70.3
0.40838,0.53987,0.62112,-0.39495,0.5815,0.021897,0.27687,70.4
0.40727,0.54026,0.62086,-0.39597,0.58144,0.022956,0.27671,70.5
0.40762,0.53992,0.62113,-0.39564,0.58153,0.022805,0.27644,70.6
0.40783,0.53969,0.6212,-0.39563,0.58156,0.022924,0.27612,70.7
0.40799,0.53933,0.62168,-0.3952,0.5813,0.023349,0.27625,70.8
0.40748,0.53934,0.62171,-0.39566,0.58115,0.024649,0.27588,70.9
0.40774,0.53884,0.62235,-0.39506,0.58091,0.024845,0.27587,71
0.40752,0.53914,0.62226,-0.39503,0.58071,0.025392,0.27566,71.1
0.4131,0.53608,0.62168,-0.39432,0.58271,0.022963,0.271,71.2
0.4071,0.53945,0.62259,-0.39453,0.5803,0.025951,0.27548,71.3
0.40656,0.53955,0.62268,-0.3948,0.58014,0.026278,0.27544,71.4
0.40603,0.53978,0.62265,-0.39508,0.58,0.026638,0.27526,71.5
0.40549,0.53932,0.62338,-0.39511,0.57969,0.027227,0.27508,71.6
0.40552,0.53906,0.6235,-0.39524,0.57972,0.027587,0.27433,71.7
0.40531,0.53923,0.62347,-0.39528,0.57961,0.02796,0.27373,71.8
0.40502,0.53928,0.62391,-0.39482,0.57937,0.028206,0.27321,71.9
0.40488,0.53916,0.62423,-0.3946,0.57924,0.028742,0.27279,72
0.40462,0.53897,0.62465,-0.39446,0.57898,0.029346,0.27266,72.1
0.4045,0.53894,0.62499,-0.3941,0.57876,0.029497,0.27285,72.2
0.4044,0.53873,0.62508,-0.39433,0.57865,0.029999,0.2732,72.3
0.40475,0.53829,0.62508,-0.39458,0.57856,0.030225,0.27377,72.4
0.40506,0.5379,0.62487,-0.39513,0.57856,0.030446,0.27426,72.5
0.40485,0.53803,0.62431,-0.39605,0.57854,0.030798,0.27468,72.6
0.40503,0.5378,0.62409,-0.39652,0.57864,0.030877,0.27508,72.7
0.40483,0.53748,0.62418,-0.39703,0.57858,0.031603,0.27569,72.8
0.40484,0.53716,0.62404,-0.39766,0.57866,0.032377,0.27604,72.9
0.40506,0.53712,0.62378,-0.39791,0.57864,0.032392,0.27659,73
0.40577,0.53712,0.6233,-0.39793,0.57886,0.032197,0.27683,73.1
0.40563,0.53724,0.62287,-0.39858,0.57898,0.033058,0.27702,73.2
0.40597,0.53695,0.62284,-0.39869,0.57911,0.033781,0.2772,73.3
0.40589,0.53712,0.6224,-0.39923,0.57941,0.034641,0.27712,73.4
0.40567,0.53757,0.6221,-0.39931,0.57958,0.035148,0.2774,73.5
0.40547,0.53818,0.62148,-0.39965,0.57983,0.035973,0.27735,73.6
0.40527,0.53842,0.6216,-0.39934,0.58007,0.037047,0.27738,73.7
0.40452,0.53883,0.62159,-0.39957,0.5802,0.038531,0.2774,73.8
0.40487,0.53884,0.62167,-0.39907,0.58051,0.039044,0.27732,73.9
0.40439,0.53913,0.62158,-0.39932,0.58067,0.040433,0.2772,74
0.40454,0.53908,0.62179,-0.39889,0.58087,0.041136,0.27719,74.1
0.40423,0.53908,0.62174,-0.39929,0.58116,0.042161,0.2769,74.2
0.40383,0.53924,0.62168,-0.39956,0.58139,0.043241,0.27671,74.3
0.40246,0.53945,0.62214,-0.39996,0.58126,0.045132,0.27686,74.4
0.40296,0.53902,0.62233,-0.39974,0.58164,0.045256,0.27658,74.5
0.40271,0.53896,0.62244,-0.3999,0.58176,0.046142,0.27651,74.6
0.40214,0.53905,0.62249,-0.40028,0.58169,0.047368,0.27681,74.7
0.40231,0.53924,0.62196,-0.40067,0.58182,0.048098,0.27691,74.8
0.40208,0.53931,0.62163,-0.40132,0.58182,0.049252,0.27686,74.9
0.40178,0.53944,0.62161,-0.40148,0.58174,0.050338,0.27712,75
0.40227,0.53941,0.6215,-0.4012,0.58177,0.051072,0.27704,75.1
0.40252,0.53926,0.62161,-0.40097,0.58163,0.05209,0.27674,75.2
0.40244,0.53938,0.62168,-0.40079,0.58147,0.053066,0.27658,75.3
0.40243,0.53913,0.62203,-0.40059,0.5812,0.053978,0.27635,75.4
0.40248,0.53956,0.62202,-0.39997,0.58109,0.054287,0.27624,75.5
0.40229,0.53952,0.62233,-0.39974,0.58073,0.054859,0.27639,75.6
0.40302,0.53895,0.62258,-0.39938,0.58073,0.054813,0.27633,75.7
0.40291,0.53874,0.62249,-0.39992,0.58075,0.055561,0.27618,75.8
0.40266,0.53859,0.62278,-0.39991,0.58051,0.055974,0.27652,75.9
0.40309,0.53848,0.62248,-0.40011,0.58075,0.055752,0.27619,76
0.40269,0.53848,0.62241,-0.40061,0.5807,0.056294,0.27612,76.1
0.40302,0.53793,0.62296,-0.40016,0.58067,0.056333,0.27618,76.2
0.40307,0.53723,0.62336,-0.40044,0.58052,0.057026,0.27629,76.3
0.40358,0.5367,0.62349,-0.40042,0.58057,0.057198,0.27637,76.4
0.40405,0.53614,0.62359,-0.40055,0.5806,0.057912,0.27641,76.5
0.40427,0.53588,0.62326,-0.40118,0.5807,0.058758,0.27626,76.6
0.4044,0.53566,0.62329,-0.40129,0.58069,0.059094,0.27636,76.7
0.40454,0.53564,0.62306,-0.40154,0.58075,0.059599,0.27616,76.8
0.40467,0.53516,0.62344,-0.40146,0.5807,0.060183,0.2758,76.9
0.40436,0.53537,0.62345,-0.40148,0.58056,0.060479,0.27571,77
0.4044,0.53495,0.6239,-0.40129,0.58043,0.060875,0.27567,77.1
0.40419,0.53473,0.62416,-0.4014,0.5803,0.061299,0.27572,77.2
0.40416,0.53416,0.62461,-0.40147,0.58012,0.06158,0.27614,77.3
0.4039,0.53384,0.62431,-0.40264,0.58022,0.062278,0.27606,77.4
0.40399,0.53329,0.62455,-0.40292,0.58023,0.062556,0.27611,77.5
0.40395,0.53296,0.62469,-0.40316,0.58014,0.06261,0.27635,77.6
0.40385,0.53231,0.6249,-0.4038,0.58018,0.063092,0.27614,77.7
0.40385,0.53185,0.62523,-0.40389,0.58017,0.063132,0.2763,77.8
0.40411,0.53096,0.62564,-0.40416,0.58025,0.063414,0.27623,77.9
0.40443,0.53004,0.62615,-0.40427,0.58028,0.06372,0.27636,78
0.40418,0.52972,0.62599,-0.40518,0.58044,0.064533,0.27622,78.1
0.40419,0.52893,0.6263,-0.40572,0.58051,0.065215,0.27626,78.2
0.40399,0.52885,0.62627,-0.40606,0.58053,0.065657,0.27643,78.3
0.40429,0.52851,0.62659,-0.40573,0.58053,0.065723,0.27644,78.4
0.40372,0.52901,0.62624,-0.4062,0.58049,0.066632,0.27624,78.5
0.40351,0.52946,0.62593,-0.40629,0.58045,0.067323,0.27609,78.6
0.4032,0.52943,0.62601,-0.40651,0.58021,0.068683,0.27617,78.7
0.40326,0.52962,0.62571,-0.40667,0.58008,0.06969,0.27602,78.8
0.40318,0.52981,0.62562,-0.40663,0.57986,0.070636,0.27597,78.9
0.40296,0.53013,0.62553,-0.40656,0.57955,0.071655,0.27613,79
0.40293,0.53025,0.62552,-0.40646,0.57921,0.072463,0.27637,79.1
0.40318,0.53013,0.62573,-0.40605,0.57883,0.072808,0.27657,79.2
0.40345,0.53025,0.6255,-0.40597,0.5787,0.073046,0.27657,79.3
0.40331,0.53059,0.6251,-0.40629,0.57845,0.074028,0.27654,79.4
0.40339,0.53046,0.6251,-0.40638,0.57824,0.074578,0.27639,79.5
0.40415,0.53046,0.62519,-0.40547,0.57815,0.074138,0.27633,79.6
0.40412,0.5303,0.6255,-0.40525,0.57795,0.074708,0.27611,79.7
0.40403,0.53047,0.62551,-0.40509,0.57778,0.075414,0.27626,79.8
0.40463,0.5307,0.62514,-0.40476,0.57779,0.075521,0.27623,79.9
0.40452,0.53101,0.62492,-0.40481,0.57771,0.076574,0.27637,80
0.40502,0.531,0.62492,-0.40432,0.57783,0.077133,0.27636,80.1
0.40505,0.53134,0.62459,-0.40435,0.5779,0.078205,0.2759,80.2
0.40582,0.53079,0.62513,-0.40346,0.5779,0.078981,0.27538,80.3
0.40642,0.5312,0.62496,-0.40257,0.57798,0.079251,0.27495,80.4
0.40627,0.53161,0.62489,-0.4023,0.57783,0.080442,0.27478,80.5
0.40634,0.53164,0.62483,-0.40229,0.57774,0.08172,0.27456,80.6
0.40709,0.5313,0.62491,-0.40185,0.5779,0.082214,0.27444,80.7
0.40704,0.53098,0.62503,-0.40214,0.57784,0.083483,0.27423,80.8
0.40741,0.53086,0.62494,-0.40206,0.57794,0.084017,0.27421,80.9
0.40756,0.53108,0.62456,-0.40221,0.57796,0.084092,0.27425,81
0.40683,0.53131,0.62418,-0.40324,0.57797,0.085012,0.27427,81.1
0.40664,0.53089,0.62415,-0.40402,0.57789,0.085795,0.27432,81.2
0.40695,0.53021,0.62426,-0.40444,0.57781,0.086287,0.27436,81.3
0.40699,0.52962,0.62435,-0.40503,0.57772,0.086999,0.27429,81.4
0.40694,0.52939,0.62432,-0.40542,0.57763,0.087268,0.27426,81.5
0.4071,0.52917,0.62415,-0.40582,0.57764,0.087305,0.27417,81.6
0.40682,0.5291,0.62388,-0.4066,0.57761,0.087648,0.27399,81.7
0.4068,0.52898,0.62387,-0.4068,0.57754,0.087458,0.27375,81.8
0.4065,0.52883,0.62398,-0.40711,0.57752,0.087667,0.2734,81.9
0.40607,0.52869,0.62419,-0.4074,0.57742,0.088164,0.27311,82
0.40596,0.52837,0.62474,-0.40709,0.57735,0.08777,0.27296,82.1
0.40472,0.5287,0.62466,-0.40802,0.57718,0.088609,0.27297,82.2
0.40449,0.52848,0.62467,-0.40852,0.5772,0.088435,0.2727,82.3
0.40388,0.52832,0.62489,-0.40899,0.57716,0.088646,0.27256,82.4
0.40348,0.52816,0.62507,-0.40933,0.57717,0.088512,0.27252,82.5
0.40326,0.52784,0.62533,-0.40955,0.57728,0.088585,0.27231,82.6
0.40274,0.5276,0.62563,-0.40992,0.57726,0.088834,0.2721,82.7
0.40201,0.52735,0.62592,-0.4105,0.57708,0.089498,0.27191,82.8
0.4015,0.52749,0.62581,-0.41099,0.57709,0.089712,0.27159,82.9
0.40075,0.52774,0.62582,-0.41138,0.57702,0.090061,0.27152,83
0.40046,0.52754,0.62586,-0.41187,0.57701,0.090294,0.27167,83.1
0.40081,0.5269,0.62606,-0.41205,0.57695,0.090268,0.27191,83.2
0.40107,0.52674,0.62589,-0.41225,0.57691,0.090398,0.27213,83.3
0.40098,0.52666,0.62551,-0.41302,0.57694,0.090981,0.27199,83.4
0.40079,0.52658,0.62538,-0.4135,0.57686,0.091317,0.2721,83.5
0.40082,0.5263,0.62532,-0.41392,0.57703,0.0915,0.2719,83.6
0.40045,0.52617,0.62539,-0.41432,0.57706,0.091872,0.27187,83.7
0.39985,0.52593,0.62554,-0.41498,0.57699,0.092483,0.2721,83.8
0.40013,0.52552,0.62541,-0.41544,0.57712,0.092584,0.27199,83.9
0.40037,0.52538,0.625,-0.416,0.57721,0.092916,0.27175,84
0.40057,0.52446,0.6253,-0.41651,0.57715,0.093532,0.27168,84.1
0.40078,0.5245,0.62473,-0.41711,0.57724,0.09311,0.27168,84.2
0.40077,0.52441,0.62428,-0.41792,0.57737,0.093242,0.27126,84.3
0.40084,0.52432,0.62431,-0.4179,0.57737,0.093435,0.27104,84.4
0.40144,0.52395,0.62436,-0.41772,0.57749,0.093341,0.27043,84.5
0.40118,0.52432,0.62425,-0.41767,0.57738,0.093663,0.27015,84.6
0.40117,0.52424,0.62436,-0.41762,0.57722,0.093842,0.2702,84.7
0.40173,0.52399,0.62431,-0.41747,0.57724,0.093607,0.27038,84.8
0.4022,0.52393,0.62384,-0.4178,0.57733,0.09357,0.2706,84.9
0.40273,0.52343,0.62353,-0.41838,0.57758,0.093672,0.27036,85
0.40268,0.52346,0.6233,-0.41873,0.57776,0.093697,0.27026,85.1
0.40274,0.52304,0.62374,-0.41854,0.57776,0.093844,0.27063,85.2
0.40267,0.52326,0.62346,-0.41876,0.57797,0.093822,0.27071,85.3
0.403,0.52268,0.62376,-0.41871,0.57816,0.093962,0.27066,85.4
0.40325,0.52226,0.6243,-0.4182,0.57821,0.094108,0.27067,85.5
0.40252,0.52293,0.62359,-0.41911,0.57855,0.094639,0.27022,85.6
0.40233,0.52279,0.6239,-0.419,0.57873,0.094806,0.27029,85.7
0.40179,0.52311,0.6236,-0.41958,0.57889,0.09517,0.27036,85.8
0.40127,0.52319,0.62328,-0.42045,0.57909,0.095901,0.27012,85.9
0.40095,0.52344,0.62321,-0.42055,0.57931,0.095926,0.27008,86
0.40086,0.52323,0.6234,-0.42062,0.57947,0.096407,0.26997,86.1
0.40023,0.52377,0.62278,-0.42145,0.5798,0.096778,0.26962,86.2
0.39948,0.52386,0.62307,-0.42164,0.57986,0.09708,0.26972,86.3
0.39869,0.52409,0.62314,-0.42198,0.57997,0.097435,0.26992,86.4
0.39871,0.52372,0.62326,-0.42224,0.58016,0.097574,0.26991,86.5
0.39795,0.52389,0.6231,-0.42299,0.58022,0.098121,0.26994,86.6
0.39831,0.52344,0.62286,-0.42355,0.5806,0.098094,0.26947,86.7
0.3974,0.52396,0.62259,-0.42416,0.58049,0.098634,0.26946,86.8
0.39813,0.52317,0.62284,-0.4241,0.58077,0.098354,0.26903,86.9
0.39815,0.52254,0.62372,-0.42355,0.58066,0.097925,0.26905,87
0.39735,0.52273,0.62356,-0.42432,0.58079,0.098562,0.26856,87.1
0.39718,0.52249,0.62401,-0.4241,0.58075,0.09803,0.26837,87.2
0.39604,0.5227,0.62398,-0.42494,0.58066,0.098685,0.2684,87.3
0.39652,0.52191,0.62463,-0.42451,0.58065,0.098322,0.26871,87.4
0.39682,0.52169,0.6246,-0.42456,0.58071,0.097705,0.26917,87.5
0.39628,0.52116,0.62446,-0.42592,0.58073,0.098452,0.2691,87.6
0.39652,0.5203,0.62479,-0.42626,0.58075,0.09808,0.26942,87.7
0.3964,0.51949,0.62458,-0.42766,0.58078,0.098444,0.26931,87.8
0.3973,0.51818,0.62472,-0.42822,0.5811,0.097925,0.26916,87.9
0.39725,0.51741,0.62459,-0.42938,0.58135,0.098456,0.26871,88
0.39702,0.51725,0.6245,-0.42991,0.58157,0.098377,0.26839,88.1
0.39725,0.51667,0.62503,-0.42963,0.58168,0.098188,0.26831,88.2
0.39754,0.51623,0.62529,-0.42952,0.58178,0.09803,0.26803,88.3
0.39766,0.51584,0.62563,-0.42938,0.5817,0.098073,0.26796,88.4
0.39815,0.51552,0.62585,-0.42897,0.58182,0.097547,0.26792,88.5
0.3985,0.51503,0.62609,-0.42889,0.58194,0.097279,0.26793,88.6
0.39819,0.51485,0.62612,-0.42936,0.58199,0.097519,0.26792,88.7
0.3983,0.51414,0.62664,-0.42935,0.58205,0.097499,0.26798,88.8
0.39874,0.51377,0.62691,-0.42898,0.5822,0.09718,0.26809,88.9
0.39841,0.51393,0.6266,-0.42957,0.58214,0.0976,0.26831,89
0.39854,0.51398,0.62638,-0.4297,0.58231,0.097446,0.26846,89.1
0.39835,0.51353,0.62649,-0.43024,0.58219,0.098103,0.2687,89.2
0.39944,0.51281,0.62629,-0.43038,0.58274,0.097275,0.26832,89.3
0.39976,0.51189,0.62666,-0.43065,0.58281,0.097719,0.26828,89.4
0.39988,0.51168,0.62663,-0.43083,0.583,0.098077,0.26805,89.5
0.39962,0.51193,0.62647,-0.431,0.58304,0.098434,0.26792,89.6
0.39801,0.51307,0.6259,-0.43197,0.58276,0.099756,0.26792,89.7
0.39945,0.51181,0.62654,-0.4312,0.58318,0.098664,0.26768,89.8
0.39915,0.51188,0.62654,-0.43141,0.58329,0.098718,0.26756,89.9
0.399,0.51211,0.6263,-0.43162,0.58347,0.098785,0.26742,90
0.39866,0.51197,0.62681,-0.43135,0.5835,0.09903,0.26746,90.1
0.39703,0.51298,0.62649,-0.43212,0.58347,0.099747,0.26736,90.2
0.39744,0.51233,0.62717,-0.43153,0.58371,0.099591,0.26699,90.3
0.39683,0.51151,0.6283,-0.43142,0.58364,0.09996,0.26684,90.4
0.39742,0.51058,0.62916,-0.43072,0.58387,0.099711,0.26633,90.5
0.39736,0.51035,0.62965,-0.43035,0.58403,0.099775,0.26575,90.6
0.39719,0.50997,0.6303,-0.42999,0.58399,0.10007,0.2655,90.7
0.39681,0.50953,0.63093,-0.42995,0.58388,0.10062,0.26531,90.8
0.3967,0.50926,0.63107,-0.43015,0.58396,0.10037,0.26519,90.9
0.39672,0.50858,0.63138,-0.43048,0.58402,0.10056,0.26504,91
0.39678,0.50836,0.63132,-0.43077,0.58419,0.10056,0.26474,91.1
0.39665,0.50782,0.63178,-0.43086,0.58419,0.10055,0.26448,91.2
0.39629,0.50744,0.6321,-0.43117,0.58417,0.10092,0.26429,91.3
0.39608,0.50733,0.63228,-0.43123,0.58405,0.1012,0.26437,91.4
0.39621,0.50741,0.63231,-0.43096,0.58414,0.10132,0.2642,91.5
0.3964,0.50735,0.63257,-0.43048,0.58424,0.101,0.26386,91.6
0.39663,0.50612,0.63394,-0.4297,0.58429,0.1012,0.26338,91.7
0.39583,0.50433,0.63622,-0.42918,0.58396,0.10195,0.26354,91.8
0.39519,0.50345,0.6374,-0.42905,0.5838,0.10223,0.26342,91.9
0.39453,0.50377,0.63734,-0.42937,0.58398,0.10268,0.26257,92
0.39392,0.50483,0.63718,-0.42893,0.58402,0.10239,0.26221,92.1
0.3931,0.50519,0.6375,-0.42877,0.58383,0.10282,0.26188,92.2
0.39244,0.50541,0.6377,-0.42882,0.58366,0.1032,0.26183,92.3
0.39208,0.50564,0.63763,-0.429,0.58354,0.10349,0.26178,92.4
0.39221,0.50567,0.63747,-0.42907,0.58351,0.10368,0.26185,92.5
0.39217,0.50572,0.63703,-0.4297,0.58359,0.10402,0.26151,92.6
0.39098,0.50652,0.63649,-0.43064,0.58332,0.10483,0.26141,92.7
0.39107,0.50633,0.63649,-0.43078,0.5834,0.10518,0.26108,92.8
0.39089,0.50624,0.63674,-0.43069,0.58319,0.10545,0.26132,92.9
0.39142,0.50577,0.63678,-0.43069,0.58306,0.10569,0.26143,93
0.39108,0.50585,0.63617,-0.4318,0.58291,0.10686,0.26143,93.1
0.39155,0.50517,0.63602,-0.4324,0.58292,0.10731,0.2613,93.2
0.39188,0.50478,0.63611,-0.43242,0.58294,0.10724,0.26133,93.3
0.39157,0.50483,0.63589,-0.43297,0.58285,0.10765,0.2614,93.4
0.39166,0.50438,0.63584,-0.43348,0.58284,0.10811,0.26143,93.5
0.3914,0.50436,0.63524,-0.43462,0.58283,0.10902,0.26109,93.6
0.39228,0.50329,0.63584,-0.43419,0.58278,0.10897,0.26104,93.7
0.39258,0.50336,0.63539,-0.43449,0.58304,0.10889,0.26061,93.8
0.39224,0.50332,0.63556,-0.43461,0.58312,0.10917,0.26034,93.9
0.39197,0.50306,0.63628,-0.4341,0.58297,0.10947,0.26,94
0.39191,0.50279,0.6368,-0.43371,0.58286,0.1098,0.25963,94.1
0.39196,0.5024,0.6372,-0.43353,0.58274,0.10989,0.25936,94.2
0.39151,0.50182,0.63756,-0.43407,0.58252,0.11066,0.25918,94.3
0.39146,0.502,0.63747,-0.43404,0.58262,0.1102,0.25927,94.4
0.39139,0.50173,0.63746,-0.43443,0.58274,0.11036,0.25858,94.5
0.39096,0.50155,0.63795,-0.43429,0.58271,0.1102,0.25825,94.6
0.39093,0.5012,0.63874,-0.43357,0.58258,0.10999,0.25801,94.7
0.39048,0.50105,0.6392,-0.43347,0.58248,0.11009,0.25798,94.8
0.39029,0.5009,0.63939,-0.43353,0.58243,0.11028,0.25797,94.9
0.38986,0.50103,0.63926,-0.43396,0.58236,0.11053,0.25804,95
0.38961,0.50122,0.63896,-0.43441,0.58239,0.11101,0.25779,95.1
0.39009,0.50066,0.63933,-0.43408,0.58242,0.11084,0.2576,95.2
0.39015,0.50029,0.63968,-0.43393,0.58227,0.11138,0.25727,95.3
0.38976,0.50062,0.63968,-0.4339,0.58213,0.11198,0.25707,95.4
0.38969,0.50088,0.63963,-0.43374,0.582,0.11221,0.257,95.5
0.39069,0.50019,0.63952,-0.4338,0.58239,0.11225,0.25594,95.6
0.3897,0.50081,0.63955,-0.43394,0.58195,0.11317,0.25661,95.7
0.39043,0.50034,0.63971,-0.43357,0.58199,0.11317,0.25669,95.8
0.39063,0.49955,0.6401,-0.43373,0.58178,0.11398,0.25685,95.9
0.39114,0.49976,0.6396,-0.43378,0.582,0.11372,0.25684,96
0.39159,0.49907,0.6395,-0.43432,0.58211,0.11418,0.2566,96.1
0.39191,0.49866,0.63946,-0.43456,0.58208,0.11432,0.25658,96.2
0.39176,0.49886,0.63914,-0.43493,0.58215,0.11445,0.25644,96.3
0.39134,0.49884,0.6391,-0.43538,0.58206,0.11502,0.25654,96.4
0.39097,0.49857,0.63914,-0.43598,0.58198,0.11535,0.25639,96.5
0.39139,0.4978,0.6393,-0.43624,0.5821,0.11476,0.25603,96.6
0.3911,0.49698,0.64,-0.43641,0.58197,0.11479,0.256,96.7
0.3907,0.49616,0.64053,-0.43691,0.58183,0.11517,0.25569,96.8
0.39073,0.4956,0.64116,-0.43661,0.58188,0.11454,0.25575,96.9
0.39094,0.49493,0.64144,-0.43676,0.58198,0.11471,0.25536,97
0.38998,0.49475,0.64214,-0.43681,0.58153,0.11557,0.25556,97.1
0.39045,0.49441,0.64227,-0.43658,0.58176,0.115,0.25533,97.2
0.39028,0.49414,0.64242,-0.43681,0.58161,0.11529,0.25547,97.3
0.39056,0.49403,0.64185,-0.43752,0.58184,0.11502,0.25566,97.4
0.39069,0.49332,0.64243,-0.43735,0.58187,0.11509,0.25584,97.5
0.39082,0.49284,0.6424,-0.43782,0.5821,0.115,0.25562,97.6
0.39053,0.49321,0.64215,-0.43803,0.58228,0.11479,0.25542,97.7
0.39013,0.49309,0.6424,-0.43816,0.58236,0.1151,0.25521,97.8
0.38924,0.49332,0.64244,-0.43863,0.5823,0.1155,0.25505,97.9
0.38908,0.49291,0.64297,-0.43845,0.58219,0.1153,0.25512,98
0.38917,0.49249,0.64309,-0.43867,0.58227,0.11559,0.25489,98.1
0.38945,0.49254,0.64306,-0.43842,0.58227,0.11518,0.25503,98.2
0.38957,0.4923,0.64327,-0.43827,0.58223,0.11527,0.25504,98.3
0.38931,0.49218,0.64332,-0.43857,0.58209,0.11586,0.25492,98.4
0.3896,0.49227,0.64308,-0.43856,0.5822,0.11546,0.25478,98.5
0.3893,0.49196,0.64329,-0.43886,0.58208,0.11616,0.25454,98.6
0.38898,0.49173,0.64399,-0.43838,0.58208,0.11621,0.25447,98.7
0.38921,0.49139,0.64441,-0.43793,0.58225,0.11604,0.25426,98.8
0.38869,0.49074,0.64531,-0.43779,0.58192,0.11664,0.25436,98.9
0.38887,0.4913,0.64493,-0.43758,0.58203,0.11642,0.25419,99
0.3882,0.49148,0.64464,-0.4384,0.58199,0.11743,0.25363,99.1
0.38737,0.49157,0.64505,-0.43842,0.58164,0.11777,0.25394,99.2
0.38847,0.49113,0.64492,-0.43814,0.58189,0.11724,0.25347,99.3
0.38836,0.49099,0.64503,-0.43823,0.58178,0.11753,0.25309,99.4
0.38779,0.49085,0.64547,-0.43825,0.58149,0.11807,0.25294,99.5
0.38783,0.49083,0.64536,-0.43839,0.58154,0.118,0.2527,99.6
0.38743,0.49106,0.64498,-0.43904,0.5815,0.11788,0.25271,99.7
0.38741,0.4904,0.64474,-0.44014,0.58164,0.11811,0.25208,99.8
0.3871,0.49,0.64522,-0.44017,0.58118,0.11826,0.25331,99.9
0.38746,0.48876,0.64516,-0.44132,0.58129,0.11832,0.25333,100
0.38754,0.48719,0.64572,-0.44216,0.58136,0.11836,0.2533,100.1
0.3877,0.48648,0.64571,-0.44282,0.58151,0.11841,0.25305,100.2
0.3875,0.48666,0.64532,-0.44336,0.58162,0.11871,0.25253,100.3
0.38762,0.48582,0.64619,-0.44291,0.58152,0.11876,0.2524,100.4
0.38645,0.48634,0.64596,-0.4437,0.5813,0.11976,0.25217,100.5
0.38672,0.48571,0.64688,-0.44281,0.58109,0.11972,0.25259,100.6
0.38669,0.48559,0.64664,-0.44331,0.58101,0.12007,0.25277,100.7
0.38684,0.48579,0.64615,-0.44368,0.58115,0.12019,0.25271,100.8
0.38698,0.48557,0.64622,-0.4437,0.58125,0.12078,0.25239,100.9
0.38675,0.48568,0.64623,-0.44375,0.58131,0.12107,0.25228,101
0.38614,0.4856,0.64652,-0.44396,0.58113,0.1217,0.25237,101.1
0.38624,0.48534,0.64683,-0.44371,0.58101,0.12181,0.25245,101.2
0.38663,0.48437,0.64711,-0.44402,0.58091,0.12254,0.25226,101.3
0.3869,0.48421,0.64712,-0.44394,0.58095,0.12249,0.252,101.4
0.38636,0.48406,0.64737,-0.44421,0.58073,0.1231,0.25194,101.5
0.38768,0.48261,0.64791,-0.44385,0.58113,0.12283,0.25073,101.6
0.38564,0.48409,0.64759,-0.44448,0.58068,0.1236,0.25161,101.7
0.38501,0.48439,0.64752,-0.4448,0.58065,0.12372,0.25128,101.8
0.38445,0.48407,0.64817,-0.44469,0.58043,0.12428,0.25118,101.9
0.38398,0.48406,0.64844,-0.4447,0.5804,0.12422,0.25067,102
0.38328,0.48405,0.64889,-0.44467,0.58025,0.1246,0.25025,102.1
0.38235,0.48431,0.64935,-0.44452,0.58007,0.12462,0.25003,102.2
0.38214,0.48342,0.65047,-0.44403,0.57982,0.125,0.25002,102.3
0.3824,0.48269,0.65092,-0.44393,0.57983,0.12499,0.24995,102.4
0.3832,0.48125,0.65222,-0.4429,0.57973,0.12488,0.25016,102.5
0.38304,0.48053,0.65268,-0.44314,0.57973,0.12548,0.24988,102.6
0.38303,0.48012,0.653,-0.44312,0.57965,0.12564,0.24969,102.7
0.38283,0.48008,0.65314,-0.44314,0.57953,0.12576,0.24928,102.8
0.38166,0.48093,0.65284,-0.44366,0.57933,0.12617,0.2489,102.9
0.38157,0.48103,0.65309,-0.44327,0.57914,0.12625,0.24908,103
0.38124,0.48107,0.65289,-0.44382,0.57897,0.12666,0.24887,103.1
0.3814,0.48056,0.65296,-0.44412,0.57892,0.12692,0.24885,103.2
0.38177,0.48026,0.65252,-0.44477,0.57894,0.12709,0.24874,103.3
0.38183,0.47997,0.65216,-0.44556,0.57899,0.12757,0.2483,103.4
0.38155,0.47997,0.65211,-0.44589,0.57876,0.12788,0.2483,103.5
0.38056,0.48017,0.65184,-0.44689,0.57847,0.12862,0.24801,103.6
0.38149,0.47921,0.65236,-0.44637,0.57855,0.12825,0.24757,103.7
0.38122,0.47954,0.65214,-0.44657,0.57851,0.12844,0.24721,103.8
0.38078,0.4798,0.6521,-0.44674,0.57838,0.1286,0.24688,103.9
0.38048,0.47996,0.65208,-0.44684,0.57821,0.12886,0.24669,104
0.38039,0.47972,0.65231,-0.44682,0.5779,0.12945,0.24665,104.1
0.38049,0.47927,0.65216,-0.44747,0.5777,0.13005,0.2464,104.2
0.38042,0.47935,0.65165,-0.44817,0.57764,0.13041,0.24598,104.3
