0.4657,0.75897,0.37953,-0.25109,0.47164,-0.34208,0.34658,0
0.4657,0.75897,0.37953,-0.25109,0.47164,-0.34208,0.34658,0.1
0.46585,0.75906,0.37969,-0.25028,0.47139,-0.34228,0.34628,0.2
0.46494,0.75965,0.37922,-0.2509,0.47141,-0.34172,0.34659,0.3
0.46597,0.75895,0.37971,-0.25038,0.47138,-0.34219,0.34609,0.4
0.46513,0.75947,0.37972,-0.25036,0.47164,-0.342,0.34582,0.5
0.46431,0.7599,0.38011,-0.24995,0.47149,-0.34147,0.3462,0.6
0.4649,0.75959,0.38028,-0.24958,0.47162,-0.34181,0.3457,0.7
0.46461,0.75982,0.38003,-0.24976,0.47157,-0.34154,0.34572,0.8
0.46389,0.76017,0.38025,-0.24973,0.47166,-0.34157,0.34549,0.9
0.46353,0.76054,0.38004,-0.24957,0.47127,-0.34167,0.34596,1
0.46389,0.76016,0.37997,-0.25017,0.47162,-0.34159,0.3456,1.1
0.46354,0.76035,0.38031,-0.24973,0.47127,-0.3423,0.3456,1.2
0.46283,0.76035,0.38062,-0.25055,0.47196,-0.34183,0.34537,1.3
0.4621,0.76098,0.38009,-0.25081,0.47186,-0.34254,0.34493,1.4
0.46153,0.76076,0.38121,-0.25084,0.47225,-0.34229,0.34482,1.5
0.46127,0.76083,0.38125,-0.25104,0.47226,-0.34234,0.34459,1.6
0.46161,0.76123,0.38015,-0.25085,0.47194,-0.34248,0.34441,1.7
0.46296,0.76039,0.38087,-0.24984,0.47179,-0.34294,0.34365,1.8
0.46382,0.75986,0.38061,-0.25024,0.47202,-0.34296,0.34281,1.9
0.46368,0.76026,0.38035,-0.24969,0.47159,-0.34326,0.34235,2
0.46192,0.76155,0.37959,-0.25017,0.47137,-0.34205,0.34283,2.1
0.46404,0.76017,0.38064,-0.24884,0.4712,-0.34279,0.34182,2.2
0.46365,0.76037,0.38069,-0.24887,0.47098,-0.34293,0.3415,2.3
0.46342,0.76077,0.38018,-0.24884,0.4705,-0.34321,0.3417,2.4
0.46343,0.76081,0.37999,-0.249,0.47032,-0.34294,0.34198,2.5
0.46451,0.75983,0.38024,-0.24959,0.47055,-0.34324,0.34141,2.6
0.46513,0.75929,0.38045,-0.24978,0.47061,-0.34363,0.34079,2.7
0.46482,0.7597,0.38024,-0.24945,0.47047,-0.34352,0.34035,2.8
0.46423,0.76042,0.38,-0.2487,0.46998,-0.34417,0.33998,2.9
0.4641,0.7604,0.3803,-0.24854,0.46975,-0.34443,0.33997,3
0.46402,0.7604,0.38027,-0.24875,0.46977,-0.34508,0.33924,3.1
0.46391,0.76003,0.3812,-0.24863,0.4701,-0.34493,0.3389,3.2
0.46383,0.76013,0.38128,-0.24837,0.46981,-0.34497,0.33909,3.3
0.46421,0.75997,0.38077,-0.24893,0.46999,-0.34482,0.33875,3.4
0.46431,0.75988,0.38094,-0.24878,0.46968,-0.34425,0.33926,3.5
0.46508,0.75955,0.38042,-0.24915,0.46954,-0.34308,0.33998,3.6
0.4672,0.75822,0.38052,-0.24905,0.46968,-0.3431,0.33926,3.7
0.46748,0.75804,0.38062,-0.24893,0.46941,-0.34336,0.33921,3.8
0.46776,0.75788,0.38077,-0.24866,0.46909,-0.34393,0.33919,3.9
0.46735,0.75772,0.38102,-0.24952,0.46969,-0.34305,0.33869,4
0.46506,0.75881,0.38062,-0.25111,0.47019,-0.34112,0.33931,4.1
0.46714,0.7578,0.38127,-0.24929,0.46953,-0.34326,0.33813,4.2
0.46681,0.75783,0.3814,-0.24963,0.46991,-0.3426,0.33753,4.3
0.46678,0.75722,0.3829,-0.24924,0.47016,-0.34229,0.33741,4.4
0.46727,0.75721,0.38228,-0.2493,0.4699,-0.34266,0.33722,4.5
0.46733,0.75711,0.38265,-0.24893,0.46992,-0.34262,0.33704,4.6
0.46685,0.7575,0.38238,-0.24907,0.46998,-0.34182,0.3374,4.7
0.46783,0.75747,0.38153,-0.24862,0.46923,-0.3425,0.33765,4.8
0.46861,0.75703,0.38133,-0.24879,0.46929,-0.34232,0.33745,4.9
0.46824,0.75743,0.38082,-0.24905,0.46922,-0.34192,0.33779,5
0.46774,0.75724,0.38132,-0.2498,0.46947,-0.34147,0.33808,5.1
0.46815,0.75717,0.38119,-0.24944,0.46924,-0.34184,0.3378,5.2
0.46792,0.75768,0.38077,-0.24898,0.46886,-0.3415,0.33784,5.3
0.46772,0.75739,0.38133,-0.24937,0.46944,-0.34041,0.33741,5.4
0.46744,0.75768,0.38123,-0.24915,0.46912,-0.34002,0.33767,5.5
0.46783,0.75744,0.38136,-0.24897,0.46902,-0.33967,0.33745,5.6
0.46792,0.75767,0.38119,-0.24836,0.46861,-0.33989,0.33737,5.7
0.46792,0.75744,0.38137,-0.24879,0.46886,-0.33909,0.33744,5.8
0.46881,0.75692,0.38132,-0.24878,0.46885,-0.33928,0.33729,5.9
0.46906,0.7565,0.38159,-0.24917,0.46916,-0.33856,0.33754,6
0.46901,0.75658,0.38159,-0.24903,0.46907,-0.33844,0.33764,6.1
0.46944,0.75659,0.38108,-0.24895,0.46898,-0.33839,0.3379,6.2
0.46985,0.75629,0.38069,-0.24967,0.46952,-0.33798,0.33753,6.3
0.46932,0.7562,0.38157,-0.2496,0.46985,-0.33733,0.33768,6.4
0.46968,0.7565,0.381,-0.24887,0.46934,-0.33778,0.33793,6.5
0.47018,0.75605,0.38139,-0.24872,0.46939,-0.33712,0.33803,6.6
0.47067,0.75595,0.38122,-0.24837,0.46932,-0.33689,0.33808,6.7
0.47191,0.75564,0.38046,-0.2481,0.46939,-0.33732,0.33756,6.8
0.47117,0.75594,0.38034,-0.24878,0.4697,-0.33664,0.33808,6.9
0.47128,0.75559,0.38066,-0.24914,0.47009,-0.33609,0.33866,7
0.47188,0.75519,0.38072,-0.24915,0.47026,-0.33612,0.33912,7.1
0.47244,0.75483,0.38018,-0.24999,0.47055,-0.33605,0.33965,7.2
0.47262,0.75449,0.38008,-0.25085,0.47105,-0.33601,0.33964,7.3
0.4725,0.75449,0.3807,-0.25011,0.4709,-0.33628,0.34004,7.4
0.47239,0.75438,0.38075,-0.2506,0.47147,-0.33511,0.34024,7.5
0.4723,0.75512,0.37911,-0.25102,0.4713,-0.33516,0.34027,7.6
0.47329,0.75399,0.3806,-0.25028,0.47153,-0.33489,0.33998,7.7
0.4735,0.75375,0.38096,-0.25005,0.4716,-0.33485,0.33953,7.8
0.47342,0.7536,0.38132,-0.25011,0.47183,-0.33408,0.33945,7.9
0.4734,0.7535,0.38189,-0.24957,0.47174,-0.33398,0.3394,8
0.47369,0.75348,0.38168,-0.24942,0.47176,-0.33446,0.3389,8.1
0.47237,0.75381,0.38256,-0.24959,0.47193,-0.33352,0.33913,8.2
0.47233,0.75376,0.38265,-0.24967,0.47205,-0.33347,0.33949,8.3
0.47236,0.75371,0.38329,-0.24877,0.47166,-0.3338,0.33973,8.4
0.47159,0.75397,0.38335,-0.24936,0.47207,-0.3331,0.34002,8.5
0.47131,0.75399,0.38332,-0.24987,0.4722,-0.33297,0.34037,8.6
0.47144,0.75388,0.38311,-0.25028,0.47232,-0.33301,0.34056,8.7
0.47175,0.7536,0.38325,-0.25031,0.47238,-0.33304,0.34064,8.8
0.4714,0.7534,0.38373,-0.25084,0.47292,-0.33264,0.34044,8.9
0.47108,0.75314,0.38514,-0.25008,0.47292,-0.33298,0.34048,9
0.47018,0.75335,0.38555,-0.25049,0.47323,-0.33269,0.34086,9.1
0.46983,0.75324,0.38615,-0.25055,0.47335,-0.33271,0.34115,9.2
0.4697,0.7533,0.38609,-0.25074,0.47358,-0.33246,0.34131,9.3
0.47047,0.75296,0.38597,-0.25047,0.47391,-0.33281,0.34086,9.4
0.47075,0.75263,0.38632,-0.2504,0.47407,-0.33296,0.34061,9.5
0.47057,0.75216,0.38711,-0.25091,0.47479,-0.33218,0.34069,9.6
0.47153,0.75162,0.38734,-0.25039,0.47478,-0.3329,0.34024,9.7
0.47175,0.7516,0.38729,-0.25011,0.47479,-0.33316,0.34018,9.8
0.47173,0.75113,0.38797,-0.25051,0.47536,-0.33265,0.34007,9.9
0.47211,0.75089,0.38821,-0.25013,0.47536,-0.33267,0.33998,10
0.47229,0.75044,0.38888,-0.2501,0.4758,-0.33249,0.33959,10.1
0.4722,0.7508,0.38817,-0.25031,0.47582,-0.33246,0.33965,10.2
0.4719,0.75048,0.38884,-0.2508,0.47625,-0.33181,0.33973,10.3
0.47207,0.75032,0.38922,-0.25035,0.47615,-0.33217,0.33978,10.4
0.47172,0.7506,0.38892,-0.25064,0.47611,-0.33199,0.34012,10.5
0.4717,0.75043,0.38925,-0.25068,0.47645,-0.33191,0.33988,10.6
0.47137,0.75059,0.38942,-0.25054,0.4764,-0.33173,0.34026,10.7
0.47125,0.75061,0.38941,-0.25073,0.47654,-0.33147,0.34026,10.8
0.47113,0.75043,0.38991,-0.2507,0.47677,-0.3309,0.34054,10.9
0.47128,0.75039,0.38993,-0.25053,0.47661,-0.33086,0.34068,11
0.47181,0.75013,0.38972,-0.25065,0.47658,-0.3309,0.34058,11.1
0.47198,0.74978,0.39015,-0.25071,0.47689,-0.33038,0.34025,11.2
0.47204,0.74984,0.39007,-0.25053,0.47667,-0.33023,0.3402,11.3
0.47244,0.74954,0.39006,-0.2507,0.47672,-0.32979,0.34003,11.4
0.47163,0.75023,0.38929,-0.25132,0.47672,-0.32916,0.34018,11.5
0.47158,0.75053,0.38891,-0.25114,0.47627,-0.32929,0.34045,11.6
0.47199,0.74938,0.39078,-0.2509,0.47675,-0.32887,0.34015,11.7
0.47118,0.74959,0.39086,-0.25166,0.47702,-0.32815,0.34049,11.8
0.47146,0.74921,0.39108,-0.25195,0.47735,-0.32797,0.34016,11.9
0.47173,0.7491,0.39083,-0.25214,0.47711,-0.32798,0.34053,12
0.47247,0.74819,0.39171,-0.25209,0.47733,-0.328,0.34024,12.1
0.47255,0.74778,0.39208,-0.25255,0.4778,-0.32763,0.33998,12.2
0.47237,0.74752,0.39265,-0.25281,0.47812,-0.32744,0.33969,12.3
0.47256,0.74754,0.39269,-0.25232,0.47786,-0.32789,0.3396,12.4
0.47133,0.7479,0.3928,-0.25338,0.47847,-0.32665,0.33978,12.5
0.47129,0.74794,0.39275,-0.2534,0.47851,-0.32691,0.33965,12.6
0.47133,0.74808,0.39258,-0.25319,0.47832,-0.32738,0.33952,12.7
0.47142,0.74765,0.39357,-0.25275,0.4784,-0.32756,0.33956,12.8
0.47124,0.74758,0.39378,-0.25297,0.47864,-0.32715,0.33969,12.9
0.47117,0.74771,0.39385,-0.2526,0.47814,-0.32762,0.33975,13
0.47048,0.74774,0.394,-0.25359,0.4791,-0.32632,0.34001,13.1
0.47025,0.74783,0.39406,-0.25363,0.47916,-0.3261,0.34028,13.2
0.47066,0.7475,0.39439,-0.25334,0.47901,-0.32653,0.34025,13.3
0.47081,0.74767,0.39374,-0.25358,0.47908,-0.3263,0.34013,13.4
0.47113,0.74762,0.39356,-0.25341,0.47903,-0.32633,0.33968,13.5
0.47093,0.74767,0.39399,-0.25296,0.47894,-0.32617,0.33977,13.6
0.4708,0.74773,0.39381,-0.2533,0.4792,-0.32564,0.33951,13.7
0.47122,0.7471,0.39506,-0.25244,0.4794,-0.32555,0.33922,13.8
0.4712,0.74694,0.39521,-0.25269,0.47951,-0.32516,0.33939,13.9
0.47149,0.74689,0.39508,-0.25253,0.47946,-0.32565,0.33903,14
0.47103,0.74684,0.39556,-0.25278,0.47987,-0.32515,0.339,14.1
0.47111,0.74683,0.39573,-0.25238,0.47974,-0.32502,0.33938,14.2
0.47134,0.74672,0.39556,-0.25254,0.47977,-0.32526,0.33911,14.3
0.47083,0.74673,0.39571,-0.25323,0.48029,-0.32481,0.33907,14.4
0.4709,0.74649,0.39618,-0.25307,0.48034,-0.32471,0.33928,14.5
0.47102,0.74624,0.3963,-0.25339,0.48063,-0.32465,0.33921,14.6
0.47101,0.74584,0.39684,-0.25375,0.48088,-0.32462,0.33921,14.7
0.47104,0.74552,0.39716,-0.25416,0.48137,-0.32417,0.33904,14.8
0.47109,0.74542,0.3974,-0.25395,0.48148,-0.32435,0.33879,14.9
0.47117,0.74509,0.39806,-0.25375,0.48161,-0.32458,0.33873,15
0.46815,0.74698,0.39547,-0.25779,0.48344,-0.32091,0.33967,15.1
0.47134,0.74463,0.39852,-0.25405,0.48225,-0.32442,0.33855,15.2
0.47182,0.74411,0.39911,-0.25378,0.48234,-0.32451,0.33853,15.3
0.47187,0.74376,0.39944,-0.2542,0.48276,-0.32456,0.33859,15.4
0.47213,0.74329,0.39942,-0.25509,0.48338,-0.32412,0.33848,15.5
0.47229,0.74322,0.39923,-0.25533,0.48376,-0.32438,0.3383,15.6
0.47225,0.74329,0.39936,-0.25498,0.48358,-0.32472,0.33869,15.7
0.47222,0.74308,0.39933,-0.25568,0.48407,-0.3241,0.33899,15.8
0.47215,0.74234,0.40023,-0.25657,0.48507,-0.323,0.33911,15.9
0.47097,0.74272,0.40009,-0.25785,0.48556,-0.32216,0.33955,16
0.47169,0.74231,0.40036,-0.25727,0.48533,-0.32287,0.33962,16.1
0.47203,0.74213,0.40059,-0.25681,0.48515,-0.32339,0.33949,16.2
0.47195,0.74245,0.40012,-0.25678,0.4851,-0.32355,0.33928,16.3
0.47154,0.7425,0.40027,-0.25717,0.48543,-0.32239,0.33941,16.4
0.47208,0.74245,0.39999,-0.25674,0.48507,-0.3225,0.33931,16.5
0.4706,0.74351,0.3995,-0.25714,0.48484,-0.32157,0.33971,16.6
0.4694,0.74395,0.39952,-0.25804,0.4851,-0.32011,0.34012,16.7
0.47276,0.74193,0.40035,-0.25642,0.4851,-0.32187,0.33893,16.8
0.47265,0.74205,0.40033,-0.25632,0.48516,-0.32166,0.33879,16.9
0.47284,0.74208,0.4004,-0.25575,0.48476,-0.32231,0.33879,17
0.47242,0.74196,0.40081,-0.25626,0.48517,-0.32162,0.33866,17.1
0.47191,0.74239,0.40052,-0.25642,0.48516,-0.32161,0.33847,17.2
0.47168,0.74228,0.40112,-0.25621,0.48516,-0.32133,0.33841,17.3
0.47164,0.74211,0.40149,-0.25619,0.48525,-0.32083,0.33832,17.4
0.47182,0.74214,0.40157,-0.25564,0.48491,-0.32109,0.33809,17.5
0.47175,0.7422,0.4018,-0.25524,0.48467,-0.32109,0.33789,17.6
0.47146,0.74219,0.40185,-0.25572,0.48469,-0.3204,0.33811,17.7
0.47297,0.74134,0.40177,-0.25553,0.48462,-0.32042,0.33746,17.8
0.47291,0.74111,0.40253,-0.25511,0.48469,-0.31974,0.33733,17.9
0.47249,0.74148,0.4022,-0.25534,0.48437,-0.31947,0.33768,18
0.47337,0.74138,0.40174,-0.25473,0.48389,-0.32011,0.33718,18.1
0.47311,0.74167,0.40169,-0.25443,0.48376,-0.31963,0.33709,18.2
0.47326,0.74187,0.40143,-0.25397,0.48326,-0.31973,0.33717,18.3
0.47323,0.74204,0.40126,-0.25383,0.48292,-0.31997,0.33702,18.4
0.47263,0.74275,0.40053,-0.25401,0.4826,-0.31971,0.33701,18.5
0.47236,0.7425,0.40137,-0.25389,0.48275,-0.31906,0.33667,18.6
0.47211,0.74235,0.40192,-0.25396,0.48281,-0.31861,0.33642,18.7
0.47152,0.74242,0.40253,-0.2539,0.48284,-0.31796,0.33626,18.8
0.47172,0.74244,0.40259,-0.25334,0.4826,-0.31804,0.33581,18.9
0.4713,0.74277,0.40226,-0.25369,0.48259,-0.31756,0.33577,19
0.47179,0.74263,0.40222,-0.25325,0.48239,-0.31809,0.33514,19.1
0.47147,0.74284,0.40245,-0.25287,0.48218,-0.31803,0.33513,19.2
0.4717,0.74277,0.40221,-0.25303,0.4822,-0.31807,0.33457,19.3
0.47132,0.74239,0.4034,-0.25295,0.4825,-0.31765,0.3341,19.4
0.47149,0.74256,0.40312,-0.25258,0.48216,-0.31803,0.3338,19.5
0.47127,0.74236,0.40368,-0.25271,0.48229,-0.31763,0.33345,19.6
0.47164,0.7421,0.40382,-0.25254,0.48239,-0.3175,0.33301,19.7
0.47162,0.74164,0.40439,-0.253,0.48289,-0.31678,0.33257,19.8
0.47145,0.74136,0.40498,-0.25321,0.48308,-0.31613,0.33245,19.9
0.47158,0.74164,0.40466,-0.25265,0.4827,-0.31646,0.3324,20
0.47117,0.74184,0.40464,-0.25286,0.48257,-0.31601,0.33278,20.1
0.47129,0.74187,0.40414,-0.25332,0.48237,-0.31608,0.33306,20.2
0.47133,0.74185,0.40295,-0.25521,0.48312,-0.31606,0.33052,20.3
0.47067,0.74115,0.40536,-0.25466,0.48296,-0.31441,0.33415,20.4
0.47126,0.74035,0.40552,-0.25564,0.48332,-0.31421,0.33379,20.5
0.4712,0.74028,0.40595,-0.25525,0.48319,-0.31419,0.33411,20.6
0.4712,0.7403,0.40593,-0.25526,0.48304,-0.31425,0.33426,20.7
0.47137,0.73974,0.40625,-0.25604,0.48373,-0.31339,0.33413,20.8
0.47167,0.73964,0.40593,-0.25627,0.48367,-0.31392,0.33382,20.9
0.47131,0.73962,0.40671,-0.25577,0.48356,-0.31365,0.3341,21
0.47117,0.73989,0.40633,-0.25586,0.48353,-0.31411,0.33354,21.1
0.47129,0.73959,0.40702,-0.25542,0.48368,-0.31356,0.33332,21.2
0.47181,0.73919,0.40742,-0.25495,0.48368,-0.31344,0.33282,21.3
0.47179,0.73921,0.40742,-0.25493,0.48371,-0.31309,0.33235,21.4
0.47136,0.73948,0.40738,-0.25502,0.48377,-0.31249,0.33218,21.5
0.47131,0.73963,0.40737,-0.25469,0.48366,-0.31245,0.33177,21.6
0.47183,0.73962,0.40738,-0.25372,0.4833,-0.31233,0.33165,21.7
0.47207,0.73996,0.40681,-0.25321,0.48258,-0.31278,0.33161,21.8
0.47196,0.74015,0.4065,-0.25335,0.48255,-0.31242,0.33117,21.9
0.47161,0.74034,0.40648,-0.25349,0.48264,-0.31195,0.3309,22
0.47148,0.7405,0.40644,-0.25332,0.48237,-0.31175,0.33093,22.1
0.47116,0.74026,0.40694,-0.25383,0.48271,-0.31076,0.33085,22.2
0.47176,0.73989,0.40726,-0.25326,0.48256,-0.31121,0.33034,22.3
0.47141,0.73987,0.40769,-0.25327,0.48249,-0.31099,0.33041,22.4
0.47223,0.73924,0.40835,-0.25254,0.48236,-0.31113,0.3303,22.5
0.4722,0.73912,0.40832,-0.253,0.4825,-0.31078,0.33031,22.6
0.47237,0.73902,0.40838,-0.25288,0.48247,-0.31109,0.33005,22.7
0.47147,0.73934,0.40839,-0.25359,0.48254,-0.3105,0.33041,22.8
0.47165,0.73922,0.40843,-0.25354,0.48248,-0.31063,0.33046,22.9
0.47151,0.73911,0.40851,-0.25399,0.48266,-0.31003,0.33057,23
0.47157,0.73905,0.40862,-0.25389,0.48259,-0.31008,0.33057,23.1
0.47157,0.73912,0.40851,-0.25385,0.48247,-0.30989,0.3307,23.2
0.47151,0.73914,0.40852,-0.25389,0.48257,-0.30908,0.33081,23.3
0.47209,0.73901,0.40852,-0.25318,0.4821,-0.30949,0.33102,23.4
0.47215,0.73884,0.4085,-0.25362,0.48217,-0.30942,0.33082,23.5
0.47254,0.73848,0.40901,-0.25312,0.48226,-0.3093,0.33059,23.6
0.47282,0.73814,0.40927,-0.25316,0.48242,-0.30933,0.33009,23.7
0.47294,0.73796,0.40938,-0.25329,0.48263,-0.30913,0.32966,23.8
0.47293,0.73783,0.40967,-0.25322,0.48284,-0.30892,0.32932,23.9
0.47329,0.73727,0.41032,-0.25313,0.4832,-0.30906,0.32892,24
0.47294,0.73736,0.41042,-0.25334,0.48342,-0.30955,0.32872,24.1
0.47286,0.73683,0.41141,-0.25342,0.48389,-0.30957,0.32863,24.2
0.47328,0.73653,0.41156,-0.25326,0.4842,-0.31021,0.32826,24.3
0.47302,0.73647,0.41165,-0.25379,0.48477,-0.3098,0.32841,24.4
0.47317,0.73602,0.41212,-0.25404,0.48532,-0.31005,0.32796,24.5
0.47326,0.73574,0.41267,-0.25379,0.48545,-0.31056,0.32826,24.6
0.47357,0.73489,0.41328,-0.25469,0.48637,-0.31016,0.32817,24.7
0.47341,0.73423,0.41404,-0.25566,0.48729,-0.3096,0.3279,24.8
0.47355,0.73395,0.41461,-0.25527,0.48736,-0.31008,0.32774,24.9
0.47375,0.73381,0.41471,-0.25513,0.48734,-0.31045,0.32753,25
0.47357,0.73374,0.41478,-0.25555,0.48779,-0.31014,0.327,25.1
0.47302,0.7339,0.41502,-0.25574,0.48797,-0.30948,0.32722,25.2
0.47317,0.73404,0.41461,-0.2557,0.48781,-0.30995,0.32653,25.3
0.47313,0.73386,0.41545,-0.25496,0.48754,-0.31005,0.32651,25.4
0.47322,0.73364,0.41557,-0.25521,0.48783,-0.30969,0.32602,25.5
0.47344,0.73347,0.41598,-0.25465,0.48756,-0.30993,0.32598,25.6
0.47335,0.73301,0.41627,-0.25566,0.48828,-0.30883,0.32574,25.7
0.4735,0.73294,0.4165,-0.25518,0.48804,-0.30944,0.32558,25.8
0.47344,0.7329,0.41659,-0.25527,0.48825,-0.30908,0.32561,25.9
0.47316,0.73348,0.4162,-0.25476,0.48789,-0.30936,0.32598,26
0.47262,0.73332,0.41651,-0.25572,0.48852,-0.30884,0.32594,26.1
0.47166,0.73377,0.41654,-0.25614,0.48886,-0.30849,0.32574,26.2
0.47062,0.73406,0.4176,-0.2555,0.48891,-0.30821,0.3259,26.3
0.47064,0.73439,0.41718,-0.25521,0.48887,-0.3086,0.32562,26.4
0.47044,0.73425,0.41767,-0.25518,0.4892,-0.30818,0.32534,26.5
0.47021,0.73468,0.4173,-0.25496,0.48905,-0.30862,0.32528,26.6
0.46946,0.7353,0.41696,-0.25512,0.48892,-0.30873,0.32541,26.7
0.46918,0.73538,0.4172,-0.25502,0.48891,-0.30864,0.3256,26.8
0.46857,0.7356,0.41724,-0.25546,0.48936,-0.30767,0.32549,26.9
0.46843,0.73625,0.41689,-0.25438,0.48886,-0.30885,0.325,27
0.4667,0.73686,0.41787,-0.25421,0.48899,-0.30781,0.32564,27.1
0.4651,0.7377,0.41779,-0.25481,0.48912,-0.30704,0.32608,27.2
0.46469,0.73766,0.41841,-0.25465,0.48906,-0.30693,0.32609,27.3
0.46457,0.73821,0.41793,-0.25408,0.48851,-0.30742,0.32602,27.4
0.46441,0.7384,0.41769,-0.25422,0.48855,-0.30676,0.32591,27.5
0.46402,0.73869,0.41745,-0.25447,0.4884,-0.30634,0.32618,27.6
0.4644,0.73832,0.41773,-0.2544,0.48842,-0.30612,0.32613,27.7
0.46434,0.73865,0.41732,-0.25422,0.48803,-0.30611,0.3262,27.8
0.46352,0.73896,0.41753,-0.25448,0.48797,-0.30553,0.32662,27.9
0.46329,0.73898,0.41751,-0.25486,0.48801,-0.30512,0.32694,28
0.46311,0.73888,0.41764,-0.25525,0.48827,-0.3047,0.32678,28.1
0.46309,0.73892,0.41764,-0.25518,0.4882,-0.30476,0.327,28.2
0.463,0.73892,0.41763,-0.25539,0.48833,-0.30463,0.32685,28.3
0.46251,0.73926,0.41765,-0.25524,0.48823,-0.30461,0.32713,28.4
0.46268,0.73892,0.41796,-0.25543,0.48855,-0.3043,0.32695,28.5
0.46254,0.73928,0.4175,-0.25539,0.48837,-0.30442,0.3268,28.6
0.46178,0.73962,0.41776,-0.25532,0.48835,-0.30437,0.32655,28.7
0.45998,0.74075,0.41806,-0.25481,0.48792,-0.30383,0.32702,28.8
0.46076,0.7405,0.4181,-0.25408,0.48793,-0.30435,0.32634,28.9
0.461,0.74,0.41864,-0.2542,0.48829,-0.30418,0.32541,29
0.46027,0.7408,0.41825,-0.25384,0.48791,-0.30459,0.32548,29.1
0.46019,0.74061,0.41878,-0.25368,0.48813,-0.30448,0.32514,29.2
0.45987,0.74041,0.4192,-0.25415,0.48856,-0.30392,0.32496,29.3
0.45994,0.74055,0.41898,-0.25396,0.48831,-0.30446,0.32502,29.4
0.45971,0.74055,0.41906,-0.25424,0.48843,-0.30452,0.32489,29.5
0.45981,0.74066,0.41896,-0.25391,0.48819,-0.30473,0.32509,29.6
0.45973,0.74028,0.41948,-0.25432,0.48864,-0.30388,0.32514,29.7
0.45992,0.74031,0.41899,-0.25468,0.48861,-0.30404,0.32509,29.8
0.45977,0.74046,0.41897,-0.25454,0.48849,-0.30399,0.32545,29.9
0.45939,0.74076,0.41858,-0.25502,0.48854,-0.30376,0.32568,30
0.4589,0.74099,0.41856,-0.25525,0.48853,-0.30334,0.32613,30.1
0.45898,0.74086,0.41877,-0.25514,0.48848,-0.30313,0.32646,30.2
0.45904,0.7412,0.418,-0.2553,0.48831,-0.30303,0.32673,30.3
0.45847,0.74152,0.41792,-0.25553,0.4885,-0.30278,0.32678,30.4
0.45836,0.7414,0.41812,-0.25576,0.48862,-0.30256,0.32703,30.5
0.45949,0.74102,0.41784,-0.25527,0.48828,-0.30311,0.32718,30.6
0.46017,0.7404,0.41787,-0.25579,0.48879,-0.30275,0.32656,30.7
0.45971,0.74042,0.41835,-0.25578,0.48886,-0.30245,0.32693,30.8
0.46022,0.74012,0.4181,-0.25613,0.4891,-0.30243,0.32655,30.9
0.45949,0.74072,0.41797,-0.25596,0.48885,-0.3025,0.32698,31
0.45948,0.7408,0.41785,-0.25592,0.48879,-0.30258,0.32704,31.1
0.45961,0.74067,0.41783,-0.25611,0.48887,-0.30219,0.32712,31.2
0.45992,0.74054,0.41756,-0.25635,0.489,-0.30166,0.32697,31.3
0.46095,0.73996,0.41791,-0.25562,0.48882,-0.3021,0.32642,31.4
0.46068,0.74063,0.4172,-0.2553,0.48842,-0.30223,0.32643,31.5
0.46034,0.74062,0.41753,-0.25541,0.48853,-0.30158,0.32657,31.6
0.46049,0.74094,0.41706,-0.25498,0.48817,-0.30213,0.32631,31.7
0.4604,0.74094,0.41715,-0.25501,0.4884,-0.30183,0.32617,31.8
0.46036,0.74064,0.41763,-0.25515,0.48856,-0.30149,0.3259,31.9
0.46016,0.74046,0.41817,-0.25516,0.48888,-0.30111,0.32554,32
0.46088,0.74042,0.41761,-0.2549,0.48881,-0.3018,0.3251,32.1
0.46084,0.74037,0.41773,-0.25492,0.48883,-0.30167,0.32511,32.2
0.46117,0.74002,0.41807,-0.25476,0.48887,-0.30175,0.32498,32.3
0.46119,0.74013,0.41792,-0.25466,0.4888,-0.30193,0.32507,32.4
0.46133,0.73981,0.41814,-0.25498,0.48895,-0.3016,0.32534,32.5
0.46112,0.73983,0.41802,-0.25549,0.48918,-0.3014,0.32557,32.6
0.46066,0.73994,0.41819,-0.25574,0.48928,-0.30124,0.32602,32.7
0.46124,0.73924,0.41853,-0.25614,0.48961,-0.3008,0.32625,32.8
0.46155,0.73909,0.41824,-0.25649,0.48974,-0.30107,0.32607,32.9
0.46152,0.73911,0.41813,-0.25668,0.48997,-0.30103,0.32613,33
0.46153,0.73913,0.41808,-0.25668,0.48977,-0.30109,0.32652,33.1
0.46209,0.73898,0.4177,-0.2567,0.48969,-0.30143,0.32641,33.2
0.4621,0.73877,0.41809,-0.25668,0.48984,-0.30121,0.3263,33.3
0.46236,0.73853,0.41806,-0.25694,0.49007,-0.30081,0.32623,33.4
0.46208,0.73824,0.41886,-0.25697,0.49035,-0.30016,0.32664,33.5
0.46178,0.73827,0.419,-0.25719,0.49058,-0.29981,0.32674,33.6
0.46161,0.73847,0.41877,-0.25731,0.49065,-0.29983,0.32662,33.7
0.46173,0.73838,0.41872,-0.25742,0.4908,-0.29975,0.32647,33.8
0.4617,0.7387,0.41825,-0.25735,0.49063,-0.30016,0.32621,33.9
0.4619,0.73833,0.41893,-0.25695,0.49057,-0.29985,0.32646,34
0.46183,0.73812,0.41921,-0.25721,0.49071,-0.29927,0.32663,34.1
0.46222,0.73792,0.41919,-0.2571,0.49093,-0.29976,0.32607,34.2
0.46176,0.73809,0.41943,-0.25708,0.49107,-0.29966,0.32617,34.3
0.46173,0.73819,0.4191,-0.25735,0.49133,-0.29952,0.32612,34.4
0.46163,0.73825,0.41927,-0.25708,0.49133,-0.29946,0.32644,34.5
0.46143,0.73814,0.41958,-0.25724,0.49156,-0.29947,0.32644,34.6
0.46142,0.7381,0.41965,-0.25728,0.49179,-0.29941,0.32644,34.7
0.46145,0.73797,0.41981,-0.25733,0.49212,-0.29933,0.3264,34.8
0.46112,0.73799,0.42008,-0.25744,0.49252,-0.29893,0.3264,34.9
0.45972,0.73873,0.42028,-0.25751,0.49254,-0.29846,0.32705,35
0.4602,0.73841,0.42056,-0.2571,0.49275,-0.29865,0.32663,35.1
0.46023,0.73875,0.42005,-0.25687,0.49276,-0.29867,0.32672,35.2
0.46079,0.73847,0.42004,-0.2567,0.49273,-0.29913,0.32672,35.3
0.46085,0.73797,0.42047,-0.25734,0.49343,-0.29809,0.32693,35.4
0.46105,0.73784,0.42058,-0.25717,0.49349,-0.29835,0.32713,35.5
0.46023,0.73803,0.42075,-0.2578,0.49383,-0.29795,0.32762,35.6
0.45974,0.73821,0.42088,-0.25798,0.49404,-0.29776,0.32826,35.7
0.45932,0.7381,0.42105,-0.25875,0.49462,-0.29729,0.32861,35.8
0.45947,0.73786,0.42131,-0.25873,0.49497,-0.29733,0.32881,35.9
0.45913,0.73771,0.42151,-0.25944,0.49561,-0.29708,0.32902,36
0.45986,0.73685,0.4217,-0.26029,0.49643,-0.29723,0.32864,36.1
0.4598,0.73697,0.42171,-0.26004,0.49646,-0.29784,0.32886,36.2
0.46024,0.73658,0.42185,-0.26013,0.4968,-0.29795,0.32886,36.3
0.4601,0.7363,0.42211,-0.26075,0.49747,-0.29749,0.32868,36.4
0.4594,0.7364,0.42265,-0.26084,0.4979,-0.29733,0.32862,36.5
0.45951,0.73632,0.42299,-0.26032,0.49778,-0.29813,0.32857,36.6
0.46031,0.73549,0.42362,-0.26021,0.4984,-0.29797,0.32789,36.7
0.46034,0.73544,0.42386,-0.25992,0.49849,-0.29819,0.3278,36.8
0.46,0.7354,0.42413,-0.26021,0.49896,-0.29799,0.3276,36.9
0.45973,0.73511,0.42496,-0.26016,0.4995,-0.29805,0.32719,37
0.45921,0.73508,0.42534,-0.26053,0.49988,-0.29789,0.32753,37.1
0.45945,0.73452,0.42568,-0.2611,0.50066,-0.29789,0.32707,37.2
0.45923,0.73431,0.42611,-0.2614,0.50128,-0.29798,0.32676,37.3
0.45913,0.73415,0.42659,-0.26123,0.50153,-0.29842,0.32681,37.4
0.4583,0.73399,0.42727,-0.26204,0.50241,-0.29744,0.32711,37.5
0.45908,0.73319,0.42786,-0.26194,0.50284,-0.29819,0.3267,37.6
0.45881,0.73272,0.42882,-0.26214,0.50338,-0.298,0.3267,37.7
0.45867,0.73273,0.42872,-0.26255,0.50364,-0.29832,0.32676,37.8
0.45823,0.7328,0.42888,-0.26286,0.50394,-0.29807,0.32716,37.9
0.45845,0.73224,0.42927,-0.26339,0.50454,-0.2979,0.32691,38
0.45819,0.7326,0.42888,-0.26348,0.50456,-0.2982,0.32703,38.1
0.45787,0.73213,0.42989,-0.26368,0.5052,-0.29789,0.32692,38.2
0.45746,0.7319,0.43059,-0.26389,0.5057,-0.29754,0.32706,38.3
0.45758,0.73212,0.43015,-0.26382,0.50571,-0.29832,0.32684,38.4
0.45754,0.73203,0.43038,-0.26374,0.50595,-0.29839,0.32669,38.5
0.45738,0.73171,0.43075,-0.26432,0.50664,-0.29792,0.32631,38.6
0.45722,0.73139,0.43121,-0.26474,0.50752,-0.29718,0.3259,38.7
0.45742,0.73165,0.43082,-0.26431,0.5074,-0.29774,0.32566,38.8
0.45776,0.73174,0.43074,-0.2636,0.50682,-0.2985,0.32581,38.9
0.45759,0.73139,0.43124,-0.26403,0.50723,-0.29813,0.32537,39
0.45807,0.73119,0.43132,-0.26361,0.50717,-0.29865,0.32495,39.1
0.45778,0.73078,0.43217,-0.26387,0.5075,-0.29804,0.32494,39.2
0.45793,0.73088,0.43197,-0.26366,0.50729,-0.29849,0.32481,39.3
0.45756,0.73106,0.43193,-0.26387,0.50739,-0.29842,0.32501,39.4
0.45733,0.73127,0.43171,-0.26404,0.50723,-0.29871,0.32544,39.5
0.45693,0.73124,0.43203,-0.26431,0.50743,-0.29833,0.32575,39.6
0.45703,0.73076,0.43251,-0.26468,0.50787,-0.2981,0.3257,39.7
0.45698,0.73019,0.43302,-0.2655,0.50855,-0.29715,0.32578,39.8
0.4578,0.73026,0.43245,-0.26481,0.50796,-0.29867,0.32565,39.9
0.45764,0.72969,0.43305,-0.26566,0.50864,-0.29786,0.32567,40
0.45778,0.72982,0.43275,-0.26556,0.50848,-0.29856,0.32571,40.1
0.45775,0.7295,0.43326,-0.26565,0.5088,-0.29834,0.32572,40.2
0.4577,0.72962,0.43309,-0.26572,0.50879,-0.29858,0.326,40.3
0.45724,0.7298,0.43286,-0.26638,0.50902,-0.29797,0.32652,40.4
0.45835,0.72893,0.43349,-0.26581,0.50911,-0.29859,0.32622,40.5
0.45815,0.72918,0.43311,-0.2661,0.50911,-0.29872,0.32663,40.6
0.45759,0.72938,0.43307,-0.2666,0.50933,-0.29846,0.32702,40.7
0.45745,0.72904,0.43358,-0.26693,0.50995,-0.29801,0.32692,40.8
0.45748,0.72934,0.43312,-0.26679,0.50978,-0.29838,0.32726,40.9
0.45796,0.72954,0.43255,-0.26636,0.50923,-0.29952,0.32751,41
0.45779,0.72929,0.43272,-0.26705,0.50977,-0.29889,0.3278,41.1
0.45809,0.72904,0.4326,-0.26742,0.51009,-0.29895,0.32786,41.2
0.45811,0.72882,0.43284,-0.26761,0.5105,-0.29876,0.32813,41.3
0.45734,0.72892,0.43295,-0.26846,0.51098,-0.29833,0.32862,41.4
0.45735,0.72872,0.43306,-0.26879,0.51125,-0.29827,0.32903,41.5
0.45783,0.72839,0.43292,-0.26911,0.51157,-0.29845,0.32898,41.6
0.45781,0.72825,0.43328,-0.26895,0.51167,-0.29858,0.32921,41.7
0.45794,0.72812,0.43325,-0.26912,0.5119,-0.29834,0.32947,41.8
0.4582,0.72796,0.4332,-0.26918,0.51222,-0.2986,0.32935,41.9
0.45813,0.72786,0.43345,-0.26918,0.51255,-0.29847,0.32946,42
0.45764,0.7286,0.43291,-0.26889,0.51255,-0.29845,0.3298,42.1
0.45767,0.72887,0.43255,-0.26869,0.51264,-0.29885,0.32984,42.2
0.45801,0.72864,0.43249,-0.26884,0.51299,-0.29894,0.32971,42.3
0.45797,0.72836,0.43285,-0.26907,0.51346,-0.2989,0.32952,42.4
0.45796,0.72846,0.43292,-0.2687,0.51363,-0.29925,0.32941,42.5
0.45786,0.72819,0.43335,-0.26893,0.51409,-0.29888,0.32948,42.6
0.45772,0.72811,0.43346,-0.26918,0.51456,-0.29842,0.32974,42.7
0.45764,0.72785,0.43362,-0.26975,0.51527,-0.29803,0.32938,42.8
0.45691,0.72809,0.43398,-0.26978,0.51522,-0.29791,0.33019,42.9
0.45714,0.72795,0.43388,-0.26992,0.51544,-0.2983,0.33043,43
0.45732,0.72805,0.43362,-0.26976,0.51553,-0.29849,0.33058,43.1
0.45629,0.72798,0.43432,-0.27058,0.51619,-0.29747,0.33109,43.2
0.45654,0.72765,0.43439,-0.27093,0.51644,-0.29776,0.33096,43.3
0.45612,0.72768,0.43481,-0.27088,0.51665,-0.29718,0.33123,43.4
0.45726,0.72675,0.43535,-0.2706,0.51711,-0.29757,0.33044,43.5
0.45594,0.72799,0.43427,-0.27119,0.51665,-0.29701,0.3317,43.6
0.45648,0.7278,0.43408,-0.2711,0.5168,-0.29751,0.3311,43.7
0.45615,0.72777,0.43418,-0.27158,0.51733,-0.29699,0.33101,43.8
0.45557,0.72809,0.43427,-0.27157,0.51716,-0.29662,0.33181,43.9
0.45627,0.72774,0.43422,-0.27141,0.51723,-0.29668,0.33183,44
0.4564,0.72693,0.43518,-0.27183,0.51789,-0.29564,0.33174,44.1
0.45627,0.72706,0.43515,-0.27174,0.51791,-0.29572,0.33178,44.2
0.45517,0.72773,0.43475,-0.27242,0.51806,-0.29461,0.33236,44.3
0.45771,0.72716,0.43441,-0.27025,0.51729,-0.2972,0.33136,44.4
0.4575,0.72703,0.43456,-0.27069,0.51755,-0.29663,0.33126,44.5
0.4567,0.72732,0.43462,-0.27117,0.51764,-0.29585,0.33149,44.6
0.45737,0.72674,0.43494,-0.27109,0.51796,-0.29581,0.33082,44.7
0.45766,0.72697,0.43462,-0.2705,0.51764,-0.29614,0.33077,44.8
0.45771,0.72666,0.43496,-0.27071,0.51797,-0.29577,0.33054,44.9
0.45743,0.72639,0.43547,-0.27108,0.51835,-0.29523,0.33058,45
0.45786,0.72628,0.43525,-0.27099,0.51851,-0.29598,0.33,45.1
0.45744,0.72608,0.4362,-0.27074,0.51843,-0.29628,0.33066,45.2
0.45699,0.72568,0.43647,-0.2721,0.51946,-0.29539,0.33051,45.3
0.45635,0.72583,0.43678,-0.27228,0.51954,-0.29557,0.33089,45.4
0.45704,0.7255,0.43683,-0.27194,0.5196,-0.29687,0.3306,45.5
0.45623,0.72507,0.43759,-0.27322,0.52047,-0.29585,0.33086,45.6
0.45593,0.72462,0.43827,-0.27382,0.52124,-0.29576,0.33069,45.7
0.45524,0.72433,0.43911,-0.27439,0.52186,-0.29546,0.33081,45.8
0.45563,0.7237,0.43946,-0.27483,0.52256,-0.29614,0.33018,45.9
0.45506,0.72333,0.44058,-0.27494,0.523,-0.29599,0.33035,46
0.4547,0.72322,0.44104,-0.2751,0.52326,-0.29629,0.33049,46.1
0.45429,0.72304,0.44144,-0.27563,0.52386,-0.29608,0.33023,46.2
0.45426,0.72239,0.44267,-0.27539,0.52435,-0.29627,0.32989,46.3
0.45369,0.72291,0.44237,-0.27545,0.52425,-0.29706,0.33003,46.4
0.45321,0.72254,0.44306,-0.27613,0.52495,-0.29692,0.32981,46.5
0.45286,0.7224,0.44358,-0.27621,0.52519,-0.29672,0.33008,46.6
0.45344,0.72255,0.44294,-0.2759,0.52477,-0.29747,0.33017,46.7
0.45344,0.72221,0.44334,-0.27616,0.52506,-0.29687,0.33011,46.8
0.45313,0.72234,0.44331,-0.27637,0.52513,-0.2967,0.33038,46.9
0.45274,0.72244,0.44342,-0.27655,0.52517,-0.29677,0.33059,47
0.45212,0.72226,0.44378,-0.27747,0.52579,-0.29577,0.33077,47.1
0.45236,0.72238,0.44345,-0.2773,0.52554,-0.29633,0.33101,47.2
0.45267,0.72183,0.44369,-0.27783,0.52617,-0.2957,0.33057,47.3
0.45252,0.72198,0.44359,-0.27783,0.5261,-0.2962,0.33045,47.4
0.45231,0.72192,0.44374,-0.27809,0.52635,-0.29585,0.33033,47.5
0.45309,0.72141,0.4441,-0.2776,0.5265,-0.29632,0.32996,47.6
0.4533,0.72134,0.44399,-0.2776,0.52639,-0.29632,0.32991,47.7
0.45366,0.72053,0.44476,-0.2779,0.52686,-0.29536,0.32954,47.8
0.45354,0.72097,0.44443,-0.27747,0.52651,-0.29603,0.32936,47.9
0.45335,0.72122,0.44434,-0.27726,0.52621,-0.29595,0.32969,48
0.45352,0.72112,0.44445,-0.27706,0.52628,-0.2956,0.32958,48.1
0.4534,0.72134,0.44447,-0.27667,0.52597,-0.29549,0.33007,48.2
0.45375,0.72124,0.44411,-0.27693,0.52606,-0.29511,0.32998,48.3
0.45344,0.72177,0.44353,-0.27699,0.52568,-0.29504,0.33052,48.4
0.45348,0.72145,0.44383,-0.27729,0.52591,-0.29418,0.33064,48.5
0.45328,0.72192,0.44332,-0.27719,0.52566,-0.29416,0.33092,48.6
0.45346,0.72205,0.44297,-0.27712,0.52537,-0.29433,0.33119,48.7
0.45288,0.72249,0.44253,-0.27764,0.5253,-0.29377,0.33158,48.8
0.4535,0.72179,0.44312,-0.27749,0.52561,-0.29332,0.33115,48.9
0.45316,0.72193,0.44325,-0.27747,0.52549,-0.29268,0.33169,49
0.45352,0.72192,0.44265,-0.27786,0.52553,-0.29258,0.33149,49.1
0.45365,0.72176,0.44273,-0.27793,0.52582,-0.29221,0.33062,49.2
0.45355,0.72209,0.4427,-0.2773,0.52546,-0.29226,0.33042,49.3
0.4538,0.72164,0.44319,-0.27727,0.52544,-0.2915,0.33033,49.4
0.45393,0.72173,0.44307,-0.27703,0.52521,-0.29112,0.33029,49.5
0.45339,0.72195,0.44308,-0.27729,0.52518,-0.29057,0.33039,49.6
0.45274,0.72259,0.44258,-0.27751,0.52479,-0.29054,0.33081,49.7
0.45293,0.72248,0.4427,-0.27731,0.52478,-0.29036,0.3309,49.8
0.45304,0.72251,0.44255,-0.27729,0.52465,-0.29038,0.33105,49.9
0.45286,0.72232,0.44286,-0.27757,0.52492,-0.28987,0.33105,50
0.45285,0.72228,0.44289,-0.27766,0.52512,-0.28961,0.3309,50.1
0.45244,0.72235,0.44308,-0.27784,0.52515,-0.28908,0.33117,50.2
0.45253,0.72239,0.44282,-0.278,0.52527,-0.28896,0.33108,50.3
0.45179,0.72235,0.44335,-0.27847,0.52568,-0.28794,0.33101,50.4
0.45146,0.7225,0.44323,-0.2788,0.52577,-0.28786,0.3309,50.5
0.45139,0.72256,0.44337,-0.27853,0.52578,-0.28806,0.33068,50.6
0.45137,0.7227,0.44327,-0.27838,0.52589,-0.28833,0.33022,50.7
0.45052,0.72298,0.44382,-0.27814,0.52572,-0.28806,0.33078,50.8
0.45051,0.72322,0.44342,-0.27815,0.52566,-0.28832,0.33057,50.9
0.45031,0.72322,0.44365,-0.27811,0.52579,-0.28822,0.33038,51
0.45001,0.72353,0.44346,-0.2781,0.52575,-0.28836,0.33034,51.1
0.44992,0.72355,0.44365,-0.27789,0.52561,-0.28844,0.33045,51.2
0.45025,0.72302,0.44388,-0.27836,0.52614,-0.28811,0.3299,51.3
0.44966,0.72345,0.44368,-0.27851,0.52593,-0.28783,0.33044,51.4
0.44881,0.72331,0.44421,-0.27942,0.52626,-0.28629,0.33101,51.5
0.44915,0.72349,0.44369,-0.27923,0.52605,-0.28675,0.33055,51.6
0.44905,0.72378,0.44354,-0.27887,0.52577,-0.28702,0.33042,51.7
0.44865,0.7241,0.44342,-0.27887,0.52552,-0.28675,0.33044,51.8
0.44885,0.72444,0.44295,-0.27841,0.52499,-0.28684,0.33057,51.9
0.44811,0.72484,0.4425,-0.27929,0.52519,-0.28566,0.33055,52
0.44831,0.72506,0.44198,-0.27921,0.52512,-0.28615,0.32986,52.1
0.44696,0.72544,0.44265,-0.27934,0.52505,-0.28547,0.33055,52.2
0.44733,0.7249,0.44311,-0.2794,0.52541,-0.28535,0.33021,52.3
0.4475,0.72437,0.44375,-0.27949,0.52599,-0.28522,0.32957,52.4
0.44657,0.7243,0.44443,-0.28008,0.52639,-0.28426,0.32983,52.5
0.44802,0.72277,0.44593,-0.27933,0.52683,-0.28478,0.32909,52.6
0.44823,0.72307,0.4454,-0.27907,0.52643,-0.28554,0.32924,52.7
0.44888,0.72235,0.44595,-0.27899,0.52689,-0.28555,0.32875,52.8
0.44865,0.72231,0.44615,-0.27916,0.52713,-0.28514,0.32854,52.9
0.44835,0.72243,0.44614,-0.27935,0.52719,-0.28518,0.32858,53
0.44852,0.72242,0.44607,-0.2792,0.52716,-0.28519,0.32867,53.1
0.44861,0.72222,0.44625,-0.27928,0.52735,-0.2849,0.32858,53.2
0.44847,0.72196,0.44661,-0.27963,0.5276,-0.28461,0.32855,53.3
0.44849,0.72188,0.44656,-0.27988,0.52781,-0.28447,0.32814,53.4
0.44838,0.72198,0.44673,-0.27954,0.52767,-0.28424,0.32829,53.5
0.44836,0.72213,0.44636,-0.27973,0.52766,-0.28408,0.32811,53.6
0.44784,0.72244,0.44627,-0.27992,0.52751,-0.2835,0.32844,53.7
0.448,0.72229,0.44631,-0.27999,0.52766,-0.28311,0.32807,53.8
0.44706,0.72294,0.44626,-0.27988,0.52751,-0.28283,0.32826,53.9
0.44678,0.72339,0.44593,-0.2797,0.52703,-0.28307,0.3287,54
0.44716,0.72252,0.44668,-0.28017,0.52747,-0.28149,0.32852,54.1
0.44823,0.72284,0.44569,-0.2792,0.52664,-0.28281,0.32842,54.2
0.44726,0.72293,0.44572,-0.28048,0.52696,-0.28135,0.32877,54.3
0.44633,0.72322,0.44602,-0.28072,0.52683,-0.2809,0.32942,54.4
0.4469,0.72274,0.44614,-0.28084,0.52701,-0.28087,0.32931,54.5
0.44674,0.72298,0.44574,-0.28113,0.52695,-0.28087,0.32947,54.6
0.44664,0.72294,0.44591,-0.28114,0.52699,-0.28067,0.32973,54.7
0.44577,0.72375,0.44505,-0.28179,0.52669,-0.28033,0.33046,54.8
0.44761,0.72254,0.44563,-0.28105,0.52687,-0.28137,0.32961,54.9
0.44776,0.72263,0.44557,-0.28068,0.52661,-0.28186,0.32992,55
0.44732,0.72232,0.44618,-0.28121,0.52694,-0.28116,0.3301,55.1
0.44734,0.72204,0.44664,-0.28119,0.52697,-0.28109,0.33021,55.2
0.44772,0.72183,0.44647,-0.28137,0.52706,-0.28135,0.32995,55.3
0.44815,0.72142,0.44698,-0.28093,0.52712,-0.28161,0.32979,55.4
0.44801,0.7217,0.44656,-0.28112,0.52697,-0.28192,0.32996,55.5
0.44797,0.72141,0.4469,-0.28137,0.52717,-0.28196,0.32998,55.6
0.44822,0.72068,0.44762,-0.28169,0.52752,-0.28131,0.3302,55.7
0.44938,0.72003,0.44743,-0.2818,0.52765,-0.28214,0.3296,55.8
0.44893,0.71927,0.44841,-0.28291,0.52863,-0.28108,0.32982,55.9
0.44888,0.719,0.44877,-0.28312,0.52887,-0.28158,0.32978,56
0.44891,0.71834,0.44954,-0.28353,0.52953,-0.28135,0.32958,56.1
0.44884,0.71799,0.44989,-0.28395,0.52988,-0.28139,0.32971,56.2
0.44913,0.71798,0.44945,-0.28421,0.52994,-0.28213,0.32961,56.3
0.44927,0.71736,0.45022,-0.28434,0.53035,-0.28205,0.32939,56.4
0.44949,0.71748,0.44994,-0.28414,0.53009,-0.28326,0.32929,56.5
0.44964,0.71694,0.45052,-0.28433,0.53025,-0.28312,0.32912,56.6
0.44872,0.71705,0.45097,-0.2848,0.53056,-0.28216,0.32911,56.7
0.44906,0.71709,0.45091,-0.28427,0.53006,-0.28269,0.32931,56.8
0.4491,0.71741,0.45036,-0.28426,0.52989,-0.28258,0.32887,56.9
0.44812,0.71846,0.45002,-0.2837,0.52932,-0.2826,0.3291,57
0.44787,0.71897,0.4497,-0.28331,0.52876,-0.28305,0.32922,57.1
0.44799,0.71943,0.44898,-0.28309,0.52829,-0.28339,0.32897,57.2
0.44805,0.71874,0.44999,-0.28316,0.52863,-0.28263,0.32841,57.3
0.44783,0.71882,0.45016,-0.28302,0.5285,-0.28226,0.32797,57.4
0.44768,0.71888,0.45049,-0.28258,0.52821,-0.28191,0.32772,57.5
0.44748,0.71927,0.45036,-0.28213,0.52764,-0.28202,0.3278,57.6
0.44767,0.71925,0.45003,-0.28239,0.52762,-0.28202,0.32712,57.7
0.44635,0.72026,0.44973,-0.28238,0.52726,-0.28171,0.32734,57.8
0.4459,0.71958,0.45122,-0.28246,0.52752,-0.2806,0.32738,57.9
0.44558,0.71983,0.45107,-0.28258,0.52743,-0.28046,0.32715,58
0.44629,0.71952,0.45088,-0.28254,0.52753,-0.281,0.32625,58.1
0.44661,0.71934,0.45095,-0.28238,0.5274,-0.28146,0.32574,58.2
0.44575,0.7194,0.45145,-0.28276,0.52762,-0.2805,0.32597,58.3
0.44543,0.71972,0.4513,-0.28271,0.52734,-0.28031,0.32647,58.4
0.44536,0.71952,0.45163,-0.2828,0.52745,-0.28026,0.3261,58.5
0.44485,0.71981,0.45169,-0.28276,0.52747,-0.28058,0.32576,58.6
0.44399,0.72004,0.45215,-0.28279,0.52767,-0.28075,0.32535,58.7
0.44389,0.71968,0.45271,-0.28297,0.52797,-0.28072,0.32457,58.8
0.4434,0.71973,0.45305,-0.28307,0.52824,-0.27993,0.32404,58.9
0.44348,0.71964,0.45361,-0.28228,0.52794,-0.28038,0.32341,59
0.44355,0.71964,0.45376,-0.28192,0.52758,-0.28055,0.32339,59.1
0.44376,0.71911,0.45413,-0.28234,0.52739,-0.2801,0.32377,59.2
0.44434,0.71897,0.45363,-0.28259,0.52721,-0.28045,0.32364,59.3
0.44391,0.71944,0.45318,-0.28279,0.52661,-0.28056,0.32495,59.4
0.44405,0.71894,0.45308,-0.284,0.52669,-0.27914,0.32618,59.5
0.44544,0.71855,0.45176,-0.28491,0.52655,-0.27924,0.32644,59.6
0.44636,0.71824,0.45127,-0.28503,0.52639,-0.27904,0.32685,59.7
0.44667,0.718,0.45082,-0.28587,0.5264,-0.27772,0.32747,59.8
0.4472,0.71783,0.45053,-0.28592,0.5263,-0.27685,0.32765,59.9
0.44655,0.71856,0.45017,-0.28569,0.52587,-0.27609,0.32864,60
0.44655,0.71814,0.45018,-0.28671,0.52625,-0.27459,0.32891,60.1
0.44617,0.71818,0.45022,-0.28712,0.52635,-0.27349,0.32909,60.2
0.4457,0.71863,0.45007,-0.28697,0.5262,-0.27284,0.32937,60.3
0.44692,0.71848,0.44954,-0.28628,0.52585,-0.27348,0.32902,60.4
0.44509,0.71985,0.44866,-0.28708,0.5259,-0.27103,0.32983,60.5
0.44613,0.71885,0.44937,-0.28686,0.52604,-0.27186,0.32941,60.6
0.44604,0.71884,0.44954,-0.28677,0.52621,-0.27156,0.32916,60.7
0.44652,0.71927,0.449,-0.28578,0.52568,-0.27212,0.32938,60.8
0.44652,0.71946,0.44882,-0.28558,0.52562,-0.27175,0.32926,60.9
0.44639,0.7192,0.44927,-0.28575,0.52581,-0.27023,0.32948,61
0.44687,0.7195,0.44841,-0.28558,0.5257,-0.2702,0.32904,61.1
0.44604,0.7197,0.44945,-0.28475,0.52513,-0.26912,0.33022,61.2
0.44612,0.72005,0.44813,-0.28578,0.5255,-0.26839,0.32955,61.3
0.44589,0.72033,0.44813,-0.28546,0.52533,-0.26767,0.32927,61.4
0.44565,0.72061,0.44813,-0.28513,0.52524,-0.26666,0.32925,61.5
0.44607,0.72085,0.44766,-0.28459,0.52483,-0.26641,0.32911,61.6
0.44577,0.72094,0.44767,-0.28483,0.52489,-0.26564,0.32897,61.7
0.4453,0.72128,0.44769,-0.28468,0.52494,-0.26513,0.32904,61.8
0.44448,0.72162,0.44771,-0.28507,0.52516,-0.26413,0.32946,61.9
0.44521,0.72097,0.44821,-0.28479,0.52529,-0.26427,0.32898,62
0.44491,0.72096,0.44852,-0.28476,0.52554,-0.26409,0.32858,62.1
0.44417,0.72148,0.44856,-0.28456,0.52548,-0.26381,0.3287,62.2
0.44411,0.72137,0.4487,-0.28472,0.52569,-0.26341,0.32848,62.3
0.44425,0.72112,0.44904,-0.28459,0.5259,-0.26327,0.32797,62.4
0.44424,0.72132,0.44886,-0.28438,0.52581,-0.26347,0.32783,62.5
0.44382,0.72125,0.44924,-0.28462,0.52595,-0.26285,0.3279,62.6
0.44394,0.7211,0.44952,-0.28435,0.52593,-0.26294,0.32799,62.7
0.44399,0.72035,0.4503,-0.28496,0.52649,-0.26223,0.32797,62.8
0.44413,0.71996,0.4507,-0.28508,0.52669,-0.26262,0.3279,62.9
0.44346,0.71943,0.45175,-0.28581,0.52746,-0.2615,0.32807,63
0.44416,0.7188,0.45211,-0.28573,0.52771,-0.26212,0.32842,63.1
0.4437,0.71858,0.45209,-0.28703,0.52829,-0.26166,0.329,63.2
0.44364,0.71805,0.4526,-0.28765,0.52885,-0.26174,0.32943,63.3
0.44397,0.71814,0.45188,-0.28804,0.52905,-0.26259,0.3294,63.4
0.44359,0.71793,0.45244,-0.28825,0.5294,-0.26293,0.33015,63.5
0.44377,0.71704,0.45309,-0.28921,0.53029,-0.26271,0.33038,63.6
0.4436,0.71675,0.45333,-0.2898,0.53086,-0.26273,0.33054,63.7
0.44349,0.71676,0.45321,-0.29011,0.53125,-0.26287,0.33052,63.8
0.4431,0.7167,0.45356,-0.29033,0.53146,-0.26219,0.33099,63.9
0.44403,0.71679,0.45287,-0.28975,0.53115,-0.2626,0.33086,64
0.44481,0.7168,0.4524,-0.28927,0.5309,-0.26292,0.33051,64.1
0.44511,0.71657,0.45252,-0.2892,0.53079,-0.2624,0.33061,64.2
0.44489,0.71623,0.45263,-0.29018,0.53118,-0.26091,0.33081,64.3
0.44484,0.71667,0.452,-0.29016,0.53095,-0.26072,0.331,64.4
0.44447,0.71682,0.45216,-0.29011,0.53085,-0.26041,0.33124,64.5
0.44384,0.71736,0.45188,-0.29017,0.53065,-0.25958,0.33177,64.6
0.44391,0.71755,0.45158,-0.29008,0.53049,-0.2591,0.33209,64.7
0.44441,0.71703,0.45201,-0.28992,0.53057,-0.2588,0.33202,64.8
0.44376,0.71761,0.4515,-0.29029,0.53053,-0.25783,0.33257,64.9
0.44342,0.71739,0.45182,-0.29085,0.53093,-0.25692,0.33257,65
0.4437,0.71724,0.45194,-0.29059,0.53104,-0.25678,0.33234,65.1
0.44266,0.71733,0.45253,-0.29103,0.53138,-0.25524,0.33261,65.2
0.44371,0.71685,0.45274,-0.2903,0.53137,-0.25557,0.33204,65.3
0.44413,0.71648,0.45302,-0.29013,0.53161,-0.25523,0.33155,65.4
0.44301,0.71638,0.45374,-0.29098,0.53211,-0.25341,0.33183,65.5
0.44397,0.71626,0.45325,-0.29058,0.53199,-0.25438,0.3314,65.6
0.44443,0.71616,0.45301,-0.29049,0.53208,-0.25467,0.33111,65.7
0.44402,0.71576,0.45379,-0.29087,0.53229,-0.25421,0.33132,65.8
0.44314,0.71612,0.45349,-0.29178,0.53238,-0.25362,0.33178,65.9
0.44307,0.71597,0.45367,-0.292,0.53251,-0.25348,0.33177,66
0.4431,0.71519,0.45445,-0.29266,0.53321,-0.25281,0.33131,66.1
0.44326,0.71492,0.45466,-0.29272,0.53319,-0.25314,0.33124,66.2
0.44367,0.71459,0.45496,-0.29243,0.53338,-0.25342,0.33076,66.3
0.44354,0.71397,0.45583,-0.29279,0.53396,-0.25276,0.33044,66.4
0.4434,0.71368,0.45616,-0.29321,0.53421,-0.25244,0.33058,66.5
0.44364,0.71327,0.45646,-0.29338,0.53441,-0.25262,0.33049,66.6
0.44353,0.71319,0.45664,-0.29346,0.53477,-0.25247,0.33036,66.7
0.44317,0.71309,0.45677,-0.29404,0.53511,-0.25214,0.33057,66.8
0.44276,0.71274,0.45729,-0.29471,0.53568,-0.25124,0.33078,66.9
0.44331,0.71241,0.4574,-0.29451,0.53581,-0.25162,0.33084,67
0.44371,0.71169,0.45763,-0.29528,0.5364,-0.25087,0.33078,67.1
0.44362,0.71135,0.45813,-0.29547,0.53683,-0.25048,0.33078,67.2
0.44352,0.71115,0.45832,-0.2958,0.53717,-0.2499,0.3308,67.3
0.4437,0.71073,0.45873,-0.29591,0.53748,-0.24968,0.33073,67.4
0.44334,0.71068,0.45881,-0.29644,0.5378,-0.249,0.33093,67.5
0.44369,0.71033,0.45893,-0.29657,0.53806,-0.24889,0.33077,67.6
0.44364,0.7104,0.4587,-0.29685,0.53821,-0.24887,0.33053,67.7
0.44311,0.71042,0.45922,-0.29677,0.53833,-0.24871,0.33062,67.8
0.443,0.71079,0.45902,-0.29634,0.53794,-0.24953,0.33052,67.9
0.44281,0.71058,0.45949,-0.29642,0.53811,-0.2488,0.33037,68
0.44169,0.71082,0.45959,-0.29735,0.53844,-0.24758,0.33041,68.1
0.44254,0.70991,0.46045,-0.29692,0.53855,-0.2481,0.32963,68.2
0.44206,0.70944,0.46129,-0.29748,0.53912,-0.24698,0.32894,68.3
0.44082,0.71045,0.46095,-0.29744,0.53879,-0.24662,0.32941,68.4
0.44208,0.70958,0.46136,-0.297,0.53889,-0.24734,0.3286,68.5
0.44228,0.70926,0.4615,-0.29724,0.5391,-0.24699,0.32798,68.6
0.44158,0.70959,0.46163,-0.2973,0.53906,-0.24612,0.32811,68.7
0.44164,0.70957,0.46162,-0.29728,0.53889,-0.24555,0.32801,68.8
0.44173,0.70993,0.46115,-0.29701,0.53851,-0.24529,0.32801,68.9
0.442,0.71017,0.46105,-0.29618,0.53806,-0.24522,0.32809,69
0.44206,0.70998,0.46117,-0.29638,0.53809,-0.24389,0.32825,69.1
0.44203,0.71028,0.46071,-0.29643,0.53789,-0.24358,0.32828,69.2
0.44197,0.71029,0.46105,-0.29594,0.53767,-0.24314,0.32864,69.3
0.44128,0.71078,0.46059,-0.2965,0.53782,-0.24154,0.32913,69.4
0.44154,0.71082,0.46005,-0.29688,0.53804,-0.24082,0.32891,69.5
0.44114,0.71147,0.45973,-0.29642,0.53765,-0.24044,0.32946,69.6
0.44141,0.71114,0.45993,-0.29648,0.53781,-0.23957,0.32975,69.7
0.44129,0.71084,0.45994,-0.29737,0.53825,-0.23792,0.32987,69.8
0.44132,0.71151,0.45884,-0.29742,0.53818,-0.2378,0.32991,69.9
0.4418,0.71108,0.45917,-0.29723,0.53833,-0.23731,0.32992,70
0.44093,0.71128,0.45932,-0.29779,0.53887,-0.23538,0.32999,70.1
0.44125,0.71142,0.45918,-0.29722,0.53883,-0.23506,0.33001,70.2
0.4411,0.71163,0.45909,-0.29706,0.53865,-0.23506,0.3302,70.3
0.44144,0.71117,0.45951,-0.29701,0.53899,-0.2345,0.3298,70.4
0.44099,0.71175,0.45923,-0.29672,0.53884,-0.23434,0.32991,70.5
0.44077,0.71148,0.45979,-0.29683,0.53913,-0.23363,0.32978,70.6
0.44095,0.71168,0.45966,-0.29627,0.5388,-0.23407,0.32977,70.7
0.44041,0.71158,0.46023,-0.29645,0.53915,-0.23311,0.32943,70.8
0.43578,0.70909,0.46429,-0.30286,0.54347,-0.22323,0.32869,70.9
0.43621,0.70857,0.46479,-0.30268,0.5437,-0.22313,0.32816,71
0.4361,0.70835,0.46515,-0.30281,0.54404,-0.22246,0.32783,71.1
0.43564,0.70828,0.4653,-0.30341,0.54429,-0.22194,0.32757,71.2
0.43557,0.70799,0.46597,-0.30316,0.54426,-0.22172,0.32736,71.3
0.43515,0.70818,0.46646,-0.30254,0.54398,-0.2214,0.32732,71.4
0.43513,0.70852,0.46626,-0.30211,0.54377,-0.22167,0.32707,71.5
0.43531,0.70823,0.46663,-0.30195,0.54397,-0.22164,0.32632,71.6
0.43482,0.70843,0.46687,-0.3018,0.54373,-0.22133,0.32639,71.7
0.43394,0.70863,0.4674,-0.3018,0.54371,-0.22066,0.32665,71.8
0.43336,0.70887,0.46724,-0.30231,0.54372,-0.22021,0.32692,71.9
0.43356,0.70864,0.46731,-0.30245,0.54383,-0.2201,0.3266,72
0.43353,0.70873,0.46754,-0.30193,0.54358,-0.22023,0.32678,72.1
0.43351,0.7084,0.4678,-0.30233,0.54374,-0.21964,0.32671,72.2
0.43397,0.70789,0.46783,-0.30282,0.54393,-0.21925,0.32646,72.3
0.43424,0.70771,0.46796,-0.30266,0.54395,-0.21902,0.32646,72.4
0.43461,0.7073,0.46824,-0.30265,0.5439,-0.21892,0.32669,72.5
0.43437,0.70656,0.46886,-0.30374,0.5445,-0.21778,0.32663,72.6
0.43448,0.70649,0.46901,-0.30352,0.54463,-0.21807,0.32669,72.7
0.4345,0.70643,0.46904,-0.30359,0.54465,-0.21809,0.32684,72.8
0.43403,0.70626,0.46939,-0.30411,0.54482,-0.21776,0.32702,72.9
0.43413,0.70578,0.4701,-0.30399,0.54488,-0.21782,0.32714,73
0.43497,0.7053,0.47014,-0.30385,0.54508,-0.21852,0.32685,73.1
0.43531,0.70479,0.47031,-0.30428,0.54547,-0.21868,0.32677,73.2
0.43524,0.70473,0.47036,-0.30444,0.54574,-0.21924,0.32667,73.3
0.43501,0.70458,0.47074,-0.30452,0.54594,-0.2197,0.32719,73.4
0.4358,0.70366,0.47105,-0.30503,0.54639,-0.21982,0.32722,73.5
0.43581,0.70319,0.47118,-0.30593,0.54694,-0.2197,0.32728,73.6
0.43584,0.70266,0.47156,-0.3065,0.54733,-0.21953,0.32768,73.7
0.43637,0.70198,0.47193,-0.30674,0.54789,-0.21979,0.32739,73.8
0.43656,0.70147,0.4723,-0.30707,0.54849,-0.21929,0.32727,73.9
0.43693,0.70107,0.47278,-0.3067,0.54868,-0.21966,0.32727,74
0.43744,0.70092,0.47254,-0.30672,0.54887,-0.21981,0.32703,74.1
0.43771,0.70066,0.47279,-0.30652,0.54902,-0.21943,0.32728,74.2
0.43845,0.70023,0.47282,-0.30641,0.54941,-0.21926,0.32672,74.3
0.43784,0.70029,0.47318,-0.30657,0.54952,-0.21879,0.32701,74.4
0.43715,0.70045,0.47331,-0.307,0.54981,-0.21829,0.32718,74.5
0.43728,0.70022,0.47331,-0.30733,0.55017,-0.21777,0.32704,74.6
0.43782,0.69982,0.47355,-0.30712,0.55033,-0.21792,0.3265,74.7
0.4379,0.69936,0.47429,-0.30691,0.55059,-0.21726,0.32622,74.8
0.43804,0.69896,0.47472,-0.30695,0.55097,-0.21685,0.32568,74.9
0.43791,0.69882,0.47503,-0.30699,0.55121,-0.21645,0.32547,75
0.43856,0.69866,0.47476,-0.30683,0.5514,-0.21671,0.32518,75.1
0.43822,0.69824,0.47537,-0.30732,0.55195,-0.21588,0.32482,75.2
0.43769,0.69812,0.47603,-0.30733,0.55221,-0.21538,0.32479,75.3
0.4376,0.6981,0.47633,-0.30705,0.55216,-0.21504,0.32493,75.4
0.43781,0.69788,0.47612,-0.30756,0.55246,-0.21438,0.32453,75.5
0.43788,0.69798,0.4763,-0.30697,0.55238,-0.21454,0.32414,75.6
0.43806,0.69824,0.47625,-0.30618,0.552,-0.215,0.32411,75.7
0.43769,0.69854,0.47592,-0.30653,0.55199,-0.2144,0.32403,75.8
0.43758,0.69851,0.47604,-0.3066,0.55198,-0.214,0.32383,75.9
0.43735,0.69848,0.47622,-0.30669,0.55187,-0.21343,0.32406,76
0.43726,0.69836,0.47636,-0.3069,0.55185,-0.21294,0.32406,76.1
0.43783,0.69789,0.47645,-0.30699,0.55196,-0.2122,0.32402,76.2
0.43798,0.69789,0.47608,-0.30736,0.55203,-0.21211,0.32373,76.3
0.43785,0.69794,0.47602,-0.30753,0.55181,-0.21158,0.32419,76.4
0.43892,0.6966,0.47671,-0.30797,0.5521,-0.21122,0.32387,76.5
0.43989,0.69595,0.47629,-0.30871,0.5526,-0.21089,0.32299,76.6
0.43988,0.69573,0.47655,-0.30883,0.55267,-0.21043,0.32293,76.7
0.44049,0.69535,0.47658,-0.30876,0.55269,-0.21058,0.32259,76.8
0.44028,0.69503,0.47737,-0.30857,0.55284,-0.21016,0.32234,76.9
0.44027,0.69499,0.47722,-0.3089,0.55301,-0.20967,0.32231,77
0.44037,0.69452,0.47753,-0.30933,0.5533,-0.2092,0.32184,77.1
0.43988,0.69435,0.47849,-0.30892,0.55348,-0.2086,0.32157,77.2
0.43992,0.69408,0.47921,-0.30836,0.55363,-0.20837,0.32127,77.3
0.44042,0.69398,0.47889,-0.30837,0.55387,-0.20843,0.32081,77.4
0.4407,0.69387,0.4791,-0.30789,0.55374,-0.20888,0.32054,77.5
0.44014,0.69366,0.47962,-0.30834,0.55407,-0.20821,0.32026,77.6
0.43947,0.69381,0.48008,-0.30825,0.55403,-0.20794,0.32046,77.7
0.43961,0.69399,0.47965,-0.30831,0.55404,-0.20796,0.32026,77.8
0.43931,0.69402,0.47992,-0.30824,0.5539,-0.2075,0.32049,77.9
0.43938,0.69403,0.47971,-0.30844,0.55406,-0.20687,0.3203,78
0.43894,0.69456,0.47925,-0.3086,0.55386,-0.20675,0.32063,78.1
0.43911,0.6943,0.47968,-0.30827,0.55379,-0.20627,0.32075,78.2
0.43956,0.69432,0.47978,-0.30744,0.5535,-0.20655,0.32084,78.3
0.43985,0.69397,0.47986,-0.30767,0.55388,-0.20587,0.32073,78.4
0.43845,0.69503,0.47888,-0.30882,0.55383,-0.20424,0.32164,78.5
0.44024,0.69374,0.47935,-0.30843,0.55432,-0.20518,0.32066,78.6
0.43976,0.69372,0.47985,-0.3084,0.55436,-0.20496,0.32098,78.7
0.4399,0.69376,0.47949,-0.30869,0.55466,-0.20457,0.32102,78.8
0.43995,0.69341,0.47983,-0.30884,0.55479,-0.20414,0.32108,78.9
0.43947,0.69342,0.48035,-0.30871,0.55488,-0.20333,0.32123,79
0.43964,0.69325,0.48048,-0.30863,0.55494,-0.20307,0.32134,79.1
0.4389,0.69334,0.4807,-0.30915,0.5551,-0.20194,0.32182,79.2
0.44001,0.69284,0.48072,-0.30865,0.55521,-0.20295,0.32138,79.3
0.43951,0.69226,0.48169,-0.30917,0.55578,-0.20179,0.32159,79.4
0.43978,0.69205,0.48139,-0.30971,0.55628,-0.20188,0.32126,79.5
0.43961,0.69201,0.48151,-0.30986,0.55656,-0.20204,0.32119,79.6
0.43949,0.69177,0.4819,-0.30996,0.55679,-0.20157,0.32144,79.7
0.43914,0.69155,0.48206,-0.31069,0.55729,-0.20098,0.32127,79.8
0.4394,0.69127,0.48231,-0.31056,0.55736,-0.20069,0.32139,79.9
0.43968,0.69118,0.48214,-0.31063,0.55748,-0.20043,0.32121,80
0.43939,0.69138,0.48222,-0.31047,0.55744,-0.20025,0.32138,80.1
0.43926,0.69133,0.48225,-0.31071,0.55744,-0.1996,0.32171,80.2
0.43912,0.69105,0.48257,-0.31104,0.55768,-0.19881,0.32165,80.3
0.43897,0.69111,0.48272,-0.31089,0.55755,-0.19876,0.32205,80.4
0.43929,0.69098,0.48255,-0.311,0.55749,-0.19885,0.32217,80.5
0.43926,0.69092,0.48259,-0.3111,0.55753,-0.19885,0.3222,80.6
0.43871,0.69085,0.48284,-0.31165,0.55765,-0.19786,0.3224,80.7
0.43915,0.69047,0.48309,-0.31148,0.55768,-0.19819,0.32231,80.8
0.43936,0.69036,0.48278,-0.31192,0.5577,-0.19813,0.3223,80.9
0.4396,0.68961,0.48326,-0.31249,0.55799,-0.19739,0.32237,81
0.43986,0.68922,0.48324,-0.31301,0.55829,-0.197,0.32191,81.1
0.43951,0.68906,0.48374,-0.31308,0.55823,-0.19638,0.32221,81.2
0.44035,0.68852,0.48379,-0.31301,0.55822,-0.1963,0.32189,81.3
0.44079,0.6886,0.48341,-0.31281,0.55778,-0.19668,0.32199,81.4
0.44037,0.6889,0.4832,-0.31306,0.55755,-0.19603,0.32211,81.5
0.43997,0.68893,0.48341,-0.31324,0.55745,-0.19517,0.32209,81.6
0.43927,0.68941,0.48353,-0.31298,0.55694,-0.19475,0.32272,81.7
0.43984,0.68949,0.48313,-0.31262,0.55661,-0.19489,0.32256,81.8
0.44113,0.6889,0.48305,-0.31222,0.55675,-0.19503,0.32182,81.9
0.44191,0.68833,0.48377,-0.31127,0.55645,-0.19532,0.32156,82
0.44205,0.68797,0.48392,-0.31161,0.55676,-0.19461,0.32109,82.1
0.44233,0.68752,0.48464,-0.31109,0.55665,-0.19446,0.32098,82.2
0.4422,0.68742,0.48468,-0.31146,0.55693,-0.19424,0.32083,82.3
0.44206,0.68737,0.48458,-0.31191,0.5572,-0.1942,0.32052,82.4
0.44189,0.68721,0.48477,-0.3122,0.55747,-0.19385,0.32048,82.5
0.44205,0.68703,0.48504,-0.31197,0.55757,-0.19408,0.32056,82.6
0.4419,0.6866,0.48556,-0.31232,0.55805,-0.1937,0.3204,82.7
0.44148,0.68596,0.48647,-0.31288,0.55866,-0.19278,0.32064,82.8
0.44112,0.68578,0.48658,-0.31363,0.55914,-0.19246,0.32054,82.9
0.441,0.68548,0.48703,-0.31374,0.55951,-0.19249,0.32063,83
0.44167,0.6852,0.4867,-0.31392,0.55987,-0.19322,0.32023,83.1
0.4412,0.68509,0.48742,-0.31372,0.56011,-0.19324,0.3203,83.2
0.44081,0.68497,0.48761,-0.31422,0.56053,-0.19301,0.31995,83.3
0.44074,0.68474,0.48797,-0.31426,0.56067,-0.19278,0.31979,83.4
0.44136,0.68438,0.48838,-0.31355,0.56067,-0.19344,0.31919,83.5
0.44102,0.68442,0.48841,-0.31388,0.56101,-0.19305,0.31871,83.6
0.44082,0.68394,0.48907,-0.31418,0.5613,-0.19227,0.31845,83.7
0.44077,0.68392,0.48934,-0.31387,0.56131,-0.19238,0.31831,83.8
0.4402,0.68423,0.4894,-0.31392,0.56145,-0.19205,0.31821,83.9
0.43971,0.68395,0.49015,-0.31405,0.5617,-0.19138,0.3182,84
0.43869,0.68442,0.4901,-0.3145,0.56173,-0.19049,0.3184,84.1
0.4394,0.68437,0.48993,-0.3139,0.56178,-0.19136,0.31753,84.2
0.43941,0.68418,0.49018,-0.3139,0.56196,-0.19068,0.31729,84.3
0.43887,0.68416,0.49074,-0.31383,0.5617,-0.18989,0.31772,84.4
0.43954,0.68364,0.49083,-0.3139,0.56186,-0.18983,0.31711,84.5
0.43923,0.68384,0.49087,-0.31382,0.56174,-0.18935,0.31724,84.6
0.43883,0.68414,0.49061,-0.31413,0.56165,-0.18881,0.31722,84.7
0.43848,0.68423,0.49071,-0.31428,0.56158,-0.18843,0.31729,84.8
0.43814,0.68408,0.49092,-0.31476,0.56162,-0.18759,0.31733,84.9
0.43844,0.68395,0.49108,-0.31437,0.56135,-0.18741,0.31753,85
0.4391,0.68323,0.49153,-0.31429,0.56148,-0.1869,0.31686,85.1
0.43846,0.6832,0.49208,-0.31441,0.56145,-0.18588,0.31716,85.2
0.43858,0.68337,0.49163,-0.31459,0.56156,-0.18587,0.31695,85.3
0.43803,0.68301,0.4924,-0.3149,0.5618,-0.18475,0.31706,85.4
0.43804,0.68267,0.49247,-0.31553,0.56222,-0.18437,0.31672,85.5
0.43803,0.68261,0.49265,-0.31539,0.56222,-0.18466,0.31637,85.6
0.43717,0.68285,0.49322,-0.31516,0.56222,-0.18435,0.31616,85.7
0.43675,0.68308,0.49365,-0.31458,0.562,-0.1845,0.31638,85.8
0.43645,0.68264,0.49419,-0.31512,0.56225,-0.18394,0.31586,85.9
0.43611,0.68233,0.49481,-0.31527,0.56231,-0.18331,0.31573,86
0.43609,0.68253,0.49451,-0.31533,0.56223,-0.18335,0.31576,86.1
0.43539,0.68245,0.4949,-0.31588,0.56223,-0.18228,0.31613,86.2
0.43451,0.68274,0.49465,-0.31683,0.56237,-0.18141,0.31621,86.3
0.43451,0.6827,0.49493,-0.31648,0.56216,-0.18154,0.31649,86.4
0.4349,0.68234,0.49508,-0.31648,0.56208,-0.18179,0.31633,86.5
0.43495,0.68211,0.49561,-0.3161,0.56186,-0.18183,0.3164,86.6
0.43519,0.68198,0.49532,-0.3165,0.56205,-0.18157,0.31621,86.7
0.43585,0.68145,0.49556,-0.31636,0.56204,-0.18139,0.31608,86.8
0.43604,0.6814,0.49554,-0.31624,0.56191,-0.1811,0.31614,86.9
0.43594,0.68149,0.4955,-0.31623,0.56168,-0.18097,0.31631,87
0.43632,0.68106,0.4956,-0.31649,0.56182,-0.18037,0.31631,87.1
0.43623,0.68079,0.49568,-0.31705,0.56195,-0.17941,0.31655,87.2
0.43638,0.68049,0.49591,-0.31716,0.56178,-0.17898,0.31685,87.3
0.43632,0.68014,0.49605,-0.31774,0.56198,-0.17823,0.31682,87.4
0.43686,0.68001,0.49622,-0.31703,0.56167,-0.17874,0.31717,87.5
0.43701,0.67948,0.49651,-0.3175,0.56199,-0.17804,0.31715,87.6
0.43753,0.67937,0.49631,-0.31734,0.56203,-0.17843,0.31689,87.7
0.43732,0.67905,0.49668,-0.31773,0.56217,-0.17776,0.317,87.8
0.43778,0.67889,0.49656,-0.31763,0.5621,-0.17824,0.31697,87.9
0.43764,0.67888,0.49651,-0.31791,0.56221,-0.17788,0.31695,88
0.43785,0.67877,0.49682,-0.31737,0.56207,-0.17815,0.3171,88.1
0.43735,0.67894,0.49682,-0.31771,0.56211,-0.17745,0.31727,88.2
0.43746,0.67872,0.497,-0.31774,0.56215,-0.17721,0.31729,88.3
0.43683,0.67868,0.49731,-0.31821,0.56233,-0.17628,0.3175,88.4
0.43656,0.6787,0.49746,-0.31831,0.56235,-0.17604,0.31776,88.5
0.43688,0.6788,0.49704,-0.3183,0.56226,-0.17643,0.31783,88.6
0.43607,0.67865,0.49756,-0.31892,0.56265,-0.17502,0.31775,88.7
0.43576,0.67853,0.49813,-0.3187,0.56272,-0.17475,0.31778,88.8
0.43613,0.67842,0.49803,-0.31861,0.56294,-0.17484,0.31726,88.9
0.436,0.67856,0.49823,-0.31816,0.56278,-0.1745,0.31764,89
0.43627,0.67862,0.49799,-0.31804,0.56277,-0.17455,0.31725,89.1
0.4363,0.67826,0.49836,-0.31818,0.56302,-0.17382,0.31709,89.2
0.43635,0.67836,0.49829,-0.31802,0.56306,-0.17406,0.31694,89.3
0.43611,0.67827,0.49889,-0.31759,0.56297,-0.17425,0.3171,89.4
0.43641,0.67777,0.49906,-0.31799,0.56349,-0.17403,0.31665,89.5
0.43597,0.67765,0.49953,-0.31809,0.56357,-0.17367,0.31677,89.6
0.43572,0.67731,0.49997,-0.31847,0.56397,-0.17329,0.3165,89.7
0.43522,0.67704,0.50023,-0.31932,0.56442,-0.17264,0.31643,89.8
0.4352,0.67684,0.50069,-0.31906,0.56455,-0.17297,0.3163,89.9
0.43521,0.67698,0.50029,-0.31938,0.56477,-0.17305,0.31604,90
0.43505,0.67665,0.50063,-0.31976,0.56495,-0.1725,0.31576,90.1
0.43512,0.67678,0.50033,-0.31987,0.56505,-0.17267,0.31531,90.2
0.43478,0.67685,0.50091,-0.31928,0.56484,-0.17262,0.31546,90.3
0.43484,0.67647,0.50123,-0.31947,0.56492,-0.17211,0.31533,90.4
0.43482,0.67638,0.50121,-0.31973,0.56499,-0.17176,0.31533,90.5
0.43493,0.67593,0.50164,-0.31986,0.56512,-0.17111,0.31522,90.6
0.43521,0.67569,0.50181,-0.31971,0.56523,-0.17104,0.31519,90.7
0.43497,0.67545,0.50214,-0.32003,0.56548,-0.17045,0.31515,90.8
0.43494,0.67554,0.50198,-0.32015,0.56575,-0.1706,0.31494,90.9
0.4347,0.67565,0.50229,-0.31975,0.56577,-0.17092,0.31506,91
0.43478,0.67511,0.50272,-0.32008,0.56621,-0.17013,0.31467,91.1
0.43491,0.67483,0.50293,-0.32018,0.56655,-0.17,0.31426,91.2
0.43433,0.67516,0.50289,-0.32035,0.56657,-0.16946,0.31424,91.3
0.43442,0.675,0.50327,-0.31997,0.56668,-0.16951,0.31404,91.4
0.43447,0.67496,0.50317,-0.32014,0.56678,-0.16922,0.31378,91.5
0.43457,0.67473,0.50335,-0.32019,0.56678,-0.1688,0.3137,91.6
0.43389,0.67497,0.50363,-0.32018,0.56656,-0.16805,0.31416,91.7
0.43422,0.67486,0.50335,-0.32041,0.56658,-0.1677,0.31384,91.8
0.43394,0.67475,0.50367,-0.32053,0.56657,-0.16698,0.31388,91.9
0.43348,0.67479,0.50371,-0.32098,0.56645,-0.16622,0.31427,92
0.43329,0.67409,0.50417,-0.32199,0.56671,-0.16522,0.3141,92.1
0.43412,0.67383,0.50397,-0.32173,0.56671,-0.16579,0.31373,92.2
0.43376,0.67382,0.50408,-0.32206,0.56689,-0.16512,0.3138,92.3
0.43367,0.67375,0.5041,-0.32229,0.56688,-0.16501,0.31392,92.4
0.43409,0.67338,0.50424,-0.32228,0.56694,-0.165,0.31387,92.5
0.43428,0.67328,0.50391,-0.32276,0.56702,-0.16465,0.31387,92.6
0.43476,0.67295,0.50363,-0.32323,0.56734,-0.1647,0.31306,92.7
0.43449,0.6727,0.5044,-0.32291,0.56727,-0.16437,0.31314,92.8
0.43467,0.67265,0.50463,-0.32242,0.56702,-0.16424,0.31342,92.9
0.43583,0.67182,0.50415,-0.32334,0.56768,-0.16358,0.31214,93
0.43528,0.67158,0.50511,-0.32306,0.56745,-0.16271,0.31293,93.1
0.43512,0.67156,0.505,-0.32351,0.56766,-0.16213,0.31285,93.2
0.43517,0.67132,0.50525,-0.32353,0.56791,-0.16205,0.31269,93.3
0.43504,0.67152,0.50477,-0.32406,0.56811,-0.16178,0.31244,93.4
0.43446,0.67194,0.50502,-0.32357,0.56754,-0.16134,0.31356,93.5
0.43469,0.67171,0.50496,-0.32383,0.56771,-0.16104,0.31342,93.6
0.43419,0.67181,0.5048,-0.32456,0.56795,-0.16003,0.31358,93.7
0.43371,0.67179,0.50504,-0.32485,0.56792,-0.15944,0.31391,93.8
0.43419,0.67146,0.50497,-0.325,0.56809,-0.15937,0.31366,93.9
0.43386,0.67159,0.50471,-0.32559,0.56825,-0.15866,0.3138,94
0.43418,0.67124,0.50484,-0.32567,0.56833,-0.15848,0.31379,94.1
0.43394,0.67102,0.50513,-0.326,0.5685,-0.15809,0.31391,94.2
0.43422,0.67097,0.50473,-0.32635,0.5687,-0.15804,0.31379,94.3
0.43414,0.671,0.50487,-0.32616,0.56871,-0.1584,0.31397,94.4
0.43399,0.67076,0.5052,-0.32635,0.56874,-0.15799,0.31434,94.5
0.43416,0.67049,0.50521,-0.32665,0.56889,-0.15786,0.31438,94.6
0.4342,0.67,0.5053,-0.32747,0.56922,-0.15707,0.31447,94.7
0.43474,0.66953,0.50561,-0.32724,0.56908,-0.15736,0.31486,94.8
0.43523,0.66942,0.50518,-0.32749,0.5691,-0.1576,0.31501,94.9
0.43519,0.66943,0.50503,-0.32776,0.56914,-0.15787,0.31525,95
0.43467,0.66933,0.50513,-0.32848,0.56936,-0.1575,0.31542,95.1
0.43493,0.66888,0.50557,-0.32837,0.56955,-0.15765,0.31535,95.2
0.43483,0.66881,0.5057,-0.32845,0.56968,-0.15764,0.31541,95.3
0.43445,0.66884,0.50617,-0.32817,0.56954,-0.1573,0.31583,95.4
0.4349,0.66836,0.50614,-0.3286,0.57011,-0.15727,0.31518,95.5
0.43419,0.66834,0.5064,-0.32919,0.57027,-0.15631,0.31543,95.6
0.43422,0.66798,0.5068,-0.32924,0.5705,-0.15627,0.31541,95.7
0.43416,0.66796,0.50674,-0.32947,0.57074,-0.15607,0.31531,95.8
0.43447,0.66791,0.50678,-0.32911,0.57084,-0.15671,0.31523,95.9
0.43412,0.66769,0.50712,-0.32949,0.57102,-0.15588,0.31548,96
0.43446,0.66744,0.50708,-0.3296,0.57128,-0.15597,0.31531,96.1
0.4343,0.66732,0.50718,-0.3299,0.57156,-0.1557,0.31533,96.2
0.43375,0.66695,0.50771,-0.33056,0.57198,-0.15518,0.31542,96.3
0.43384,0.66685,0.50754,-0.3309,0.57236,-0.15533,0.31537,96.4
0.43346,0.66646,0.50823,-0.33112,0.57265,-0.15474,0.3157,96.5
0.43343,0.66638,0.50805,-0.3316,0.57305,-0.15478,0.31549,96.6
0.4328,0.66623,0.50849,-0.33206,0.57333,-0.15405,0.31554,96.7
0.43278,0.6659,0.50878,-0.33229,0.57351,-0.15345,0.31557,96.8
0.43333,0.6658,0.50882,-0.33171,0.57332,-0.15384,0.31561,96.9
0.43325,0.6657,0.50858,-0.3324,0.57374,-0.15303,0.31512,97
0.43326,0.66584,0.5088,-0.33176,0.57336,-0.15314,0.31556,97.1
0.43297,0.66647,0.50802,-0.33207,0.57326,-0.15334,0.31575,97.2
0.43227,0.66632,0.50856,-0.33246,0.57341,-0.1524,0.31594,97.3
0.43216,0.66657,0.50807,-0.33285,0.57351,-0.15227,0.31573,97.4
0.43124,0.66716,0.50766,-0.33349,0.57345,-0.15158,0.31579,97.5
0.43031,0.66839,0.50659,-0.33386,0.57331,-0.15102,0.31583,97.6
0.43037,0.66851,0.50652,-0.33363,0.57308,-0.15068,0.31585,97.7
0.43164,0.668,0.50681,-0.33259,0.57284,-0.15117,0.31562,97.8
0.43141,0.66808,0.50645,-0.33325,0.57286,-0.14976,0.31557,97.9
0.43171,0.6682,0.5062,-0.33302,0.5726,-0.14952,0.31566,98
0.4318,0.66841,0.5057,-0.33323,0.57259,-0.14944,0.31547,98.1
0.43216,0.66836,0.50581,-0.33271,0.57233,-0.14968,0.31564,98.2
0.43213,0.66822,0.50566,-0.33324,0.57244,-0.14891,0.31536,98.3
0.43231,0.66819,0.50558,-0.3332,0.57238,-0.14888,0.31519,98.4
0.43252,0.66787,0.50624,-0.33255,0.57215,-0.14927,0.31519,98.5
0.43227,0.66808,0.50596,-0.3329,0.57219,-0.14883,0.31528,98.6
0.43243,0.66732,0.50639,-0.33356,0.57248,-0.14772,0.31529,98.7
0.43221,0.66735,0.50608,-0.33425,0.57267,-0.14726,0.3153,98.8
0.43162,0.66768,0.50599,-0.33448,0.57262,-0.14693,0.31578,98.9
0.4323,0.66714,0.50611,-0.3345,0.57269,-0.14697,0.31575,99
0.43199,0.66746,0.50575,-0.3348,0.57274,-0.14662,0.31598,99.1
0.432,0.66724,0.50602,-0.33483,0.57281,-0.14693,0.31599,99.2
0.43153,0.66714,0.50623,-0.33533,0.5729,-0.14636,0.31622,99.3
0.43124,0.66729,0.50614,-0.33551,0.57298,-0.14638,0.31628,99.4
0.43137,0.66729,0.50589,-0.33575,0.57302,-0.14639,0.31675,99.5
0.43202,0.66712,0.50535,-0.33604,0.57313,-0.14687,0.31703,99.6
0.43215,0.66639,0.50567,-0.33684,0.5735,-0.14639,0.31752,99.7
0.43241,0.66625,0.50547,-0.3371,0.57362,-0.14658,0.31802,99.8
0.43261,0.66597,0.50532,-0.33763,0.57382,-0.14656,0.31841,99.9
0.43306,0.66564,0.50515,-0.33794,0.57425,-0.14648,0.31793,100
0.43325,0.66536,0.5054,-0.33789,0.57426,-0.14601,0.31822,100.1
0.43434,0.66456,0.50562,-0.33772,0.57438,-0.14541,0.31806,100.2
0.43572,0.66426,0.50534,-0.33697,0.57433,-0.14614,0.31783,100.3
0.43614,0.66403,0.50569,-0.33633,0.57417,-0.14609,0.31838,100.4
0.43677,0.66344,0.50511,-0.33754,0.57492,-0.14543,0.31749,100.5
0.4365,0.66363,0.50538,-0.33713,0.57491,-0.14478,0.3181,100.6
0.43639,0.66372,0.50544,-0.337,0.57501,-0.14366,0.3184,100.7
0.43657,0.6635,0.50529,-0.33743,0.57545,-0.14368,0.31819,100.8
0.43634,0.66362,0.50543,-0.33727,0.57556,-0.14431,0.31805,100.9
0.43615,0.66345,0.50575,-0.33737,0.57579,-0.14393,0.31806,101
0.43695,0.66281,0.5061,-0.33709,0.57604,-0.1441,0.31753,101.1
0.43743,0.66209,0.50699,-0.33652,0.57607,-0.14378,0.31734,101.2
0.43709,0.6622,0.50711,-0.33658,0.5761,-0.14313,0.31723,101.3
0.43773,0.66211,0.50676,-0.33645,0.57619,-0.14326,0.31669,101.4
0.43927,0.66147,0.50687,-0.33554,0.57607,-0.14344,0.31613,101.5
0.43948,0.66101,0.50725,-0.33558,0.57615,-0.14235,0.31561,101.6
0.43868,0.66139,0.50708,-0.33614,0.57611,-0.14131,0.31533,101.7
0.43921,0.6614,0.50694,-0.33564,0.57599,-0.14154,0.31489,101.8
0.43945,0.66132,0.50722,-0.33506,0.57568,-0.14178,0.31474,101.9
0.43975,0.66122,0.50721,-0.33489,0.57564,-0.14181,0.31443,102
0.44001,0.66093,0.50759,-0.33453,0.57555,-0.14168,0.31447,102.1
0.44002,0.66071,0.50761,-0.33492,0.57563,-0.14132,0.31451,102.2
0.43996,0.66066,0.50734,-0.33552,0.57559,-0.14091,0.31487,102.3
0.44055,0.65986,0.50767,-0.33582,0.57558,-0.14029,0.31541,102.4
0.44151,0.65913,0.50774,-0.33588,0.57579,-0.14072,0.31508,102.5
0.44213,0.65837,0.50829,-0.33573,0.57581,-0.14042,0.31516,102.6
0.44305,0.65714,0.50886,-0.33606,0.57596,-0.13989,0.31497,102.7
0.44414,0.65704,0.50824,-0.33574,0.57565,-0.14034,0.315,102.8
0.44499,0.65657,0.50833,-0.33541,0.57559,-0.1404,0.31508,102.9
0.4449,0.65619,0.50849,-0.33603,0.57575,-0.13955,0.315,103
0.44452,0.65661,0.50795,-0.33654,0.57581,-0.13899,0.31522,103.1
0.44482,0.65595,0.50848,-0.33663,0.57588,-0.13878,0.31515,103.2
0.44483,0.65564,0.50881,-0.33672,0.57604,-0.13863,0.31495,103.3
0.44463,0.65557,0.50932,-0.33634,0.57588,-0.13892,0.31528,103.4
0.44436,0.65553,0.50925,-0.33688,0.57618,-0.13858,0.31512,103.5
0.4445,0.65465,0.51027,-0.33687,0.57657,-0.13842,0.31486,103.6
0.44441,0.65436,0.51075,-0.33681,0.57676,-0.13834,0.31485,103.7
0.44459,0.65389,0.51105,-0.33703,0.57711,-0.1381,0.31436,103.8
0.44453,0.65354,0.51178,-0.33669,0.57719,-0.13843,0.31415,103.9
0.44474,0.65339,0.51173,-0.33678,0.57743,-0.13854,0.31365,104
0.44512,0.65279,0.51231,-0.33657,0.57772,-0.13828,0.31317,104.1
0.44525,0.65264,0.51268,-0.33613,0.57761,-0.13819,0.31317,104.2
0.44582,0.6522,0.51275,-0.33609,0.57767,-0.13799,0.31265,104.3
