0.97806,-0.010997,-0.021211,0.20697,0.129,-0.040117,0.020552
0.97806,-0.010997,-0.021211,0.20697,0.129,-0.040117,0.020552
0.97806,-0.010997,-0.021211,0.20697,0.129,-0.040117,0.020552
0.97806,-0.010997,-0.021211,0.20697,0.129,-0.040117,0.020552
0.97806,-0.010997,-0.021211,0.20697,0.129,-0.040117,0.020552
0.97806,-0.010997,-0.021211,0.20697,0.129,-0.040117,0.020552
0.97806,-0.010997,-0.021211,0.20697,0.129,-0.040117,0.020552
0.97806,-0.010995,-0.021206,0.20697,0.12902,-0.040129,0.020558
0.97806,-0.010995,-0.021206,0.20697,0.12902,-0.040129,0.020558
0.97806,-0.010995,-0.021206,0.20697,0.12902,-0.040129,0.020558
0.97806,-0.010995,-0.021206,0.20697,0.12902,-0.040129,0.020558
0.97806,-0.010995,-0.021206,0.20697,0.12902,-0.040129,0.020558
0.97805,-0.010994,-0.021201,0.20697,0.12903,-0.040142,0.020564
0.97805,-0.010994,-0.021201,0.20697,0.12903,-0.040142,0.020564
0.97805,-0.010994,-0.021201,0.20697,0.12903,-0.040142,0.020564
0.97805,-0.010994,-0.021201,0.20697,0.12903,-0.040142,0.020564
0.97805,-0.010994,-0.021201,0.20697,0.12903,-0.040142,0.020564
0.97805,-0.010992,-0.021197,0.20698,0.12904,-0.040154,0.02057
0.97805,-0.010992,-0.021197,0.20698,0.12904,-0.040154,0.02057
0.97805,-0.010992,-0.021197,0.20698,0.12904,-0.040154,0.02057
0.97805,-0.010992,-0.021197,0.20698,0.12904,-0.040154,0.02057
0.97805,-0.010992,-0.021197,0.20698,0.12904,-0.040154,0.02057
0.97805,-0.010991,-0.021192,0.20698,0.12905,-0.040166,0.020576
0.97805,-0.010991,-0.021192,0.20698,0.12905,-0.040166,0.020576
0.97805,-0.010991,-0.021192,0.20698,0.12905,-0.040166,0.020576
0.97805,-0.010991,-0.021192,0.20698,0.12905,-0.040166,0.020576
0.97805,-0.010991,-0.021192,0.20698,0.12905,-0.040166,0.020576
0.97805,-0.010989,-0.021187,0.20698,0.12906,-0.040178,0.020582
0.97805,-0.010989,-0.021187,0.20698,0.12906,-0.040178,0.020582
0.97805,-0.010989,-0.021187,0.20698,0.12906,-0.040178,0.020582
0.97805,-0.010989,-0.021187,0.20698,0.12906,-0.040178,0.020583
0.97805,-0.010989,-0.021187,0.20698,0.12906,-0.040178,0.020583
0.97805,-0.010988,-0.021183,0.20699,0.12907,-0.04019,0.020589
0.97805,-0.010988,-0.021183,0.20699,0.12907,-0.04019,0.020589
0.97805,-0.010988,-0.021183,0.20699,0.12907,-0.04019,0.020589
0.97805,-0.010988,-0.021183,0.20699,0.12907,-0.04019,0.020589
0.97805,-0.010988,-0.021183,0.20699,0.12907,-0.04019,0.020589
0.97805,-0.010986,-0.021178,0.20699,0.12909,-0.040203,0.020595
0.97805,-0.010986,-0.021178,0.20699,0.12909,-0.040203,0.020595
0.97805,-0.010986,-0.021178,0.20699,0.12909,-0.040202,0.020595
0.97805,-0.010986,-0.021178,0.20699,0.12909,-0.040202,0.020595
0.97805,-0.010986,-0.021178,0.20699,0.12909,-0.040202,0.020595
0.97805,-0.010985,-0.021173,0.20699,0.1291,-0.040215,0.020601
0.97805,-0.010985,-0.021173,0.20699,0.1291,-0.040215,0.020601
0.97805,-0.010985,-0.021173,0.20699,0.1291,-0.040215,0.020601
0.97805,-0.010985,-0.021173,0.20699,0.1291,-0.040215,0.020601
0.97805,-0.010985,-0.021173,0.20699,0.1291,-0.040214,0.020601
0.97805,-0.010983,-0.021169,0.207,0.12911,-0.040227,0.020607
0.97805,-0.010983,-0.021169,0.207,0.12911,-0.040227,0.020607
0.97805,-0.010983,-0.021169,0.207,0.12911,-0.040227,0.020607
0.97805,-0.010983,-0.021169,0.207,0.12911,-0.040227,0.020607
0.97805,-0.010983,-0.021169,0.207,0.12911,-0.040227,0.020607
0.97805,-0.010982,-0.021164,0.207,0.12912,-0.040239,0.020613
0.97805,-0.010982,-0.021164,0.207,0.12912,-0.040239,0.020613
0.97805,-0.010982,-0.021164,0.207,0.12912,-0.040239,0.020613
0.97805,-0.010982,-0.021164,0.207,0.12912,-0.040239,0.020613
0.97805,-0.010982,-0.021164,0.207,0.12912,-0.040239,0.020613
0.97805,-0.01098,-0.021159,0.207,0.12913,-0.040251,0.020619
0.97805,-0.01098,-0.021159,0.207,0.12913,-0.040251,0.020619
0.97805,-0.01098,-0.021159,0.207,0.12913,-0.040251,0.020619
0.97805,-0.01098,-0.021159,0.207,0.12913,-0.040251,0.020619
0.97805,-0.01098,-0.021159,0.207,0.12913,-0.040251,0.020619
0.97805,-0.010978,-0.021155,0.207,0.12914,-0.040263,0.020625
0.97805,-0.010978,-0.021155,0.207,0.12914,-0.040263,0.020625
0.97805,-0.010978,-0.021155,0.207,0.12914,-0.040263,0.020625
0.97805,-0.010978,-0.021155,0.207,0.12914,-0.040263,0.020625
0.97805,-0.010978,-0.021155,0.207,0.12914,-0.040263,0.020625
0.97805,-0.010977,-0.02115,0.20701,0.12915,-0.040275,0.020631
0.97805,-0.010977,-0.02115,0.20701,0.12915,-0.040275,0.020631
0.97805,-0.010977,-0.02115,0.20701,0.12915,-0.040275,0.020631
0.97805,-0.010977,-0.02115,0.20701,0.12915,-0.040275,0.020631
0.97805,-0.010977,-0.02115,0.20701,0.12915,-0.040275,0.020631
0.97805,-0.010975,-0.021145,0.20701,0.12917,-0.040287,0.020637
0.97805,-0.010975,-0.021145,0.20701,0.12917,-0.040287,0.020637
0.97805,-0.010975,-0.021145,0.20701,0.12917,-0.040287,0.020637
0.97805,-0.010975,-0.021145,0.20701,0.12917,-0.040287,0.020637
0.97805,-0.010975,-0.021145,0.20701,0.12917,-0.040287,0.020637
0.97805,-0.010974,-0.021141,0.20701,0.12918,-0.040299,0.020643
0.97805,-0.010974,-0.021141,0.20701,0.12918,-0.040299,0.020643
0.97805,-0.010974,-0.021141,0.20701,0.12918,-0.040299,0.020643
0.97805,-0.010974,-0.021141,0.20701,0.12918,-0.040299,0.020643
0.97805,-0.010974,-0.021141,0.20701,0.12918,-0.040299,0.020643
0.97805,-0.010972,-0.021136,0.20702,0.12919,-0.040311,0.020648
0.97805,-0.010972,-0.021136,0.20702,0.12919,-0.040311,0.020648
0.97805,-0.010972,-0.021136,0.20702,0.12919,-0.040311,0.020648
0.97805,-0.010972,-0.021136,0.20702,0.12919,-0.040311,0.020649
0.97805,-0.010972,-0.021136,0.20702,0.12919,-0.040311,0.020649
0.97805,-0.010971,-0.021132,0.20702,0.1292,-0.040323,0.020654
0.97805,-0.010971,-0.021132,0.20702,0.1292,-0.040323,0.020654
0.97805,-0.010971,-0.021132,0.20702,0.1292,-0.040323,0.020654
0.97805,-0.010971,-0.021132,0.20702,0.1292,-0.040323,0.020654
0.97805,-0.010971,-0.021132,0.20702,0.1292,-0.040323,0.020655
0.97805,-0.010969,-0.021127,0.20702,0.12921,-0.040335,0.02066
0.97805,-0.010969,-0.021127,0.20702,0.12921,-0.040335,0.02066
0.97805,-0.010969,-0.021127,0.20702,0.12921,-0.040335,0.02066
0.97805,-0.010969,-0.021127,0.20702,0.12921,-0.040335,0.02066
0.97805,-0.010969,-0.021127,0.20702,0.12921,-0.040335,0.02066
0.97805,-0.010968,-0.021122,0.20702,0.12922,-0.040347,0.020666
0.97805,-0.010968,-0.021122,0.20702,0.12922,-0.040347,0.020666
0.97805,-0.010968,-0.021122,0.20702,0.12922,-0.040347,0.020666
0.97805,-0.010968,-0.021122,0.20702,0.12922,-0.040347,0.020666
0.97805,-0.010968,-0.021122,0.20702,0.12922,-0.040347,0.020666
0.97805,-0.010966,-0.021118,0.20703,0.12924,-0.040359,0.020672
0.97805,-0.010966,-0.021118,0.20703,0.12924,-0.040359,0.020672
0.97805,-0.010966,-0.021118,0.20703,0.12924,-0.040359,0.020672
0.97805,-0.010966,-0.021118,0.20703,0.12924,-0.040359,0.020672
0.97805,-0.010966,-0.021118,0.20703,0.12924,-0.040359,0.020672
0.97805,-0.010964,-0.021113,0.20703,0.12925,-0.040371,0.020678
0.97805,-0.010964,-0.021113,0.20703,0.12925,-0.040371,0.020678
0.97805,-0.010964,-0.021113,0.20703,0.12925,-0.040371,0.020678
0.97805,-0.010964,-0.021113,0.20703,0.12925,-0.040371,0.020678
0.97805,-0.010964,-0.021113,0.20703,0.12925,-0.040371,0.020678
0.97804,-0.010963,-0.021109,0.20703,0.12926,-0.040383,0.020684
0.97804,-0.010963,-0.021109,0.20703,0.12926,-0.040383,0.020684
0.97804,-0.010963,-0.021109,0.20703,0.12926,-0.040383,0.020684
0.97804,-0.010963,-0.021109,0.20703,0.12926,-0.040383,0.020684
0.97804,-0.010963,-0.021109,0.20703,0.12926,-0.040383,0.020684
0.97804,-0.010961,-0.021104,0.20704,0.12927,-0.040395,0.02069
0.97804,-0.010961,-0.021104,0.20704,0.12927,-0.040395,0.02069
0.97804,-0.010961,-0.021104,0.20704,0.12927,-0.040395,0.02069
0.97804,-0.010961,-0.021104,0.20704,0.12927,-0.040395,0.02069
0.97804,-0.010961,-0.021104,0.20704,0.12927,-0.040395,0.02069
0.97804,-0.01096,-0.021099,0.20704,0.12928,-0.040407,0.020696
0.97804,-0.01096,-0.021099,0.20704,0.12928,-0.040407,0.020696
0.97804,-0.01096,-0.021099,0.20704,0.12928,-0.040407,0.020696
0.97804,-0.01096,-0.021099,0.20704,0.12928,-0.040407,0.020696
0.97804,-0.01096,-0.021099,0.20704,0.12928,-0.040407,0.020696
0.97804,-0.010958,-0.021095,0.20704,0.12929,-0.040419,0.020702
0.97804,-0.010958,-0.021095,0.20704,0.12929,-0.040419,0.020702
0.97804,-0.010958,-0.021095,0.20704,0.12929,-0.040419,0.020702
0.97804,-0.010958,-0.021095,0.20704,0.12929,-0.040419,0.020702
0.97804,-0.010958,-0.021095,0.20704,0.12929,-0.040419,0.020702
0.97804,-0.010957,-0.02109,0.20704,0.1293,-0.04043,0.020708
0.97804,-0.010957,-0.02109,0.20704,0.1293,-0.04043,0.020708
0.97804,-0.010957,-0.02109,0.20704,0.1293,-0.04043,0.020708
0.97804,-0.010957,-0.02109,0.20704,0.1293,-0.04043,0.020708
0.97804,-0.010957,-0.02109,0.20704,0.1293,-0.04043,0.020708
0.97804,-0.010955,-0.021086,0.20705,0.12932,-0.040442,0.020713
0.97804,-0.010955,-0.021086,0.20705,0.12932,-0.040442,0.020713
0.97804,-0.010955,-0.021086,0.20705,0.12932,-0.040442,0.020713
0.97804,-0.010955,-0.021086,0.20705,0.12932,-0.040442,0.020713
0.97804,-0.010955,-0.021086,0.20705,0.12932,-0.040442,0.020713
0.97804,-0.010953,-0.021081,0.20705,0.12933,-0.040454,0.020719
0.97804,-0.010953,-0.021081,0.20705,0.12933,-0.040454,0.020719
0.97804,-0.010953,-0.021081,0.20705,0.12933,-0.040454,0.020719
0.97804,-0.010953,-0.021081,0.20705,0.12933,-0.040454,0.020719
0.97804,-0.010953,-0.021081,0.20705,0.12933,-0.040454,0.020719
0.97804,-0.010952,-0.021077,0.20705,0.12934,-0.040466,0.020725
0.97804,-0.010952,-0.021077,0.20705,0.12934,-0.040466,0.020725
0.97804,-0.010952,-0.021077,0.20705,0.12934,-0.040466,0.020725
0.97804,-0.010952,-0.021077,0.20705,0.12934,-0.040466,0.020725
0.97804,-0.010952,-0.021077,0.20705,0.12934,-0.040466,0.020725
0.97804,-0.01095,-0.021072,0.20705,0.12935,-0.040478,0.020731
0.97804,-0.01095,-0.021072,0.20705,0.12935,-0.040478,0.020731
0.97804,-0.01095,-0.021072,0.20705,0.12935,-0.040478,0.020731
0.97804,-0.01095,-0.021072,0.20705,0.12935,-0.040478,0.020731
0.97804,-0.01095,-0.021072,0.20705,0.12935,-0.040478,0.020731
0.97804,-0.010949,-0.021068,0.20706,0.12936,-0.04049,0.020736
0.97804,-0.010949,-0.021068,0.20706,0.12936,-0.04049,0.020736
0.97804,-0.010949,-0.021068,0.20706,0.12936,-0.04049,0.020736
0.97804,-0.010949,-0.021068,0.20706,0.12936,-0.04049,0.020736
0.97804,-0.010949,-0.021068,0.20706,0.12936,-0.04049,0.020736
0.97804,-0.010947,-0.021063,0.20706,0.12937,-0.040502,0.020742
0.97804,-0.010947,-0.021063,0.20706,0.12937,-0.040502,0.020742
0.97804,-0.010947,-0.021063,0.20706,0.12937,-0.040502,0.020742
0.97804,-0.010947,-0.021063,0.20706,0.12937,-0.040502,0.020742
0.97804,-0.010947,-0.021063,0.20706,0.12937,-0.040502,0.020742
0.97804,-0.010946,-0.021059,0.20706,0.12938,-0.040514,0.020748
0.97804,-0.010946,-0.021059,0.20706,0.12938,-0.040514,0.020748
0.97804,-0.010946,-0.021059,0.20706,0.12938,-0.040514,0.020748
0.97804,-0.010946,-0.021059,0.20706,0.12938,-0.040514,0.020748
0.97804,-0.010946,-0.021059,0.20706,0.12938,-0.040514,0.020748
0.97804,-0.010944,-0.021054,0.20707,0.12939,-0.040526,0.020753
0.97804,-0.010944,-0.021054,0.20707,0.12939,-0.040526,0.020753
0.97804,-0.010944,-0.021054,0.20707,0.12939,-0.040526,0.020753
0.97804,-0.010944,-0.021054,0.20707,0.12939,-0.040526,0.020753
0.97804,-0.010944,-0.021054,0.20707,0.12939,-0.040526,0.020753
0.97804,-0.010942,-0.02105,0.20707,0.12941,-0.040538,0.020759
0.97804,-0.010942,-0.02105,0.20707,0.12941,-0.040538,0.020759
0.97804,-0.010942,-0.02105,0.20707,0.12941,-0.040538,0.020759
0.97804,-0.010942,-0.02105,0.20707,0.12941,-0.040538,0.020759
0.97804,-0.010942,-0.02105,0.20707,0.12941,-0.040538,0.020759
0.97804,-0.010941,-0.021045,0.20707,0.12942,-0.04055,0.020764
0.97804,-0.010941,-0.021045,0.20707,0.12942,-0.04055,0.020764
0.97804,-0.010941,-0.021045,0.20707,0.12942,-0.04055,0.020764
0.97804,-0.010941,-0.021045,0.20707,0.12942,-0.04055,0.020765
0.97804,-0.010941,-0.021045,0.20707,0.12942,-0.040551,0.020765
0.97804,-0.010939,-0.021041,0.20707,0.12943,-0.040562,0.02077
0.97804,-0.010939,-0.021041,0.20707,0.12943,-0.040562,0.02077
0.97804,-0.010939,-0.021041,0.20707,0.12943,-0.040562,0.02077
0.97804,-0.010939,-0.021041,0.20707,0.12943,-0.040563,0.02077
0.97804,-0.010939,-0.021041,0.20707,0.12943,-0.040563,0.02077
0.97804,-0.010938,-0.021036,0.20708,0.12944,-0.040574,0.020776
0.97804,-0.010938,-0.021036,0.20708,0.12944,-0.040575,0.020776
0.97804,-0.010938,-0.021036,0.20708,0.12944,-0.040575,0.020776
0.97804,-0.010938,-0.021036,0.20708,0.12944,-0.040575,0.020776
0.97804,-0.010938,-0.021036,0.20708,0.12944,-0.040575,0.020776
0.97804,-0.010936,-0.021032,0.20708,0.12945,-0.040587,0.020781
0.97804,-0.010936,-0.021032,0.20708,0.12945,-0.040587,0.020781
0.97804,-0.010936,-0.021032,0.20708,0.12945,-0.040587,0.020781
0.97804,-0.010936,-0.021032,0.20708,0.12945,-0.040587,0.020781
0.97804,-0.010936,-0.021032,0.20708,0.12945,-0.040587,0.020781
0.97804,-0.010934,-0.021027,0.20708,0.12946,-0.040599,0.020787
0.97804,-0.010934,-0.021027,0.20708,0.12946,-0.040599,0.020787
0.97804,-0.010934,-0.021027,0.20708,0.12946,-0.040599,0.020787
0.97804,-0.010934,-0.021027,0.20708,0.12946,-0.040599,0.020787
0.97804,-0.010934,-0.021027,0.20708,0.12946,-0.040599,0.020787
0.97804,-0.010933,-0.021023,0.20708,0.12947,-0.040611,0.020793
0.97804,-0.010933,-0.021023,0.20708,0.12947,-0.040611,0.020793
0.97804,-0.010933,-0.021023,0.20708,0.12947,-0.040611,0.020793
0.97804,-0.010933,-0.021023,0.20708,0.12947,-0.040611,0.020793
0.97804,-0.010933,-0.021023,0.20708,0.12947,-0.040611,0.020793
0.97804,-0.010931,-0.021018,0.20709,0.12948,-0.040623,0.020798
0.97804,-0.010931,-0.021018,0.20709,0.12948,-0.040623,0.020798
0.97804,-0.010931,-0.021018,0.20709,0.12948,-0.040623,0.020798
0.97804,-0.010931,-0.021018,0.20709,0.12948,-0.040623,0.020798
0.97804,-0.010931,-0.021018,0.20709,0.12949,-0.040623,0.020798
0.97804,-0.01093,-0.021014,0.20709,0.1295,-0.040635,0.020804
0.97804,-0.01093,-0.021014,0.20709,0.1295,-0.040635,0.020804
0.97804,-0.01093,-0.021014,0.20709,0.1295,-0.040635,0.020804
0.97804,-0.01093,-0.021014,0.20709,0.1295,-0.040635,0.020804
0.97804,-0.01093,-0.021014,0.20709,0.1295,-0.040635,0.020804
0.97803,-0.010928,-0.021009,0.20709,0.12951,-0.040647,0.020809
0.97803,-0.010928,-0.021009,0.20709,0.12951,-0.040647,0.020809
0.97803,-0.010928,-0.021009,0.20709,0.12951,-0.040647,0.020809
0.97803,-0.010928,-0.021009,0.20709,0.12951,-0.040647,0.020809
0.97803,-0.010928,-0.021009,0.20709,0.12951,-0.040647,0.020809
0.97803,-0.010926,-0.021005,0.20709,0.12952,-0.040659,0.020815
0.97803,-0.010926,-0.021005,0.20709,0.12952,-0.040659,0.020815
0.97803,-0.010926,-0.021005,0.20709,0.12952,-0.040659,0.020815
0.97803,-0.010926,-0.021005,0.20709,0.12952,-0.040659,0.020815
0.97803,-0.010926,-0.021005,0.20709,0.12952,-0.040659,0.020815
0.97803,-0.010925,-0.021001,0.2071,0.12953,-0.040671,0.02082
0.97803,-0.010925,-0.021001,0.2071,0.12953,-0.040671,0.02082
0.97803,-0.010925,-0.021001,0.2071,0.12953,-0.040671,0.02082
0.97803,-0.010925,-0.021001,0.2071,0.12953,-0.040671,0.02082
0.97803,-0.010925,-0.021001,0.2071,0.12953,-0.040671,0.02082
0.97803,-0.010923,-0.020996,0.2071,0.12954,-0.040683,0.020826
0.97803,-0.010923,-0.020996,0.2071,0.12954,-0.040683,0.020826
0.97803,-0.010923,-0.020996,0.2071,0.12954,-0.040683,0.020826
0.97803,-0.010923,-0.020996,0.2071,0.12954,-0.040683,0.020826
0.97803,-0.010923,-0.020996,0.2071,0.12954,-0.040683,0.020826
0.97803,-0.010921,-0.020992,0.2071,0.12955,-0.040695,0.020832
0.97803,-0.010921,-0.020992,0.2071,0.12955,-0.040695,0.020832
0.97803,-0.010921,-0.020992,0.2071,0.12955,-0.040695,0.020832
0.97803,-0.010921,-0.020992,0.2071,0.12955,-0.040695,0.020832
0.97803,-0.010921,-0.020992,0.2071,0.12955,-0.040695,0.020832
0.97803,-0.01092,-0.020987,0.20711,0.12956,-0.040707,0.020837
0.97803,-0.01092,-0.020987,0.20711,0.12956,-0.040707,0.020837
0.97803,-0.01092,-0.020987,0.20711,0.12956,-0.040707,0.020837
0.97803,-0.01092,-0.020987,0.20711,0.12956,-0.040707,0.020837
0.97803,-0.01092,-0.020987,0.20711,0.12956,-0.040707,0.020838
0.97803,-0.010918,-0.020983,0.20711,0.12957,-0.040718,0.020843
0.97803,-0.010918,-0.020983,0.20711,0.12957,-0.040719,0.020843
0.97803,-0.010918,-0.020983,0.20711,0.12957,-0.040719,0.020843
0.97803,-0.010918,-0.020983,0.20711,0.12957,-0.040719,0.020843
0.97803,-0.010918,-0.020983,0.20711,0.12957,-0.040719,0.020843
0.97803,-0.010917,-0.020978,0.20711,0.12959,-0.04073,0.020849
0.97803,-0.010917,-0.020978,0.20711,0.12959,-0.04073,0.020849
0.97803,-0.010917,-0.020978,0.20711,0.12959,-0.040731,0.020849
0.97803,-0.010917,-0.020978,0.20711,0.12959,-0.040731,0.020849
0.97803,-0.010917,-0.020978,0.20711,0.12959,-0.040731,0.020849
0.97803,-0.010915,-0.020974,0.20711,0.1296,-0.040742,0.020854
0.97803,-0.010915,-0.020974,0.20711,0.1296,-0.040742,0.020854
0.97803,-0.010915,-0.020974,0.20711,0.1296,-0.040742,0.020854
0.97803,-0.010915,-0.020974,0.20711,0.1296,-0.040743,0.020855
0.97803,-0.010915,-0.020974,0.20711,0.1296,-0.040743,0.020855
0.97803,-0.010913,-0.020969,0.20712,0.12961,-0.040754,0.02086
0.97803,-0.010913,-0.020969,0.20712,0.12961,-0.040754,0.02086
0.97803,-0.010913,-0.020969,0.20712,0.12961,-0.040754,0.02086
0.97803,-0.010913,-0.020969,0.20712,0.12961,-0.040754,0.02086
0.97803,-0.010913,-0.020969,0.20712,0.12961,-0.040754,0.02086
0.97803,-0.010912,-0.020965,0.20712,0.12962,-0.040766,0.020865
0.97803,-0.010912,-0.020965,0.20712,0.12962,-0.040766,0.020866
0.97803,-0.010912,-0.020965,0.20712,0.12962,-0.040766,0.020866
0.97803,-0.010912,-0.020965,0.20712,0.12962,-0.040766,0.020866
0.97803,-0.010912,-0.020965,0.20712,0.12962,-0.040766,0.020866
0.97803,-0.01091,-0.020961,0.20712,0.12963,-0.040778,0.020871
0.97803,-0.01091,-0.020961,0.20712,0.12963,-0.040778,0.020871
0.97803,-0.01091,-0.020961,0.20712,0.12963,-0.040778,0.020871
0.97803,-0.01091,-0.020961,0.20712,0.12963,-0.040778,0.020871
0.97803,-0.01091,-0.020961,0.20712,0.12963,-0.040778,0.020871
0.97803,-0.010908,-0.020956,0.20712,0.12964,-0.040789,0.020877
0.97803,-0.010908,-0.020956,0.20712,0.12964,-0.040789,0.020877
0.97803,-0.010908,-0.020956,0.20712,0.12964,-0.04079,0.020877
0.97803,-0.010908,-0.020956,0.20712,0.12964,-0.04079,0.020877
0.97803,-0.010908,-0.020956,0.20712,0.12964,-0.04079,0.020877
0.97803,-0.010907,-0.020952,0.20713,0.12965,-0.040801,0.020882
0.97803,-0.010907,-0.020952,0.20713,0.12965,-0.040801,0.020882
0.97803,-0.010907,-0.020952,0.20713,0.12965,-0.040801,0.020882
0.97803,-0.010907,-0.020952,0.20713,0.12965,-0.040802,0.020882
0.97803,-0.010907,-0.020952,0.20713,0.12965,-0.040802,0.020882
0.97803,-0.010905,-0.020948,0.20713,0.12966,-0.040813,0.020888
0.97803,-0.010905,-0.020948,0.20713,0.12966,-0.040813,0.020888
0.97803,-0.010905,-0.020948,0.20713,0.12966,-0.040813,0.020888
0.97803,-0.010905,-0.020948,0.20713,0.12966,-0.040814,0.020888
0.97803,-0.010905,-0.020948,0.20713,0.12966,-0.040814,0.020888
0.97803,-0.010903,-0.020943,0.20713,0.12968,-0.040825,0.020893
0.97803,-0.010903,-0.020943,0.20713,0.12968,-0.040825,0.020894
0.97803,-0.010903,-0.020943,0.20713,0.12968,-0.040825,0.020894
0.97803,-0.010903,-0.020943,0.20713,0.12968,-0.040825,0.020894
0.97803,-0.010903,-0.020943,0.20713,0.12968,-0.040826,0.020894
0.97803,-0.010902,-0.020939,0.20713,0.12969,-0.040837,0.020899
0.97803,-0.010902,-0.020939,0.20713,0.12969,-0.040837,0.020899
0.97803,-0.010902,-0.020939,0.20713,0.12969,-0.040837,0.020899
0.97803,-0.010902,-0.020939,0.20713,0.12969,-0.040837,0.020899
0.97803,-0.010902,-0.020939,0.20713,0.12969,-0.040837,0.020899
0.97803,-0.0109,-0.020934,0.20714,0.1297,-0.040849,0.020905
0.97803,-0.0109,-0.020934,0.20714,0.1297,-0.040849,0.020905
0.97803,-0.0109,-0.020934,0.20714,0.1297,-0.040849,0.020905
0.97803,-0.0109,-0.020934,0.20714,0.1297,-0.040849,0.020905
0.97803,-0.0109,-0.020934,0.20714,0.1297,-0.040849,0.020905
0.97803,-0.010899,-0.02093,0.20714,0.12971,-0.040861,0.02091
0.97803,-0.010899,-0.02093,0.20714,0.12971,-0.040861,0.02091
0.97803,-0.010899,-0.02093,0.20714,0.12971,-0.040861,0.02091
0.97803,-0.010899,-0.02093,0.20714,0.12971,-0.040861,0.02091
0.97803,-0.010899,-0.02093,0.20714,0.12971,-0.040861,0.02091
0.97803,-0.010897,-0.020926,0.20714,0.12972,-0.040873,0.020916
0.97803,-0.010897,-0.020926,0.20714,0.12972,-0.040873,0.020916
0.97803,-0.010897,-0.020926,0.20714,0.12972,-0.040873,0.020916
0.97803,-0.010897,-0.020926,0.20714,0.12972,-0.040873,0.020916
0.97803,-0.010897,-0.020926,0.20714,0.12972,-0.040873,0.020916
0.97803,-0.010895,-0.020922,0.20714,0.12973,-0.040885,0.020921
0.97803,-0.010895,-0.020922,0.20714,0.12973,-0.040885,0.020921
0.97803,-0.010895,-0.020922,0.20714,0.12973,-0.040885,0.020921
0.97803,-0.010895,-0.020922,0.20714,0.12973,-0.040885,0.020921
0.97803,-0.010895,-0.020922,0.20714,0.12973,-0.040885,0.020921
0.97803,-0.010894,-0.020917,0.20715,0.12974,-0.040897,0.020927
0.97803,-0.010894,-0.020917,0.20715,0.12974,-0.040897,0.020927
0.97803,-0.010894,-0.020917,0.20715,0.12974,-0.040897,0.020927
0.97803,-0.010894,-0.020917,0.20715,0.12974,-0.040897,0.020927
0.97803,-0.010894,-0.020917,0.20715,0.12974,-0.040897,0.020927
0.97803,-0.010892,-0.020913,0.20715,0.12975,-0.040909,0.020932
0.97803,-0.010892,-0.020913,0.20715,0.12975,-0.040909,0.020932
0.97803,-0.010892,-0.020913,0.20715,0.12975,-0.040909,0.020932
0.97803,-0.010892,-0.020913,0.20715,0.12975,-0.040909,0.020932
0.97803,-0.010892,-0.020913,0.20715,0.12976,-0.040909,0.020932
0.97803,-0.01089,-0.020909,0.20715,0.12977,-0.040921,0.020938
0.97803,-0.01089,-0.020909,0.20715,0.12977,-0.040921,0.020938
0.97803,-0.01089,-0.020909,0.20715,0.12977,-0.040921,0.020938
0.97803,-0.01089,-0.020909,0.20715,0.12977,-0.040921,0.020938
0.97803,-0.01089,-0.020909,0.20715,0.12977,-0.040921,0.020938
0.97802,-0.010889,-0.020904,0.20715,0.12978,-0.040933,0.020943
0.97802,-0.010889,-0.020904,0.20715,0.12978,-0.040933,0.020943
0.97802,-0.010889,-0.020904,0.20715,0.12978,-0.040933,0.020943
0.97802,-0.010889,-0.020904,0.20715,0.12978,-0.040933,0.020943
0.97802,-0.010889,-0.020904,0.20715,0.12978,-0.040934,0.020943
0.97802,-0.010887,-0.0209,0.20715,0.12979,-0.040945,0.020948
0.97802,-0.010887,-0.0209,0.20715,0.12979,-0.040945,0.020949
0.97802,-0.010887,-0.0209,0.20715,0.12979,-0.040945,0.020949
0.97802,-0.010887,-0.0209,0.20715,0.12979,-0.040946,0.020949
0.97802,-0.010887,-0.0209,0.20715,0.12979,-0.040946,0.020949
0.97802,-0.010885,-0.020895,0.20716,0.1298,-0.040957,0.020954
0.97802,-0.010885,-0.020895,0.20716,0.1298,-0.040957,0.020954
0.97802,-0.010885,-0.020895,0.20716,0.1298,-0.040958,0.020954
0.97802,-0.010885,-0.020895,0.20716,0.1298,-0.040958,0.020954
0.97802,-0.010885,-0.020895,0.20716,0.1298,-0.040958,0.020954
0.97802,-0.010884,-0.020891,0.20716,0.12981,-0.040969,0.020959
0.97802,-0.010884,-0.020891,0.20716,0.12981,-0.040969,0.020959
0.97802,-0.010884,-0.020891,0.20716,0.12981,-0.040969,0.020959
0.97802,-0.010884,-0.020891,0.20716,0.12981,-0.04097,0.020959
0.97802,-0.010884,-0.020891,0.20716,0.12981,-0.04097,0.020959
0.97802,-0.010882,-0.020887,0.20716,0.12982,-0.040981,0.020965
0.97802,-0.010882,-0.020887,0.20716,0.12982,-0.040981,0.020965
0.97802,-0.010882,-0.020887,0.20716,0.12982,-0.040981,0.020965
0.97802,-0.010882,-0.020887,0.20716,0.12982,-0.040981,0.020965
0.97802,-0.010882,-0.020887,0.20716,0.12982,-0.040982,0.020965
0.97802,-0.010881,-0.020882,0.20716,0.12983,-0.040993,0.02097
0.97802,-0.010881,-0.020882,0.20716,0.12983,-0.040993,0.02097
0.97802,-0.010881,-0.020882,0.20716,0.12983,-0.040993,0.02097
0.97802,-0.010881,-0.020882,0.20716,0.12983,-0.040993,0.02097
0.97802,-0.010881,-0.020882,0.20716,0.12983,-0.040993,0.02097
0.97802,-0.010879,-0.020878,0.20717,0.12984,-0.041005,0.020975
0.97802,-0.010879,-0.020878,0.20717,0.12984,-0.041005,0.020975
0.97802,-0.010879,-0.020878,0.20717,0.12984,-0.041005,0.020975
0.97802,-0.010879,-0.020878,0.20717,0.12985,-0.041005,0.020975
0.97802,-0.010879,-0.020878,0.20717,0.12985,-0.041005,0.020975
0.97802,-0.010877,-0.020874,0.20717,0.12986,-0.041017,0.020981
0.97802,-0.010877,-0.020874,0.20717,0.12986,-0.041017,0.020981
0.97802,-0.010877,-0.020874,0.20717,0.12986,-0.041017,0.020981
0.97802,-0.010877,-0.020874,0.20717,0.12986,-0.041017,0.020981
0.97802,-0.010877,-0.020874,0.20717,0.12986,-0.041017,0.020981
0.97802,-0.010876,-0.02087,0.20717,0.12987,-0.041028,0.020986
0.97802,-0.010876,-0.02087,0.20717,0.12987,-0.041029,0.020986
0.97802,-0.010876,-0.02087,0.20717,0.12987,-0.041029,0.020986
0.97802,-0.010876,-0.02087,0.20717,0.12987,-0.041029,0.020986
0.97802,-0.010876,-0.02087,0.20717,0.12987,-0.041029,0.020986
0.97802,-0.010874,-0.020865,0.20717,0.12988,-0.04104,0.020991
0.97802,-0.010874,-0.020865,0.20717,0.12988,-0.04104,0.020991
0.97802,-0.010874,-0.020865,0.20717,0.12988,-0.041041,0.020991
0.97802,-0.010874,-0.020865,0.20717,0.12988,-0.041041,0.020991
0.97802,-0.010874,-0.020865,0.20717,0.12988,-0.041041,0.020991
0.97802,-0.010872,-0.020861,0.20718,0.12989,-0.041052,0.020996
0.97802,-0.010872,-0.020861,0.20718,0.12989,-0.041052,0.020996
0.97802,-0.010872,-0.020861,0.20718,0.12989,-0.041052,0.020996
0.97802,-0.010872,-0.020861,0.20718,0.12989,-0.041052,0.020996
0.97802,-0.010872,-0.020861,0.20718,0.12989,-0.041052,0.020996
0.97802,-0.010871,-0.020857,0.20718,0.1299,-0.041063,0.021001
0.97802,-0.010871,-0.020857,0.20718,0.1299,-0.041064,0.021002
0.97802,-0.010871,-0.020857,0.20718,0.1299,-0.041064,0.021002
0.97802,-0.010871,-0.020857,0.20718,0.1299,-0.041064,0.021002
0.97802,-0.010871,-0.020857,0.20718,0.1299,-0.041064,0.021002
0.97802,-0.010869,-0.020853,0.20718,0.12991,-0.041075,0.021007
0.97802,-0.010869,-0.020853,0.20718,0.12991,-0.041075,0.021007
0.97802,-0.010869,-0.020853,0.20718,0.12991,-0.041075,0.021007
0.97802,-0.010869,-0.020853,0.20718,0.12991,-0.041075,0.021007
0.97802,-0.010869,-0.020853,0.20718,0.12991,-0.041075,0.021007
0.97802,-0.010867,-0.020848,0.20718,0.12992,-0.041086,0.021012
0.97802,-0.010867,-0.020848,0.20718,0.12992,-0.041086,0.021012
0.97802,-0.010867,-0.020848,0.20718,0.12992,-0.041086,0.021012
0.97802,-0.010867,-0.020848,0.20718,0.12992,-0.041086,0.021012
0.97802,-0.010867,-0.020848,0.20718,0.12992,-0.041086,0.021012
0.97802,-0.010866,-0.020844,0.20719,0.12993,-0.041097,0.021017
0.97802,-0.010866,-0.020844,0.20719,0.12993,-0.041097,0.021017
0.97802,-0.010866,-0.020844,0.20719,0.12993,-0.041098,0.021017
0.97802,-0.010866,-0.020844,0.20719,0.12993,-0.041098,0.021017
0.97802,-0.010866,-0.020844,0.20719,0.12993,-0.041098,0.021017
0.97802,-0.010864,-0.02084,0.20719,0.12994,-0.041109,0.021022
0.97802,-0.010864,-0.02084,0.20719,0.12994,-0.041109,0.021022
0.97802,-0.010864,-0.02084,0.20719,0.12994,-0.041109,0.021022
0.97802,-0.010864,-0.02084,0.20719,0.12994,-0.041109,0.021022
0.97802,-0.010864,-0.02084,0.20719,0.12994,-0.041109,0.021022
0.97802,-0.010862,-0.020836,0.20719,0.12995,-0.04112,0.021027
0.97802,-0.010862,-0.020836,0.20719,0.12995,-0.04112,0.021027
0.97802,-0.010862,-0.020836,0.20719,0.12995,-0.04112,0.021027
0.97802,-0.010862,-0.020836,0.20719,0.12995,-0.04112,0.021027
0.97802,-0.010862,-0.020836,0.20719,0.12995,-0.04112,0.021027
0.97802,-0.010861,-0.020832,0.20719,0.12996,-0.041131,0.021032
0.97802,-0.010861,-0.020832,0.20719,0.12997,-0.041131,0.021032
0.97802,-0.010861,-0.020832,0.20719,0.12997,-0.041131,0.021032
0.97802,-0.010861,-0.020832,0.20719,0.12997,-0.041132,0.021032
0.97802,-0.010861,-0.020832,0.20719,0.12997,-0.041132,0.021032
0.97802,-0.010859,-0.020827,0.20719,0.12998,-0.041143,0.021037
0.97802,-0.010859,-0.020827,0.20719,0.12998,-0.041143,0.021037
0.97802,-0.010859,-0.020827,0.20719,0.12998,-0.041143,0.021037
0.97802,-0.010859,-0.020827,0.20719,0.12998,-0.041143,0.021037
0.97802,-0.010859,-0.020827,0.20719,0.12998,-0.041143,0.021037
0.97802,-0.010857,-0.020823,0.2072,0.12999,-0.041154,0.021042
0.97802,-0.010857,-0.020823,0.2072,0.12999,-0.041154,0.021042
0.97802,-0.010857,-0.020823,0.2072,0.12999,-0.041154,0.021042
0.97802,-0.010857,-0.020823,0.2072,0.12999,-0.041154,0.021042
0.97802,-0.010857,-0.020823,0.2072,0.12999,-0.041155,0.021042
0.97802,-0.010856,-0.020819,0.2072,0.13,-0.041166,0.021047
0.97802,-0.010856,-0.020819,0.2072,0.13,-0.041166,0.021047
0.97802,-0.010856,-0.020819,0.2072,0.13,-0.041166,0.021047
0.97802,-0.010856,-0.020819,0.2072,0.13,-0.041166,0.021048
0.97802,-0.010856,-0.020819,0.2072,0.13,-0.041166,0.021048
0.97802,-0.010854,-0.020815,0.2072,0.13001,-0.041177,0.021052
0.97802,-0.010854,-0.020815,0.2072,0.13001,-0.041177,0.021053
0.97802,-0.010854,-0.020815,0.2072,0.13001,-0.041177,0.021053
0.97802,-0.010854,-0.020815,0.2072,0.13001,-0.041177,0.021053
0.97802,-0.010854,-0.020815,0.2072,0.13001,-0.041178,0.021053
0.97802,-0.010852,-0.020811,0.2072,0.13002,-0.041188,0.021058
0.97802,-0.010852,-0.020811,0.2072,0.13002,-0.041189,0.021058
0.97802,-0.010852,-0.020811,0.2072,0.13002,-0.041189,0.021058
0.97802,-0.010852,-0.020811,0.2072,0.13002,-0.041189,0.021058
0.97802,-0.010852,-0.020811,0.2072,0.13002,-0.041189,0.021058
0.97802,-0.01085,-0.020806,0.20721,0.13003,-0.0412,0.021063
0.97802,-0.01085,-0.020806,0.20721,0.13003,-0.0412,0.021063
0.97802,-0.01085,-0.020806,0.20721,0.13003,-0.0412,0.021063
0.97802,-0.01085,-0.020806,0.20721,0.13003,-0.0412,0.021063
0.97802,-0.01085,-0.020806,0.20721,0.13003,-0.0412,0.021063
0.97802,-0.010849,-0.020802,0.20721,0.13004,-0.041211,0.021068
0.97802,-0.010849,-0.020802,0.20721,0.13004,-0.041211,0.021068
0.97802,-0.010849,-0.020802,0.20721,0.13004,-0.041211,0.021068
0.97802,-0.010849,-0.020802,0.20721,0.13004,-0.041211,0.021068
0.97802,-0.010849,-0.020802,0.20721,0.13004,-0.041212,0.021068
0.97802,-0.010847,-0.020798,0.20721,0.13005,-0.041222,0.021073
0.97802,-0.010847,-0.020798,0.20721,0.13005,-0.041223,0.021073
0.97802,-0.010847,-0.020798,0.20721,0.13005,-0.041223,0.021073
0.97802,-0.010847,-0.020798,0.20721,0.13005,-0.041223,0.021073
0.97802,-0.010847,-0.020798,0.20721,0.13005,-0.041223,0.021073
0.97802,-0.010847,-0.020798,0.20721,0.13006,-0.041233,0.021077
0.97802,-0.010847,-0.020798,0.20721,0.13006,-0.041234,0.021077
0.97802,-0.010847,-0.020798,0.20721,0.13006,-0.041234,0.021077
0.97802,-0.010847,-0.020798,0.20721,0.13006,-0.041234,0.021077
0.97802,-0.010847,-0.020798,0.20721,0.13006,-0.041234,0.021077
0.97801,-0.010845,-0.020794,0.20721,0.13007,-0.041245,0.021082
0.97801,-0.010845,-0.020794,0.20721,0.13007,-0.041245,0.021082
0.97801,-0.010845,-0.020794,0.20721,0.13008,-0.041245,0.021082
0.97801,-0.010845,-0.020794,0.20721,0.13008,-0.041245,0.021082
0.97801,-0.010845,-0.020794,0.20721,0.13008,-0.041245,0.021083
0.97801,-0.010844,-0.02079,0.20722,0.13009,-0.041256,0.021087
0.97801,-0.010844,-0.02079,0.20722,0.13009,-0.041256,0.021088
0.97801,-0.010844,-0.02079,0.20722,0.13009,-0.041256,0.021088
0.97801,-0.010844,-0.02079,0.20722,0.13009,-0.041257,0.021088
0.97801,-0.010844,-0.02079,0.20722,0.13009,-0.041257,0.021088
0.97801,-0.010842,-0.020785,0.20722,0.1301,-0.041268,0.021093
0.97801,-0.010842,-0.020785,0.20722,0.1301,-0.041268,0.021093
0.97801,-0.010842,-0.020785,0.20722,0.1301,-0.041268,0.021093
0.97801,-0.010842,-0.020785,0.20722,0.1301,-0.041268,0.021093
0.97801,-0.010842,-0.020785,0.20722,0.1301,-0.041268,0.021093
0.97801,-0.010842,-0.020785,0.20722,0.13011,-0.041278,0.021097
0.97801,-0.010842,-0.020785,0.20722,0.13011,-0.041278,0.021097
0.97801,-0.010842,-0.020785,0.20722,0.13011,-0.041278,0.021097
0.97801,-0.010842,-0.020785,0.20722,0.13011,-0.041279,0.021097
0.97801,-0.010842,-0.020785,0.20722,0.13011,-0.041279,0.021097
0.97801,-0.01084,-0.020781,0.20722,0.13012,-0.04129,0.021102
0.97801,-0.01084,-0.020781,0.20722,0.13012,-0.04129,0.021102
0.97801,-0.01084,-0.020781,0.20722,0.13012,-0.04129,0.021102
0.97801,-0.01084,-0.020781,0.20722,0.13012,-0.04129,0.021102
0.97801,-0.01084,-0.020781,0.20722,0.13012,-0.04129,0.021103
0.97801,-0.010839,-0.020777,0.20722,0.13013,-0.041301,0.021108
0.97801,-0.010839,-0.020777,0.20722,0.13013,-0.041301,0.021108
0.97801,-0.010839,-0.020777,0.20722,0.13013,-0.041301,0.021108
0.97801,-0.010839,-0.020777,0.20722,0.13013,-0.041301,0.021108
0.97801,-0.010839,-0.020777,0.20722,0.13013,-0.041301,0.021108
0.97801,-0.010837,-0.020773,0.20722,0.13014,-0.041312,0.021113
0.97801,-0.010837,-0.020773,0.20722,0.13014,-0.041312,0.021113
0.97801,-0.010837,-0.020773,0.20722,0.13014,-0.041312,0.021113
0.97801,-0.010837,-0.020773,0.20722,0.13014,-0.041312,0.021114
0.97801,-0.010837,-0.020773,0.20722,0.13014,-0.041312,0.021114
0.97801,-0.010837,-0.020773,0.20722,0.13015,-0.041322,0.021117
0.97801,-0.010837,-0.020773,0.20722,0.13015,-0.041323,0.021117
0.97801,-0.010837,-0.020773,0.20722,0.13015,-0.041323,0.021118
0.97801,-0.010837,-0.020773,0.20722,0.13015,-0.041323,0.021118
0.97801,-0.010837,-0.020773,0.20722,0.13015,-0.041323,0.021118
0.97801,-0.010837,-0.020773,0.20722,0.13016,-0.041333,0.021122
0.97801,-0.010837,-0.020773,0.20722,0.13016,-0.041333,0.021122
0.97801,-0.010837,-0.020773,0.20722,0.13016,-0.041333,0.021122
0.97801,-0.010837,-0.020773,0.20722,0.13016,-0.041333,0.021122
0.97801,-0.010837,-0.020773,0.20722,0.13016,-0.041334,0.021122
0.97801,-0.010837,-0.020773,0.20722,0.13017,-0.041344,0.021126
0.97801,-0.010837,-0.020773,0.20722,0.13017,-0.041344,0.021126
0.97801,-0.010837,-0.020773,0.20722,0.13018,-0.041344,0.021126
0.97801,-0.010837,-0.020773,0.20722,0.13018,-0.041344,0.021126
0.97801,-0.010837,-0.020773,0.20722,0.13018,-0.041344,0.021126
0.97801,-0.010835,-0.020769,0.20723,0.13019,-0.041355,0.021131
0.97801,-0.010835,-0.020769,0.20723,0.13019,-0.041355,0.021131
0.97801,-0.010835,-0.020769,0.20723,0.13019,-0.041355,0.021131
0.97801,-0.010835,-0.020769,0.20723,0.13019,-0.041355,0.021131
0.97801,-0.010835,-0.020769,0.20723,0.13019,-0.041355,0.021131
0.97801,-0.010835,-0.020769,0.20723,0.1302,-0.041365,0.021135
0.97801,-0.010835,-0.020769,0.20723,0.1302,-0.041365,0.021135
0.97801,-0.010835,-0.020769,0.20723,0.1302,-0.041365,0.021135
0.97801,-0.010835,-0.020769,0.20723,0.1302,-0.041366,0.021135
0.97801,-0.010835,-0.020769,0.20723,0.1302,-0.041366,0.021135
0.97801,-0.010835,-0.020769,0.20723,0.13021,-0.041376,0.021139
0.97801,-0.010835,-0.020769,0.20723,0.13021,-0.041376,0.021139
0.97801,-0.010835,-0.020769,0.20723,0.13021,-0.041376,0.021139
0.97801,-0.010835,-0.020769,0.20723,0.13021,-0.041376,0.021139
0.97801,-0.010835,-0.020769,0.20723,0.13021,-0.041376,0.021139
0.97801,-0.010835,-0.020769,0.20723,0.13022,-0.041387,0.021143
0.97801,-0.010835,-0.020769,0.20723,0.13022,-0.041387,0.021143
0.97801,-0.010835,-0.020769,0.20723,0.13022,-0.041387,0.021143
0.97801,-0.010835,-0.020769,0.20723,0.13022,-0.041387,0.021143
0.97801,-0.010835,-0.020769,0.20723,0.13022,-0.041387,0.021143
0.97801,-0.010835,-0.020769,0.20723,0.13023,-0.041397,0.021147
0.97801,-0.010835,-0.020769,0.20723,0.13023,-0.041397,0.021147
0.97801,-0.010835,-0.020769,0.20723,0.13023,-0.041397,0.021147
0.97801,-0.010835,-0.020769,0.20723,0.13023,-0.041397,0.021148
0.97801,-0.010835,-0.020769,0.20723,0.13023,-0.041398,0.021148
0.97801,-0.010835,-0.020769,0.20723,0.13024,-0.041408,0.021151
0.97801,-0.010835,-0.020769,0.20723,0.13024,-0.041408,0.021151
0.97801,-0.010835,-0.020769,0.20723,0.13024,-0.041408,0.021151
0.97801,-0.010835,-0.020769,0.20723,0.13024,-0.041408,0.021152
0.97801,-0.010835,-0.020769,0.20723,0.13024,-0.041408,0.021152
0.97801,-0.010835,-0.020769,0.20723,0.13025,-0.041418,0.021155
0.97801,-0.010835,-0.020769,0.20723,0.13025,-0.041418,0.021155
0.97801,-0.010835,-0.020769,0.20723,0.13025,-0.041418,0.021156
0.97801,-0.010835,-0.020769,0.20723,0.13025,-0.041418,0.021156
0.97801,-0.010835,-0.020769,0.20723,0.13025,-0.041419,0.021156
0.97801,-0.010835,-0.020769,0.20723,0.13026,-0.041429,0.021159
0.97801,-0.010835,-0.020769,0.20723,0.13026,-0.041429,0.02116
0.97801,-0.010835,-0.020769,0.20723,0.13026,-0.041429,0.02116
0.97801,-0.010835,-0.020769,0.20723,0.13027,-0.041429,0.02116
0.97801,-0.010835,-0.020769,0.20723,0.13027,-0.041429,0.02116
0.97801,-0.010835,-0.020769,0.20723,0.13028,-0.041439,0.021164
0.97801,-0.010835,-0.020769,0.20723,0.13028,-0.041439,0.021164
0.97801,-0.010835,-0.020769,0.20723,0.13028,-0.04144,0.021164
0.97801,-0.010835,-0.020769,0.20723,0.13028,-0.04144,0.021164
0.97801,-0.010835,-0.020769,0.20723,0.13028,-0.04144,0.021164
0.97801,-0.010835,-0.020769,0.20723,0.13029,-0.04145,0.021168
0.97801,-0.010835,-0.020769,0.20723,0.13029,-0.04145,0.021168
0.97801,-0.010835,-0.020769,0.20723,0.13029,-0.04145,0.021168
0.97801,-0.010835,-0.020769,0.20723,0.13029,-0.04145,0.021168
0.97801,-0.010835,-0.020769,0.20723,0.13029,-0.04145,0.021169
0.97801,-0.010835,-0.020769,0.20723,0.1303,-0.041461,0.021172
0.97801,-0.010835,-0.020769,0.20723,0.1303,-0.041461,0.021172
0.97801,-0.010835,-0.020769,0.20723,0.1303,-0.041461,0.021172
0.97801,-0.010835,-0.020769,0.20723,0.1303,-0.041461,0.021173
0.97801,-0.010835,-0.020769,0.20723,0.1303,-0.041461,0.021173
0.97801,-0.010835,-0.020769,0.20723,0.13031,-0.041471,0.021176
0.97801,-0.010835,-0.020769,0.20723,0.13031,-0.041471,0.021177
0.97801,-0.010835,-0.020769,0.20723,0.13031,-0.041471,0.021177
0.97801,-0.010835,-0.020769,0.20723,0.13031,-0.041471,0.021177
0.97801,-0.010835,-0.020769,0.20723,0.13031,-0.041471,0.021177
0.97801,-0.010835,-0.020769,0.20723,0.13032,-0.041482,0.021181
0.97801,-0.010835,-0.020769,0.20723,0.13032,-0.041482,0.021181
0.97801,-0.010835,-0.020769,0.20723,0.13032,-0.041482,0.021181
0.97801,-0.010835,-0.020769,0.20723,0.13032,-0.041482,0.021182
0.97801,-0.010835,-0.020769,0.20723,0.13032,-0.041482,0.021182
0.97801,-0.010835,-0.020769,0.20723,0.13033,-0.041492,0.021185
0.97801,-0.010835,-0.020769,0.20723,0.13033,-0.041492,0.021186
0.97801,-0.010835,-0.020769,0.20723,0.13033,-0.041492,0.021186
0.97801,-0.010835,-0.020769,0.20723,0.13033,-0.041492,0.021186
0.97801,-0.010835,-0.020769,0.20723,0.13033,-0.041492,0.021186
0.97801,-0.010835,-0.020769,0.20723,0.13034,-0.041502,0.02119
0.97801,-0.010835,-0.020769,0.20723,0.13034,-0.041503,0.02119
0.97801,-0.010835,-0.020769,0.20723,0.13034,-0.041503,0.02119
0.97801,-0.010835,-0.020769,0.20723,0.13034,-0.041503,0.02119
0.97801,-0.010835,-0.020769,0.20723,0.13034,-0.041503,0.02119
0.97801,-0.010835,-0.020769,0.20723,0.13035,-0.041513,0.021194
0.97801,-0.010835,-0.020769,0.20723,0.13035,-0.041513,0.021194
0.97801,-0.010835,-0.020769,0.20723,0.13035,-0.041513,0.021194
0.97801,-0.010835,-0.020769,0.20723,0.13035,-0.041513,0.021195
0.97801,-0.010835,-0.020769,0.20723,0.13036,-0.041513,0.021195
0.97801,-0.010835,-0.020769,0.20723,0.13037,-0.041523,0.021199
0.97801,-0.010835,-0.020769,0.20723,0.13037,-0.041523,0.021199
0.97801,-0.010835,-0.020769,0.20723,0.13037,-0.041523,0.021199
0.97801,-0.010835,-0.020769,0.20723,0.13037,-0.041523,0.021199
0.97801,-0.010835,-0.020769,0.20723,0.13037,-0.041523,0.021199
0.97801,-0.010835,-0.020769,0.20723,0.13038,-0.041533,0.021203
0.97801,-0.010835,-0.020769,0.20723,0.13038,-0.041534,0.021203
0.97801,-0.010835,-0.020769,0.20723,0.13038,-0.041534,0.021204
0.97801,-0.010835,-0.020769,0.20723,0.13038,-0.041534,0.021204
0.97801,-0.010835,-0.020769,0.20723,0.13038,-0.041534,0.021204
0.97801,-0.010835,-0.020769,0.20723,0.13039,-0.041544,0.021208
0.97801,-0.010835,-0.020769,0.20723,0.13039,-0.041544,0.021208
0.97801,-0.010835,-0.020769,0.20723,0.13039,-0.041544,0.021208
0.97801,-0.010835,-0.020769,0.20723,0.13039,-0.041544,0.021208
0.97801,-0.010835,-0.020769,0.20723,0.13039,-0.041544,0.021209
0.97801,-0.010835,-0.020769,0.20723,0.1304,-0.041554,0.021212
0.97801,-0.010835,-0.020769,0.20723,0.1304,-0.041554,0.021212
0.97801,-0.010835,-0.020769,0.20723,0.1304,-0.041554,0.021213
0.97801,-0.010835,-0.020769,0.20723,0.1304,-0.041554,0.021213
0.97801,-0.010835,-0.020769,0.20723,0.1304,-0.041554,0.021213
0.97801,-0.010834,-0.020764,0.20723,0.13041,-0.041565,0.021218
0.97801,-0.010834,-0.020764,0.20723,0.13041,-0.041565,0.021218
0.97801,-0.010834,-0.020764,0.20723,0.13041,-0.041565,0.021218
0.97801,-0.010834,-0.020764,0.20723,0.13041,-0.041565,0.021218
0.97801,-0.010834,-0.020764,0.20723,0.13041,-0.041565,0.021219
0.97801,-0.010834,-0.020764,0.20723,0.13042,-0.041575,0.021222
0.97801,-0.010834,-0.020764,0.20723,0.13042,-0.041575,0.021222
0.97801,-0.010834,-0.020764,0.20723,0.13042,-0.041575,0.021223
0.97801,-0.010834,-0.020764,0.20723,0.13042,-0.041575,0.021223
0.97801,-0.010834,-0.020764,0.20723,0.13042,-0.041575,0.021223
0.97801,-0.010834,-0.020764,0.20723,0.13043,-0.041585,0.021227
0.97801,-0.010834,-0.020764,0.20723,0.13043,-0.041585,0.021227
0.97801,-0.010834,-0.020764,0.20723,0.13043,-0.041585,0.021227
0.97801,-0.010834,-0.020764,0.20723,0.13043,-0.041585,0.021227
0.97801,-0.010834,-0.020764,0.20723,0.13043,-0.041585,0.021228
0.97801,-0.010834,-0.020764,0.20723,0.13044,-0.041595,0.021231
0.97801,-0.010834,-0.020764,0.20723,0.13044,-0.041595,0.021232
0.97801,-0.010834,-0.020764,0.20723,0.13044,-0.041595,0.021232
0.97801,-0.010834,-0.020764,0.20723,0.13044,-0.041595,0.021232
0.97801,-0.010834,-0.020764,0.20723,0.13044,-0.041596,0.021232
0.97801,-0.010834,-0.020764,0.20723,0.13045,-0.041605,0.021236
0.97801,-0.010834,-0.020764,0.20723,0.13045,-0.041606,0.021236
0.97801,-0.010834,-0.020764,0.20723,0.13045,-0.041606,0.021236
0.97801,-0.010834,-0.020764,0.20723,0.13045,-0.041606,0.021236
0.97801,-0.010834,-0.020764,0.20723,0.13046,-0.041606,0.021236
0.97801,-0.010834,-0.020764,0.20723,0.13047,-0.041616,0.02124
0.97801,-0.010834,-0.020764,0.20723,0.13047,-0.041616,0.02124
0.97801,-0.010834,-0.020764,0.20723,0.13047,-0.041616,0.02124
0.97801,-0.010834,-0.020764,0.20723,0.13047,-0.041616,0.021241
0.97801,-0.010834,-0.020764,0.20723,0.13047,-0.041616,0.021241
0.97801,-0.010834,-0.020764,0.20723,0.13048,-0.041625,0.021245
0.97801,-0.010834,-0.020764,0.20723,0.13048,-0.041626,0.021245
0.97801,-0.010834,-0.020764,0.20723,0.13048,-0.041626,0.021245
0.97801,-0.010834,-0.020764,0.20723,0.13048,-0.041626,0.021245
0.97801,-0.010834,-0.020764,0.20723,0.13048,-0.041626,0.021246
0.97801,-0.010834,-0.020764,0.20723,0.13049,-0.041636,0.021249
