0.66717,-0.0011972,-0.035131,-0.74408,0.12939,0.0050724,0.051614
0.66717,-0.0011972,-0.035131,-0.74408,0.12939,0.0050724,0.051614
0.66717,-0.0011972,-0.035131,-0.74408,0.12939,0.0050724,0.051614
0.66717,-0.0011972,-0.035131,-0.74408,0.12939,0.0050724,0.051614
0.66717,-0.0011972,-0.035131,-0.74408,0.12939,0.0050724,0.051614
0.66717,-0.0011972,-0.035131,-0.74408,0.12939,0.0050724,0.051614
0.66717,-0.0011972,-0.035131,-0.74408,0.12939,0.0050724,0.051614
0.66717,-0.0011972,-0.035131,-0.74408,0.12939,0.0050745,0.051614
0.66717,-0.0011972,-0.035131,-0.74408,0.12939,0.0050745,0.051614
0.66717,-0.0011972,-0.035131,-0.74408,0.12939,0.0050745,0.051614
0.66717,-0.0011972,-0.035131,-0.74408,0.12939,0.0050745,0.051614
0.66717,-0.0011972,-0.035131,-0.74408,0.12939,0.0050745,0.051614
0.66717,-0.0011972,-0.035131,-0.74408,0.1294,0.0050766,0.051614
0.66717,-0.0011972,-0.035131,-0.74408,0.1294,0.0050766,0.051614
0.66717,-0.0011972,-0.035131,-0.74408,0.1294,0.0050766,0.051614
0.66717,-0.0011972,-0.035131,-0.74408,0.1294,0.0050766,0.051614
0.66717,-0.0011972,-0.035131,-0.74408,0.1294,0.0050766,0.051614
0.66717,-0.0011972,-0.035131,-0.74408,0.1294,0.0050786,0.051614
0.66717,-0.0011972,-0.035131,-0.74408,0.1294,0.0050786,0.051614
0.66717,-0.0011972,-0.035131,-0.74408,0.1294,0.0050786,0.051614
0.66717,-0.0011972,-0.035131,-0.74408,0.1294,0.0050787,0.051614
0.66717,-0.0011972,-0.035131,-0.74408,0.1294,0.0050787,0.051614
0.66717,-0.0011972,-0.035131,-0.74408,0.1294,0.0050807,0.051614
0.66717,-0.0011972,-0.035131,-0.74408,0.1294,0.0050808,0.051614
0.66717,-0.0011972,-0.035131,-0.74408,0.1294,0.0050808,0.051614
0.66717,-0.0011972,-0.035131,-0.74408,0.1294,0.0050808,0.051614
0.66717,-0.0011972,-0.035131,-0.74408,0.1294,0.0050808,0.051613
0.66717,-0.0011972,-0.035131,-0.74408,0.12941,0.0050829,0.051613
0.66717,-0.0011972,-0.035131,-0.74408,0.12941,0.0050829,0.051613
0.66717,-0.0011972,-0.035131,-0.74408,0.12941,0.005083,0.051613
0.66717,-0.0011972,-0.035131,-0.74408,0.12941,0.005083,0.051613
0.66717,-0.0011972,-0.035131,-0.74408,0.12941,0.005083,0.051613
0.66717,-0.0011972,-0.035131,-0.74408,0.12941,0.0050851,0.051613
0.66717,-0.0011972,-0.035131,-0.74408,0.12941,0.0050851,0.051613
0.66717,-0.0011972,-0.035131,-0.74408,0.12941,0.0050851,0.051613
0.66717,-0.0011972,-0.035131,-0.74408,0.12941,0.0050852,0.051613
0.66717,-0.0011972,-0.035131,-0.74408,0.12941,0.0050852,0.051613
0.66717,-0.0011972,-0.035131,-0.74408,0.12942,0.0050872,0.051613
0.66717,-0.0011972,-0.035131,-0.74408,0.12942,0.0050873,0.051613
0.66717,-0.0011972,-0.035131,-0.74408,0.12942,0.0050873,0.051613
0.66717,-0.0011972,-0.035131,-0.74408,0.12942,0.0050873,0.051613
0.66717,-0.0011972,-0.035131,-0.74408,0.12942,0.0050874,0.051613
0.66717,-0.0011972,-0.035131,-0.74408,0.12942,0.0050894,0.051613
0.66717,-0.0011972,-0.035131,-0.74408,0.12942,0.0050895,0.051613
0.66717,-0.0011972,-0.035131,-0.74408,0.12942,0.0050895,0.051613
0.66717,-0.0011972,-0.035131,-0.74408,0.12942,0.0050895,0.051613
0.66717,-0.0011972,-0.035131,-0.74408,0.12942,0.0050896,0.051613
0.66717,-0.0011972,-0.035131,-0.74408,0.12942,0.0050916,0.051613
0.66717,-0.0011972,-0.035131,-0.74408,0.12942,0.0050917,0.051613
0.66717,-0.0011972,-0.035131,-0.74408,0.12942,0.0050917,0.051613
0.66717,-0.0011972,-0.035131,-0.74408,0.12942,0.0050917,0.051613
0.66717,-0.0011972,-0.035131,-0.74408,0.12942,0.0050917,0.051613
0.66717,-0.0011972,-0.035131,-0.74408,0.12943,0.0050938,0.051613
0.66717,-0.0011972,-0.035131,-0.74408,0.12943,0.0050938,0.051613
0.66717,-0.0011972,-0.035131,-0.74408,0.12943,0.0050938,0.051613
0.66717,-0.0011972,-0.035131,-0.74408,0.12943,0.0050939,0.051613
0.66717,-0.0011972,-0.035131,-0.74408,0.12943,0.0050939,0.051613
0.66717,-0.0011972,-0.035131,-0.74408,0.12943,0.0050959,0.051613
0.66717,-0.0011972,-0.035131,-0.74408,0.12943,0.0050959,0.051613
0.66717,-0.0011972,-0.035131,-0.74408,0.12943,0.005096,0.051613
0.66717,-0.0011972,-0.035131,-0.74408,0.12943,0.005096,0.051613
0.66717,-0.0011972,-0.035131,-0.74408,0.12943,0.005096,0.051613
0.66717,-0.0011972,-0.035131,-0.74408,0.12943,0.005098,0.051613
0.66717,-0.0011972,-0.035131,-0.74408,0.12943,0.005098,0.051613
0.66717,-0.0011972,-0.035131,-0.74408,0.12943,0.0050981,0.051613
0.66717,-0.0011972,-0.035131,-0.74408,0.12943,0.0050981,0.051613
0.66717,-0.0011972,-0.035131,-0.74408,0.12943,0.0050981,0.051613
0.66717,-0.0011972,-0.035131,-0.74408,0.12944,0.0051002,0.051613
0.66717,-0.0011972,-0.035131,-0.74408,0.12944,0.0051002,0.051613
0.66717,-0.0011972,-0.035131,-0.74408,0.12944,0.0051003,0.051613
0.66717,-0.0011972,-0.035131,-0.74408,0.12944,0.0051003,0.051613
0.66717,-0.0011972,-0.035131,-0.74408,0.12944,0.0051004,0.051613
0.66717,-0.0011972,-0.035131,-0.74408,0.12944,0.0051024,0.051613
0.66717,-0.0011972,-0.035131,-0.74408,0.12944,0.0051024,0.051613
0.66717,-0.0011972,-0.035131,-0.74408,0.12944,0.0051025,0.051613
0.66717,-0.0011972,-0.035131,-0.74408,0.12944,0.0051025,0.051613
0.66717,-0.0011972,-0.035131,-0.74408,0.12944,0.0051025,0.051613
0.66717,-0.0011972,-0.035131,-0.74408,0.12945,0.0051046,0.051613
0.66717,-0.0011972,-0.035131,-0.74408,0.12945,0.0051046,0.051613
0.66717,-0.0011972,-0.035131,-0.74408,0.12945,0.0051046,0.051613
0.66717,-0.0011972,-0.035131,-0.74408,0.12945,0.0051046,0.051613
0.66717,-0.0011972,-0.035131,-0.74408,0.12945,0.0051047,0.051613
0.66717,-0.0011972,-0.035131,-0.74408,0.12945,0.0051067,0.051612
0.66717,-0.0011972,-0.035131,-0.74408,0.12945,0.0051067,0.051612
0.66717,-0.0011972,-0.035131,-0.74408,0.12945,0.0051067,0.051612
0.66717,-0.0011972,-0.035131,-0.74408,0.12945,0.0051067,0.051612
0.66717,-0.0011972,-0.035131,-0.74408,0.12945,0.0051068,0.051612
0.66717,-0.0011972,-0.035131,-0.74408,0.12945,0.0051088,0.051612
0.66717,-0.0011972,-0.035131,-0.74408,0.12945,0.0051088,0.051612
0.66717,-0.0011972,-0.035131,-0.74408,0.12945,0.0051088,0.051612
0.66717,-0.0011972,-0.035131,-0.74408,0.12945,0.0051089,0.051612
0.66717,-0.0011972,-0.035131,-0.74408,0.12945,0.0051089,0.051612
0.66717,-0.0011972,-0.035131,-0.74408,0.12946,0.0051109,0.051612
0.66717,-0.0011972,-0.035131,-0.74408,0.12946,0.005111,0.051612
0.66717,-0.0011972,-0.035131,-0.74408,0.12946,0.005111,0.051612
0.66717,-0.0011972,-0.035131,-0.74408,0.12946,0.005111,0.051612
0.66717,-0.0011972,-0.035131,-0.74408,0.12946,0.005111,0.051612
0.66717,-0.0011972,-0.035131,-0.74408,0.12946,0.0051131,0.051612
0.66717,-0.0011972,-0.035131,-0.74408,0.12946,0.0051131,0.051612
0.66717,-0.0011972,-0.035131,-0.74408,0.12946,0.0051131,0.051612
0.66717,-0.0011972,-0.035131,-0.74408,0.12946,0.0051132,0.051612
0.66717,-0.0011972,-0.035131,-0.74408,0.12946,0.0051132,0.051612
0.66717,-0.0011972,-0.035131,-0.74408,0.12947,0.0051153,0.051612
0.66717,-0.0011972,-0.035131,-0.74408,0.12947,0.0051153,0.051612
0.66717,-0.0011972,-0.035131,-0.74408,0.12947,0.0051153,0.051612
0.66717,-0.0011972,-0.035131,-0.74408,0.12947,0.0051154,0.051612
0.66717,-0.0011972,-0.035131,-0.74408,0.12947,0.0051154,0.051612
0.66717,-0.0011972,-0.035131,-0.74408,0.12947,0.0051174,0.051612
0.66717,-0.0011972,-0.035131,-0.74408,0.12947,0.0051175,0.051612
0.66717,-0.0011972,-0.035131,-0.74408,0.12947,0.0051175,0.051612
0.66717,-0.0011972,-0.035131,-0.74408,0.12947,0.0051175,0.051612
0.66717,-0.0011972,-0.035131,-0.74408,0.12947,0.0051176,0.051612
0.66717,-0.0011972,-0.035131,-0.74408,0.12947,0.0051196,0.051612
0.66717,-0.0011972,-0.035131,-0.74408,0.12947,0.0051196,0.051612
0.66717,-0.0011972,-0.035131,-0.74408,0.12947,0.0051196,0.051612
0.66717,-0.0011972,-0.035131,-0.74408,0.12947,0.0051197,0.051612
0.66717,-0.0011972,-0.035131,-0.74408,0.12947,0.0051197,0.051612
0.66717,-0.0011972,-0.035131,-0.74408,0.12948,0.0051218,0.051612
0.66717,-0.0011972,-0.035131,-0.74408,0.12948,0.0051218,0.051612
0.66717,-0.0011972,-0.035131,-0.74408,0.12948,0.0051218,0.051612
0.66717,-0.0011972,-0.035131,-0.74408,0.12948,0.0051219,0.051612
0.66717,-0.0011972,-0.035131,-0.74408,0.12948,0.0051219,0.051612
0.66717,-0.0011972,-0.035131,-0.74408,0.12948,0.005124,0.051612
0.66717,-0.0011972,-0.035131,-0.74408,0.12948,0.005124,0.051612
0.66717,-0.0011972,-0.035131,-0.74408,0.12948,0.0051241,0.051612
0.66717,-0.0011972,-0.035131,-0.74408,0.12948,0.0051241,0.051612
0.66717,-0.0011972,-0.035131,-0.74408,0.12948,0.0051241,0.051612
0.66717,-0.0011972,-0.035131,-0.74408,0.12949,0.0051262,0.051612
0.66717,-0.0011972,-0.035131,-0.74408,0.12949,0.0051262,0.051612
0.66717,-0.0011972,-0.035131,-0.74408,0.12949,0.0051263,0.051612
0.66717,-0.0011972,-0.035131,-0.74408,0.12949,0.0051263,0.051612
0.66717,-0.0011972,-0.035131,-0.74408,0.12949,0.0051264,0.051612
0.66717,-0.0011972,-0.035131,-0.74408,0.12949,0.0051284,0.051612
0.66717,-0.0011972,-0.035131,-0.74408,0.12949,0.0051284,0.051612
0.66717,-0.0011972,-0.035131,-0.74408,0.12949,0.0051285,0.051612
0.66717,-0.0011972,-0.035131,-0.74408,0.12949,0.0051285,0.051612
0.66717,-0.0011972,-0.035131,-0.74408,0.12949,0.0051285,0.051612
0.66717,-0.0011972,-0.035131,-0.74408,0.12949,0.0051306,0.051612
0.66717,-0.0011972,-0.035131,-0.74408,0.12949,0.0051306,0.051612
0.66717,-0.0011972,-0.035131,-0.74408,0.12949,0.0051307,0.051612
0.66717,-0.0011972,-0.035131,-0.74408,0.12949,0.0051307,0.051612
0.66717,-0.0011972,-0.035131,-0.74408,0.12949,0.0051307,0.051612
0.66717,-0.0011972,-0.035131,-0.74408,0.1295,0.0051328,0.051612
0.66717,-0.0011972,-0.035131,-0.74408,0.1295,0.0051328,0.051612
0.66717,-0.0011972,-0.035131,-0.74408,0.1295,0.0051328,0.051612
0.66717,-0.0011972,-0.035131,-0.74408,0.1295,0.0051329,0.051612
0.66717,-0.0011972,-0.035131,-0.74408,0.1295,0.0051329,0.051612
0.66717,-0.0011972,-0.035131,-0.74408,0.1295,0.005135,0.051612
0.66717,-0.0011972,-0.035131,-0.74408,0.1295,0.005135,0.051612
0.66717,-0.0011972,-0.035131,-0.74408,0.1295,0.005135,0.051612
0.66717,-0.0011972,-0.035131,-0.74408,0.1295,0.0051351,0.051612
0.66717,-0.0011972,-0.035131,-0.74408,0.1295,0.0051351,0.051612
0.66717,-0.0011972,-0.035131,-0.74408,0.12951,0.0051372,0.051612
0.66717,-0.0011972,-0.035131,-0.74408,0.12951,0.0051372,0.051612
0.66717,-0.0011972,-0.035131,-0.74408,0.12951,0.0051372,0.051612
0.66717,-0.0011972,-0.035131,-0.74408,0.12951,0.0051372,0.051612
0.66717,-0.0011972,-0.035131,-0.74408,0.12951,0.0051373,0.051612
0.66717,-0.0011972,-0.035131,-0.74408,0.12951,0.0051393,0.051612
0.66717,-0.0011972,-0.035131,-0.74408,0.12951,0.0051394,0.051612
0.66717,-0.0011972,-0.035131,-0.74408,0.12951,0.0051394,0.051612
0.66717,-0.0011972,-0.035131,-0.74408,0.12951,0.0051395,0.051612
0.66717,-0.0011972,-0.035131,-0.74408,0.12951,0.0051395,0.051612
0.66717,-0.0011972,-0.035131,-0.74408,0.12951,0.0051416,0.051612
0.66717,-0.0011972,-0.035131,-0.74408,0.12951,0.0051416,0.051612
0.66717,-0.0011972,-0.035131,-0.74408,0.12951,0.0051417,0.051612
0.66717,-0.0011972,-0.035131,-0.74408,0.12951,0.0051417,0.051612
0.66717,-0.0011972,-0.035131,-0.74408,0.12951,0.0051417,0.051612
0.66717,-0.0011972,-0.035131,-0.74408,0.12952,0.0051438,0.051612
0.66717,-0.0011972,-0.035131,-0.74408,0.12952,0.0051438,0.051612
0.66717,-0.0011972,-0.035131,-0.74408,0.12952,0.0051439,0.051612
0.66717,-0.0011972,-0.035131,-0.74408,0.12952,0.0051439,0.051612
0.66717,-0.0011972,-0.035131,-0.74408,0.12952,0.0051439,0.051612
0.66717,-0.0011972,-0.035131,-0.74408,0.12952,0.005146,0.051611
0.66717,-0.0011972,-0.035131,-0.74408,0.12952,0.005146,0.051611
0.66717,-0.0011972,-0.035131,-0.74408,0.12952,0.005146,0.051611
0.66717,-0.0011972,-0.035131,-0.74408,0.12952,0.005146,0.051611
0.66717,-0.0011972,-0.035131,-0.74408,0.12952,0.0051461,0.051611
0.66717,-0.0011972,-0.035131,-0.74408,0.12952,0.0051481,0.051611
0.66717,-0.0011972,-0.035131,-0.74408,0.12952,0.0051481,0.051611
0.66717,-0.0011972,-0.035131,-0.74408,0.12952,0.0051481,0.051611
0.66717,-0.0011972,-0.035131,-0.74408,0.12952,0.0051482,0.051611
0.66717,-0.0011972,-0.035131,-0.74408,0.12952,0.0051482,0.051611
0.66717,-0.0011972,-0.035131,-0.74408,0.12953,0.0051502,0.051611
0.66717,-0.0011972,-0.035131,-0.74408,0.12953,0.0051502,0.051611
0.66717,-0.0011972,-0.035131,-0.74408,0.12953,0.0051502,0.051611
0.66717,-0.0011972,-0.035131,-0.74408,0.12953,0.0051503,0.051611
0.66717,-0.0011972,-0.035131,-0.74408,0.12953,0.0051503,0.051611
0.66717,-0.0011972,-0.035131,-0.74408,0.12953,0.0051523,0.051611
0.66717,-0.0011972,-0.035131,-0.74408,0.12953,0.0051523,0.051611
0.66717,-0.0011972,-0.035131,-0.74408,0.12953,0.0051523,0.051611
0.66717,-0.0011972,-0.035131,-0.74408,0.12953,0.0051524,0.051611
0.66717,-0.0011972,-0.035131,-0.74408,0.12953,0.0051524,0.051611
0.66717,-0.0011972,-0.035131,-0.74408,0.12954,0.0051544,0.051611
0.66717,-0.0011972,-0.035131,-0.74408,0.12954,0.0051545,0.051611
0.66717,-0.0011972,-0.035131,-0.74408,0.12954,0.0051545,0.051611
0.66717,-0.0011972,-0.035131,-0.74408,0.12954,0.0051545,0.051611
0.66717,-0.0011972,-0.035131,-0.74408,0.12954,0.0051545,0.051611
0.66717,-0.0011972,-0.035131,-0.74408,0.12954,0.0051565,0.051611
0.66717,-0.0011972,-0.035131,-0.74408,0.12954,0.0051566,0.051611
0.66717,-0.0011972,-0.035131,-0.74408,0.12954,0.0051566,0.051611
0.66717,-0.0011972,-0.035131,-0.74408,0.12954,0.0051566,0.051611
0.66717,-0.0011972,-0.035131,-0.74408,0.12954,0.0051566,0.051611
0.66717,-0.0011972,-0.035131,-0.74408,0.12954,0.0051587,0.051611
0.66717,-0.0011972,-0.035131,-0.74408,0.12954,0.0051587,0.051611
0.66717,-0.0011972,-0.035131,-0.74408,0.12954,0.0051587,0.051611
0.66717,-0.0011972,-0.035131,-0.74408,0.12954,0.0051587,0.051611
0.66717,-0.0011972,-0.035131,-0.74408,0.12954,0.0051587,0.051611
0.66717,-0.0011972,-0.035131,-0.74408,0.12955,0.0051607,0.051611
0.66717,-0.0011972,-0.035131,-0.74408,0.12955,0.0051607,0.051611
0.66717,-0.0011972,-0.035131,-0.74408,0.12955,0.0051607,0.051611
0.66717,-0.0011972,-0.035131,-0.74408,0.12955,0.0051608,0.051611
0.66717,-0.0011972,-0.035131,-0.74408,0.12955,0.0051608,0.051611
0.66717,-0.0011972,-0.035131,-0.74408,0.12955,0.0051628,0.051611
0.66717,-0.0011972,-0.035131,-0.74408,0.12955,0.0051628,0.051611
0.66717,-0.0011972,-0.035131,-0.74408,0.12955,0.0051628,0.051611
0.66717,-0.0011972,-0.035131,-0.74408,0.12955,0.0051628,0.051611
0.66717,-0.0011972,-0.035131,-0.74408,0.12955,0.0051629,0.051611
0.66717,-0.0011972,-0.035131,-0.74408,0.12956,0.0051649,0.051611
0.66717,-0.0011972,-0.035131,-0.74408,0.12956,0.0051649,0.051611
0.66717,-0.0011972,-0.035131,-0.74408,0.12956,0.005165,0.051611
0.66717,-0.0011972,-0.035131,-0.74408,0.12956,0.005165,0.051611
0.66717,-0.0011972,-0.035131,-0.74408,0.12956,0.005165,0.051611
0.66717,-0.0011972,-0.035131,-0.74408,0.12956,0.005167,0.051611
0.66717,-0.0011972,-0.035131,-0.74408,0.12956,0.005167,0.051611
0.66717,-0.0011972,-0.035131,-0.74408,0.12956,0.005167,0.051611
0.66717,-0.0011972,-0.035131,-0.74408,0.12956,0.005167,0.051611
0.66717,-0.0011972,-0.035131,-0.74408,0.12956,0.0051671,0.051611
0.66717,-0.0011972,-0.035131,-0.74408,0.12956,0.0051691,0.051611
0.66717,-0.0011972,-0.035131,-0.74408,0.12956,0.0051691,0.051611
0.66717,-0.0011972,-0.035131,-0.74408,0.12956,0.0051691,0.051611
0.66717,-0.0011972,-0.035131,-0.74408,0.12956,0.0051691,0.051611
0.66717,-0.0011972,-0.035131,-0.74408,0.12956,0.0051691,0.051611
0.66717,-0.0011972,-0.035131,-0.74408,0.12957,0.0051711,0.051611
0.66717,-0.0011972,-0.035131,-0.74408,0.12957,0.0051711,0.051611
0.66717,-0.0011972,-0.035131,-0.74408,0.12957,0.0051712,0.051611
0.66717,-0.0011972,-0.035131,-0.74408,0.12957,0.0051712,0.051611
0.66717,-0.0011972,-0.035131,-0.74408,0.12957,0.0051712,0.051611
0.66717,-0.0011972,-0.035131,-0.74408,0.12957,0.0051732,0.051611
0.66717,-0.0011972,-0.035131,-0.74408,0.12957,0.0051732,0.051611
0.66717,-0.0011972,-0.035131,-0.74408,0.12957,0.0051733,0.051611
0.66717,-0.0011972,-0.035131,-0.74408,0.12957,0.0051733,0.051611
0.66717,-0.0011972,-0.035131,-0.74408,0.12957,0.0051733,0.051611
0.66717,-0.0011972,-0.035131,-0.74408,0.12957,0.0051753,0.051611
0.66717,-0.0011972,-0.035131,-0.74408,0.12957,0.0051753,0.051611
0.66717,-0.0011972,-0.035131,-0.74408,0.12957,0.0051753,0.051611
0.66717,-0.0011972,-0.035131,-0.74408,0.12957,0.0051754,0.051611
0.66717,-0.0011972,-0.035131,-0.74408,0.12957,0.0051754,0.051611
0.66717,-0.0011972,-0.035131,-0.74408,0.12958,0.0051774,0.05161
0.66717,-0.0011972,-0.035131,-0.74408,0.12958,0.0051774,0.05161
0.66717,-0.0011972,-0.035131,-0.74408,0.12958,0.0051774,0.05161
0.66717,-0.0011972,-0.035131,-0.74408,0.12958,0.0051775,0.05161
0.66717,-0.0011972,-0.035131,-0.74408,0.12958,0.0051775,0.05161
0.66717,-0.0011972,-0.035131,-0.74408,0.12958,0.0051795,0.05161
0.66717,-0.0011972,-0.035131,-0.74408,0.12958,0.0051795,0.05161
0.66717,-0.0011972,-0.035131,-0.74408,0.12958,0.0051795,0.05161
0.66717,-0.0011972,-0.035131,-0.74408,0.12958,0.0051795,0.05161
0.66717,-0.0011972,-0.035131,-0.74408,0.12958,0.0051796,0.05161
0.66717,-0.0011972,-0.035131,-0.74408,0.12959,0.0051816,0.05161
0.66717,-0.0011972,-0.035131,-0.74408,0.12959,0.0051816,0.05161
0.66717,-0.0011972,-0.035131,-0.74408,0.12959,0.0051816,0.05161
0.66717,-0.0011972,-0.035131,-0.74408,0.12959,0.0051816,0.05161
0.66717,-0.0011972,-0.035131,-0.74408,0.12959,0.0051816,0.05161
0.66717,-0.0011972,-0.035131,-0.74408,0.12959,0.0051837,0.05161
0.66717,-0.0011972,-0.035131,-0.74408,0.12959,0.0051837,0.05161
0.66717,-0.0011972,-0.035131,-0.74408,0.12959,0.0051837,0.05161
0.66717,-0.0011972,-0.035131,-0.74408,0.12959,0.0051837,0.05161
0.66717,-0.0011972,-0.035131,-0.74408,0.12959,0.0051837,0.05161
0.66717,-0.0011972,-0.035131,-0.74408,0.12959,0.0051857,0.05161
0.66717,-0.0011972,-0.035131,-0.74408,0.12959,0.0051857,0.05161
0.66717,-0.0011972,-0.035131,-0.74408,0.12959,0.0051858,0.05161
0.66717,-0.0011972,-0.035131,-0.74408,0.12959,0.0051858,0.05161
0.66717,-0.0011972,-0.035131,-0.74408,0.12959,0.0051858,0.05161
0.66717,-0.0011972,-0.035131,-0.74408,0.1296,0.0051878,0.05161
0.66717,-0.0011972,-0.035131,-0.74408,0.1296,0.0051878,0.05161
0.66717,-0.0011972,-0.035131,-0.74408,0.1296,0.0051878,0.05161
0.66717,-0.0011972,-0.035131,-0.74408,0.1296,0.0051879,0.05161
0.66717,-0.0011972,-0.035131,-0.74408,0.1296,0.0051879,0.05161
0.66717,-0.0011972,-0.035131,-0.74408,0.1296,0.0051899,0.05161
0.66717,-0.0011972,-0.035131,-0.74408,0.1296,0.0051899,0.05161
0.66717,-0.0011972,-0.035131,-0.74408,0.1296,0.0051899,0.05161
0.66717,-0.0011972,-0.035131,-0.74408,0.1296,0.00519,0.05161
0.66717,-0.0011972,-0.035131,-0.74408,0.1296,0.00519,0.05161
0.66717,-0.0011972,-0.035131,-0.74408,0.12961,0.005192,0.05161
0.66717,-0.0011972,-0.035131,-0.74408,0.12961,0.005192,0.05161
0.66717,-0.0011972,-0.035131,-0.74408,0.12961,0.0051921,0.05161
0.66717,-0.0011972,-0.035131,-0.74408,0.12961,0.0051921,0.05161
0.66717,-0.0011972,-0.035131,-0.74408,0.12961,0.0051921,0.05161
0.66717,-0.0011972,-0.035131,-0.74408,0.12961,0.0051941,0.051609
0.66717,-0.0011972,-0.035131,-0.74408,0.12961,0.0051942,0.051609
0.66717,-0.0011972,-0.035131,-0.74408,0.12961,0.0051942,0.051609
0.66717,-0.0011972,-0.035131,-0.74408,0.12961,0.0051942,0.051609
0.66717,-0.0011972,-0.035131,-0.74408,0.12961,0.0051943,0.051609
0.66717,-0.0011972,-0.035131,-0.74408,0.12961,0.0051963,0.051609
0.66717,-0.0011972,-0.035131,-0.74408,0.12961,0.0051963,0.051609
0.66717,-0.0011972,-0.035131,-0.74408,0.12961,0.0051964,0.051609
0.66717,-0.0011972,-0.035131,-0.74408,0.12961,0.0051964,0.051609
0.66717,-0.0011972,-0.035131,-0.74408,0.12961,0.0051964,0.051609
0.66717,-0.0011972,-0.035131,-0.74408,0.12962,0.0051985,0.051609
0.66717,-0.0011972,-0.035131,-0.74408,0.12962,0.0051985,0.051609
0.66717,-0.0011972,-0.035131,-0.74408,0.12962,0.0051985,0.051609
0.66717,-0.0011972,-0.035131,-0.74408,0.12962,0.0051986,0.051609
0.66717,-0.0011972,-0.035131,-0.74408,0.12962,0.0051986,0.051609
0.66717,-0.0011972,-0.035131,-0.74408,0.12962,0.0052006,0.051609
0.66717,-0.0011972,-0.035131,-0.74408,0.12962,0.0052007,0.051609
0.66717,-0.0011972,-0.035131,-0.74408,0.12962,0.0052007,0.051609
0.66717,-0.0011972,-0.035131,-0.74408,0.12962,0.0052008,0.051609
0.66717,-0.0011972,-0.035131,-0.74408,0.12962,0.0052008,0.051609
0.66717,-0.0011972,-0.035131,-0.74408,0.12963,0.0052028,0.051609
0.66717,-0.0011972,-0.035131,-0.74408,0.12963,0.0052028,0.051609
0.66717,-0.0011972,-0.035131,-0.74408,0.12963,0.0052029,0.051609
0.66717,-0.0011972,-0.035131,-0.74408,0.12963,0.0052029,0.051609
0.66717,-0.0011972,-0.035131,-0.74408,0.12963,0.0052029,0.051609
0.66717,-0.0011972,-0.035131,-0.74408,0.12963,0.0052049,0.051609
0.66717,-0.0011972,-0.035131,-0.74408,0.12963,0.0052049,0.051609
0.66717,-0.0011972,-0.035131,-0.74408,0.12963,0.005205,0.051609
0.66717,-0.0011972,-0.035131,-0.74408,0.12963,0.005205,0.051609
0.66717,-0.0011972,-0.035131,-0.74408,0.12963,0.0052051,0.051609
0.66717,-0.0011972,-0.035131,-0.74408,0.12963,0.0052071,0.051609
0.66717,-0.0011972,-0.035131,-0.74408,0.12963,0.0052071,0.051609
0.66717,-0.0011972,-0.035131,-0.74408,0.12963,0.0052072,0.051609
0.66717,-0.0011972,-0.035131,-0.74408,0.12963,0.0052072,0.051609
0.66717,-0.0011972,-0.035131,-0.74408,0.12963,0.0052073,0.051609
0.66717,-0.0011972,-0.035131,-0.74408,0.12964,0.0052093,0.051608
0.66717,-0.0011972,-0.035131,-0.74408,0.12964,0.0052093,0.051608
0.66717,-0.0011972,-0.035131,-0.74408,0.12964,0.0052094,0.051608
0.66717,-0.0011972,-0.035131,-0.74408,0.12964,0.0052094,0.051608
0.66717,-0.0011972,-0.035131,-0.74408,0.12964,0.0052095,0.051608
0.66717,-0.0011972,-0.035131,-0.74408,0.12964,0.0052115,0.051608
0.66717,-0.0011972,-0.035131,-0.74408,0.12964,0.0052116,0.051608
0.66717,-0.0011972,-0.035131,-0.74408,0.12964,0.0052116,0.051608
0.66717,-0.0011972,-0.035131,-0.74408,0.12964,0.0052117,0.051608
0.66717,-0.0011972,-0.035131,-0.74408,0.12964,0.0052117,0.051608
0.66717,-0.0011972,-0.035131,-0.74408,0.12965,0.0052137,0.051608
0.66717,-0.0011972,-0.035131,-0.74408,0.12965,0.0052138,0.051608
0.66717,-0.0011972,-0.035131,-0.74408,0.12965,0.0052138,0.051608
0.66717,-0.0011972,-0.035131,-0.74408,0.12965,0.0052139,0.051608
0.66717,-0.0011972,-0.035131,-0.74408,0.12965,0.0052139,0.051608
0.66717,-0.0011972,-0.035131,-0.74408,0.12965,0.005216,0.051608
0.66717,-0.0011972,-0.035131,-0.74408,0.12965,0.005216,0.051608
0.66717,-0.0011972,-0.035131,-0.74408,0.12965,0.005216,0.051608
0.66717,-0.0011972,-0.035131,-0.74408,0.12965,0.0052161,0.051608
0.66717,-0.0011972,-0.035131,-0.74408,0.12965,0.0052161,0.051608
0.66717,-0.0011972,-0.035131,-0.74408,0.12965,0.0052181,0.051608
0.66717,-0.0011972,-0.035131,-0.74408,0.12965,0.0052182,0.051608
0.66717,-0.0011972,-0.035131,-0.74408,0.12965,0.0052182,0.051608
0.66717,-0.0011972,-0.035131,-0.74408,0.12965,0.0052183,0.051608
0.66717,-0.0011972,-0.035131,-0.74408,0.12965,0.0052183,0.051608
0.66717,-0.0011972,-0.035131,-0.74408,0.12966,0.0052203,0.051607
0.66717,-0.0011972,-0.035131,-0.74408,0.12966,0.0052204,0.051607
0.66717,-0.0011972,-0.035131,-0.74408,0.12966,0.0052204,0.051607
0.66717,-0.0011972,-0.035131,-0.74408,0.12966,0.0052205,0.051607
0.66717,-0.0011972,-0.035131,-0.74408,0.12966,0.0052205,0.051607
0.66717,-0.0011972,-0.035131,-0.74408,0.12966,0.0052225,0.051607
0.66717,-0.0011972,-0.035131,-0.74408,0.12966,0.0052226,0.051607
0.66717,-0.0011972,-0.035131,-0.74408,0.12966,0.0052226,0.051607
0.66717,-0.0011972,-0.035131,-0.74408,0.12966,0.0052227,0.051607
0.66717,-0.0011972,-0.035131,-0.74408,0.12966,0.0052228,0.051607
0.66717,-0.0011972,-0.035131,-0.74408,0.12967,0.0052248,0.051607
0.66717,-0.0011972,-0.035131,-0.74408,0.12967,0.0052248,0.051607
0.66717,-0.0011972,-0.035131,-0.74408,0.12967,0.0052249,0.051607
0.66717,-0.0011972,-0.035131,-0.74408,0.12967,0.005225,0.051607
0.66717,-0.0011972,-0.035131,-0.74408,0.12967,0.005225,0.051607
0.66717,-0.0011972,-0.035131,-0.74408,0.12967,0.0052271,0.051607
0.66717,-0.0011972,-0.035131,-0.74408,0.12967,0.0052271,0.051607
0.66717,-0.0011972,-0.035131,-0.74408,0.12967,0.0052272,0.051607
0.66717,-0.0011972,-0.035131,-0.74408,0.12967,0.0052272,0.051607
0.66717,-0.0011972,-0.035131,-0.74408,0.12967,0.0052273,0.051607
0.66717,-0.0011972,-0.035131,-0.74408,0.12968,0.0052293,0.051607
0.66717,-0.0011972,-0.035131,-0.74408,0.12968,0.0052294,0.051607
0.66717,-0.0011972,-0.035131,-0.74408,0.12968,0.0052294,0.051607
0.66717,-0.0011972,-0.035131,-0.74408,0.12968,0.0052295,0.051607
0.66717,-0.0011972,-0.035131,-0.74408,0.12968,0.0052295,0.051607
0.66717,-0.0011972,-0.035131,-0.74408,0.12968,0.0052316,0.051607
0.66717,-0.0011972,-0.035131,-0.74408,0.12968,0.0052317,0.051607
0.66717,-0.0011972,-0.035131,-0.74408,0.12968,0.0052317,0.051607
0.66717,-0.0011972,-0.035131,-0.74408,0.12968,0.0052318,0.051607
0.66717,-0.0011972,-0.035131,-0.74408,0.12968,0.0052318,0.051607
0.66717,-0.0011972,-0.035131,-0.74408,0.12968,0.0052339,0.051606
0.66717,-0.0011972,-0.035131,-0.74408,0.12968,0.0052339,0.051606
0.66717,-0.0011972,-0.035131,-0.74408,0.12968,0.005234,0.051606
0.66717,-0.0011972,-0.035131,-0.74408,0.12969,0.0052341,0.051606
0.66717,-0.0011972,-0.035131,-0.74408,0.12969,0.0052341,0.051606
0.66717,-0.0011972,-0.035131,-0.74408,0.12969,0.0052362,0.051606
0.66717,-0.0011972,-0.035131,-0.74408,0.12969,0.0052362,0.051606
0.66717,-0.0011972,-0.035131,-0.74408,0.12969,0.0052363,0.051606
0.66717,-0.0011972,-0.035131,-0.74408,0.12969,0.0052364,0.051606
0.66717,-0.0011972,-0.035131,-0.74408,0.12969,0.0052364,0.051606
0.66717,-0.0011972,-0.035131,-0.74408,0.12969,0.0052385,0.051606
0.66717,-0.0011972,-0.035131,-0.74408,0.12969,0.0052386,0.051606
0.66717,-0.0011972,-0.035131,-0.74408,0.12969,0.0052386,0.051606
0.66717,-0.0011972,-0.035131,-0.74408,0.12969,0.0052387,0.051606
0.66717,-0.0011972,-0.035131,-0.74408,0.12969,0.0052388,0.051606
0.66717,-0.0011972,-0.035131,-0.74408,0.1297,0.0052408,0.051606
0.66717,-0.0011972,-0.035131,-0.74408,0.1297,0.0052409,0.051606
0.66717,-0.0011972,-0.035131,-0.74408,0.1297,0.005241,0.051606
0.66717,-0.0011972,-0.035131,-0.74408,0.1297,0.005241,0.051606
0.66717,-0.0011972,-0.035131,-0.74408,0.1297,0.0052411,0.051606
0.66717,-0.0011972,-0.035131,-0.74408,0.1297,0.0052431,0.051605
0.66717,-0.0011972,-0.035131,-0.74408,0.1297,0.0052432,0.051605
0.66717,-0.0011972,-0.035131,-0.74408,0.1297,0.0052433,0.051605
0.66717,-0.0011972,-0.035131,-0.74408,0.1297,0.0052433,0.051605
0.66717,-0.0011972,-0.035131,-0.74408,0.1297,0.0052434,0.051605
0.66717,-0.0011972,-0.035131,-0.74408,0.12971,0.0052454,0.051605
0.66717,-0.0011972,-0.035131,-0.74408,0.12971,0.0052455,0.051605
0.66717,-0.0011972,-0.035131,-0.74408,0.12971,0.0052455,0.051605
0.66717,-0.0011972,-0.035131,-0.74408,0.12971,0.0052456,0.051605
0.66717,-0.0011972,-0.035131,-0.74408,0.12971,0.0052457,0.051605
0.66717,-0.0011972,-0.035131,-0.74408,0.12971,0.0052477,0.051605
0.66717,-0.0011972,-0.035131,-0.74408,0.12971,0.0052477,0.051605
0.66717,-0.0011972,-0.035131,-0.74408,0.12971,0.0052478,0.051605
0.66717,-0.0011972,-0.035131,-0.74408,0.12971,0.0052479,0.051605
0.66717,-0.0011972,-0.035131,-0.74408,0.12971,0.0052479,0.051605
0.66717,-0.0011972,-0.035131,-0.74408,0.12971,0.00525,0.051604
0.66717,-0.0011972,-0.035131,-0.74408,0.12972,0.00525,0.051604
0.66717,-0.0011972,-0.035131,-0.74408,0.12972,0.0052501,0.051604
0.66717,-0.0011972,-0.035131,-0.74408,0.12972,0.0052501,0.051604
0.66717,-0.0011972,-0.035131,-0.74408,0.12972,0.0052502,0.051604
0.66717,-0.0011972,-0.035131,-0.74408,0.12972,0.0052522,0.051604
0.66717,-0.0011972,-0.035131,-0.74408,0.12972,0.0052523,0.051604
0.66717,-0.0011972,-0.035131,-0.74408,0.12972,0.0052523,0.051604
0.66717,-0.0011972,-0.035131,-0.74408,0.12972,0.0052524,0.051604
0.66717,-0.0011972,-0.035131,-0.74408,0.12972,0.0052525,0.051604
0.66717,-0.0011972,-0.035131,-0.74408,0.12972,0.0052545,0.051604
0.66717,-0.0011972,-0.035131,-0.74408,0.12972,0.0052545,0.051604
0.66717,-0.0011972,-0.035131,-0.74408,0.12972,0.0052546,0.051604
0.66717,-0.0011972,-0.035131,-0.74408,0.12972,0.0052547,0.051604
0.66717,-0.0011972,-0.035131,-0.74408,0.12972,0.0052548,0.051604
0.66717,-0.0011972,-0.035131,-0.74408,0.12973,0.0052568,0.051603
0.66717,-0.0011972,-0.035131,-0.74408,0.12973,0.0052569,0.051603
0.66717,-0.0011972,-0.035131,-0.74408,0.12973,0.005257,0.051603
0.66717,-0.0011972,-0.035131,-0.74408,0.12973,0.0052571,0.051603
0.66717,-0.0011972,-0.035131,-0.74408,0.12973,0.0052571,0.051603
0.66717,-0.0011972,-0.035131,-0.74408,0.12973,0.0052592,0.051603
0.66717,-0.0011972,-0.035131,-0.74408,0.12973,0.0052593,0.051603
0.66717,-0.0011972,-0.035131,-0.74408,0.12973,0.0052594,0.051603
0.66717,-0.0011972,-0.035131,-0.74408,0.12973,0.0052595,0.051603
0.66717,-0.0011972,-0.035131,-0.74408,0.12973,0.0052595,0.051603
0.66717,-0.0011972,-0.035131,-0.74408,0.12974,0.0052616,0.051603
0.66717,-0.0011972,-0.035131,-0.74408,0.12974,0.0052617,0.051603
0.66717,-0.0011972,-0.035131,-0.74408,0.12974,0.0052618,0.051603
0.66717,-0.0011972,-0.035131,-0.74408,0.12974,0.0052618,0.051603
0.66717,-0.0011972,-0.035131,-0.74408,0.12974,0.0052619,0.051603
0.66717,-0.0011972,-0.035131,-0.74408,0.12974,0.005264,0.051603
0.66717,-0.0011972,-0.035131,-0.74408,0.12974,0.0052641,0.051603
0.66717,-0.0011972,-0.035131,-0.74408,0.12974,0.0052642,0.051603
0.66717,-0.0011972,-0.035131,-0.74408,0.12974,0.0052643,0.051603
0.66717,-0.0011972,-0.035131,-0.74408,0.12974,0.0052643,0.051603
0.66717,-0.0011972,-0.035131,-0.74408,0.12975,0.0052664,0.051603
0.66717,-0.0011972,-0.035131,-0.74408,0.12975,0.0052665,0.051602
0.66717,-0.0011972,-0.035131,-0.74408,0.12975,0.0052666,0.051602
0.66717,-0.0011972,-0.035131,-0.74408,0.12975,0.0052666,0.051602
0.66717,-0.0011972,-0.035131,-0.74408,0.12975,0.0052667,0.051602
0.66717,-0.0011972,-0.035131,-0.74408,0.12975,0.0052688,0.051602
0.66717,-0.0011972,-0.035131,-0.74408,0.12975,0.0052689,0.051602
0.66717,-0.0011972,-0.035131,-0.74408,0.12975,0.005269,0.051602
0.66717,-0.0011972,-0.035131,-0.74408,0.12975,0.0052691,0.051602
0.66717,-0.0011972,-0.035131,-0.74408,0.12975,0.0052692,0.051602
0.66717,-0.0011972,-0.035131,-0.74408,0.12976,0.0052713,0.051602
0.66717,-0.0011972,-0.035131,-0.74408,0.12976,0.0052714,0.051602
0.66717,-0.0011972,-0.035131,-0.74408,0.12976,0.0052715,0.051602
0.66717,-0.0011972,-0.035131,-0.74408,0.12976,0.0052716,0.051602
0.66717,-0.0011972,-0.035131,-0.74408,0.12976,0.0052717,0.051602
0.66717,-0.0011972,-0.035131,-0.74408,0.12976,0.0052738,0.051602
0.66717,-0.0011972,-0.035131,-0.74408,0.12976,0.0052739,0.051602
0.66717,-0.0011972,-0.035131,-0.74408,0.12976,0.005274,0.051602
0.66717,-0.0011972,-0.035131,-0.74408,0.12976,0.0052741,0.051602
0.66717,-0.0011972,-0.035131,-0.74408,0.12976,0.0052741,0.051602
0.66717,-0.0011972,-0.035131,-0.74408,0.12976,0.0052762,0.051602
0.66717,-0.0011972,-0.035131,-0.74408,0.12976,0.0052763,0.051602
0.66717,-0.0011972,-0.035131,-0.74408,0.12976,0.0052764,0.051602
0.66717,-0.0011972,-0.035131,-0.74408,0.12976,0.0052765,0.051602
0.66717,-0.0011972,-0.035131,-0.74408,0.12976,0.0052765,0.051602
0.66717,-0.0011972,-0.035131,-0.74408,0.12977,0.0052786,0.051602
0.66717,-0.0011972,-0.035131,-0.74408,0.12977,0.0052787,0.051602
0.66717,-0.0011972,-0.035131,-0.74408,0.12977,0.0052788,0.051602
0.66717,-0.0011972,-0.035131,-0.74408,0.12977,0.0052789,0.051602
0.66717,-0.0011972,-0.035131,-0.74408,0.12977,0.005279,0.051601
0.66717,-0.0011972,-0.035131,-0.74408,0.12977,0.005281,0.051601
0.66717,-0.0011972,-0.035131,-0.74408,0.12977,0.0052811,0.051601
0.66717,-0.0011972,-0.035131,-0.74408,0.12977,0.0052812,0.051601
0.66717,-0.0011972,-0.035131,-0.74408,0.12977,0.0052813,0.051601
0.66717,-0.0011972,-0.035131,-0.74408,0.12977,0.0052814,0.051601
0.66717,-0.0011972,-0.035131,-0.74408,0.12978,0.0052834,0.051601
0.66717,-0.0011972,-0.035131,-0.74408,0.12978,0.0052835,0.051601
0.66717,-0.0011972,-0.035131,-0.74408,0.12978,0.0052836,0.051601
0.66717,-0.0011972,-0.035131,-0.74408,0.12978,0.0052837,0.051601
0.66717,-0.0011972,-0.035131,-0.74408,0.12978,0.0052838,0.051601
0.66717,-0.0011972,-0.035131,-0.74408,0.12978,0.0052859,0.051601
0.66717,-0.0011972,-0.035131,-0.74408,0.12978,0.005286,0.051601
0.66717,-0.0011972,-0.035131,-0.74408,0.12978,0.0052861,0.051601
0.66717,-0.0011972,-0.035131,-0.74408,0.12978,0.0052863,0.051601
0.66717,-0.0011972,-0.035131,-0.74408,0.12978,0.0052864,0.051601
0.66717,-0.0011972,-0.035131,-0.74408,0.12979,0.0052884,0.051601
0.66717,-0.0011972,-0.035131,-0.74408,0.12979,0.0052885,0.051601
0.66717,-0.0011972,-0.035131,-0.74408,0.12979,0.0052887,0.051601
0.66717,-0.0011972,-0.035131,-0.74408,0.12979,0.0052887,0.051601
0.66717,-0.0011972,-0.035131,-0.74408,0.12979,0.0052889,0.051601
0.66717,-0.0011972,-0.035131,-0.74408,0.12979,0.0052909,0.051601
0.66717,-0.0011972,-0.035131,-0.74408,0.12979,0.005291,0.051601
0.66717,-0.0011972,-0.035131,-0.74408,0.12979,0.0052911,0.051601
0.66717,-0.0011972,-0.035131,-0.74408,0.12979,0.0052912,0.051601
0.66717,-0.0011972,-0.035131,-0.74408,0.12979,0.0052914,0.051601
0.66717,-0.0011972,-0.035131,-0.74408,0.1298,0.0052934,0.051601
0.66717,-0.0011972,-0.035131,-0.74408,0.1298,0.0052936,0.051601
0.66717,-0.0011972,-0.035131,-0.74408,0.1298,0.0052937,0.051601
0.66717,-0.0011972,-0.035131,-0.74408,0.1298,0.0052938,0.051601
0.66717,-0.0011972,-0.035131,-0.74408,0.1298,0.0052939,0.051601
0.66717,-0.0011972,-0.035131,-0.74408,0.1298,0.005296,0.051601
0.66717,-0.0011972,-0.035131,-0.74408,0.1298,0.0052961,0.051601
0.66717,-0.0011972,-0.035131,-0.74408,0.1298,0.0052963,0.051601
0.66717,-0.0011972,-0.035131,-0.74408,0.1298,0.0052964,0.051601
0.66717,-0.0011972,-0.035131,-0.74408,0.1298,0.0052965,0.0516
