0.65045,0.67104,-0.26458,0.23794,-0.055815,0.14068,0.023989
0.65045,0.67104,-0.26458,0.23794,-0.055815,0.14068,0.023989
0.65045,0.67104,-0.26458,0.23794,-0.055815,0.14068,0.023989
0.65045,0.67104,-0.26458,0.23794,-0.055815,0.14068,0.023989
0.65045,0.67104,-0.26458,0.23794,-0.055815,0.14068,0.023989
0.65045,0.67104,-0.26458,0.23794,-0.055815,0.14068,0.023989
0.65045,0.67104,-0.26458,0.23794,-0.055815,0.14068,0.023989
0.65045,0.67104,-0.26458,0.23794,-0.055811,0.14068,0.023989
0.65045,0.67104,-0.26458,0.23794,-0.055811,0.14068,0.023989
0.65045,0.67104,-0.26458,0.23794,-0.055811,0.14068,0.023989
0.65045,0.67104,-0.26458,0.23794,-0.055811,0.14068,0.023989
0.65045,0.67104,-0.26458,0.23794,-0.055811,0.14068,0.023989
0.65045,0.67104,-0.26458,0.23794,-0.055807,0.14068,0.023989
0.65045,0.67104,-0.26458,0.23794,-0.055807,0.14068,0.023989
0.65045,0.67104,-0.26458,0.23794,-0.055807,0.14068,0.023989
0.65045,0.67104,-0.26458,0.23794,-0.055807,0.14068,0.023989
0.65045,0.67104,-0.26458,0.23794,-0.055807,0.14068,0.023989
0.65045,0.67104,-0.26458,0.23794,-0.055803,0.14068,0.023989
0.65045,0.67104,-0.26458,0.23794,-0.055803,0.14068,0.023989
0.65045,0.67104,-0.26458,0.23794,-0.055803,0.14068,0.023989
0.65045,0.67104,-0.26458,0.23794,-0.055803,0.14068,0.023989
0.65045,0.67104,-0.26458,0.23794,-0.055803,0.14068,0.023989
0.65045,0.67104,-0.26458,0.23794,-0.055799,0.14068,0.023989
0.65045,0.67104,-0.26458,0.23794,-0.055799,0.14068,0.023989
0.65045,0.67104,-0.26458,0.23794,-0.055799,0.14068,0.023989
0.65045,0.67104,-0.26458,0.23794,-0.055799,0.14068,0.023989
0.65045,0.67104,-0.26458,0.23794,-0.055799,0.14068,0.023989
0.65045,0.67104,-0.26458,0.23794,-0.055795,0.14069,0.023989
0.65045,0.67104,-0.26458,0.23794,-0.055795,0.14069,0.023989
0.65045,0.67104,-0.26458,0.23794,-0.055795,0.14069,0.023989
0.65045,0.67104,-0.26458,0.23794,-0.055795,0.14069,0.023989
0.65045,0.67104,-0.26458,0.23794,-0.055795,0.14069,0.023989
0.65045,0.67104,-0.26458,0.23794,-0.055792,0.14069,0.023989
0.65045,0.67104,-0.26458,0.23794,-0.055792,0.14069,0.023989
0.65045,0.67104,-0.26458,0.23794,-0.055792,0.14069,0.023989
0.65045,0.67104,-0.26458,0.23794,-0.055792,0.14069,0.023989
0.65045,0.67104,-0.26458,0.23794,-0.055792,0.14069,0.023989
0.65045,0.67104,-0.26458,0.23794,-0.055788,0.14069,0.023989
0.65045,0.67104,-0.26458,0.23794,-0.055788,0.14069,0.023989
0.65045,0.67104,-0.26458,0.23794,-0.055788,0.14069,0.023989
0.65045,0.67104,-0.26458,0.23794,-0.055788,0.14069,0.023989
0.65045,0.67104,-0.26458,0.23794,-0.055788,0.14069,0.023989
0.65045,0.67104,-0.26458,0.23794,-0.055784,0.14069,0.023989
0.65045,0.67104,-0.26458,0.23794,-0.055784,0.14069,0.023989
0.65045,0.67104,-0.26458,0.23794,-0.055784,0.14069,0.023989
0.65045,0.67104,-0.26458,0.23794,-0.055784,0.14069,0.023989
0.65045,0.67104,-0.26458,0.23794,-0.055784,0.14069,0.023989
0.65045,0.67104,-0.26458,0.23794,-0.05578,0.1407,0.023989
0.65045,0.67104,-0.26458,0.23794,-0.05578,0.1407,0.023989
0.65045,0.67104,-0.26458,0.23794,-0.05578,0.1407,0.023989
0.65045,0.67104,-0.26458,0.23794,-0.05578,0.1407,0.023989
0.65045,0.67104,-0.26458,0.23794,-0.05578,0.1407,0.023989
0.65045,0.67104,-0.26458,0.23794,-0.055776,0.1407,0.023989
0.65045,0.67104,-0.26458,0.23794,-0.055776,0.1407,0.023989
0.65045,0.67104,-0.26458,0.23794,-0.055776,0.1407,0.023989
0.65045,0.67104,-0.26458,0.23794,-0.055776,0.1407,0.023989
0.65045,0.67104,-0.26458,0.23794,-0.055776,0.1407,0.023989
0.65045,0.67104,-0.26458,0.23794,-0.055773,0.1407,0.023989
0.65045,0.67104,-0.26458,0.23794,-0.055773,0.1407,0.023989
0.65045,0.67104,-0.26458,0.23794,-0.055773,0.1407,0.023989
0.65045,0.67104,-0.26458,0.23794,-0.055773,0.1407,0.023989
0.65045,0.67104,-0.26458,0.23794,-0.055773,0.1407,0.023989
0.65045,0.67104,-0.26458,0.23794,-0.055769,0.1407,0.023988
0.65045,0.67104,-0.26458,0.23794,-0.055769,0.1407,0.023988
0.65045,0.67104,-0.26458,0.23794,-0.055769,0.1407,0.023988
0.65045,0.67104,-0.26458,0.23794,-0.055769,0.1407,0.023988
0.65045,0.67104,-0.26458,0.23794,-0.055769,0.1407,0.023988
0.65045,0.67104,-0.26458,0.23794,-0.055765,0.1407,0.023988
0.65045,0.67104,-0.26458,0.23794,-0.055765,0.1407,0.023988
0.65045,0.67104,-0.26458,0.23794,-0.055765,0.1407,0.023988
0.65045,0.67104,-0.26458,0.23794,-0.055765,0.1407,0.023988
0.65045,0.67104,-0.26458,0.23794,-0.055765,0.1407,0.023988
0.65045,0.67104,-0.26458,0.23794,-0.055761,0.14071,0.023988
0.65045,0.67104,-0.26458,0.23794,-0.055761,0.14071,0.023988
0.65045,0.67104,-0.26458,0.23794,-0.055761,0.14071,0.023988
0.65045,0.67104,-0.26458,0.23794,-0.055761,0.14071,0.023988
0.65045,0.67104,-0.26458,0.23794,-0.055761,0.14071,0.023988
0.65045,0.67104,-0.26458,0.23794,-0.055758,0.14071,0.023988
0.65045,0.67104,-0.26458,0.23794,-0.055758,0.14071,0.023988
0.65045,0.67104,-0.26458,0.23794,-0.055758,0.14071,0.023988
0.65045,0.67104,-0.26458,0.23794,-0.055758,0.14071,0.023988
0.65045,0.67104,-0.26458,0.23794,-0.055758,0.14071,0.023988
0.65045,0.67104,-0.26458,0.23794,-0.055754,0.14071,0.023988
0.65045,0.67104,-0.26458,0.23794,-0.055754,0.14071,0.023988
0.65045,0.67104,-0.26458,0.23794,-0.055754,0.14071,0.023988
0.65045,0.67104,-0.26458,0.23794,-0.055754,0.14071,0.023988
0.65045,0.67104,-0.26458,0.23794,-0.055754,0.14071,0.023988
0.65045,0.67104,-0.26458,0.23794,-0.05575,0.14071,0.023988
0.65045,0.67104,-0.26458,0.23794,-0.05575,0.14071,0.023988
0.65045,0.67104,-0.26458,0.23794,-0.05575,0.14071,0.023988
0.65045,0.67104,-0.26458,0.23794,-0.05575,0.14071,0.023988
0.65045,0.67104,-0.26458,0.23794,-0.05575,0.14071,0.023988
0.65045,0.67104,-0.26458,0.23794,-0.055746,0.14071,0.023988
0.65045,0.67104,-0.26458,0.23794,-0.055746,0.14071,0.023988
0.65045,0.67104,-0.26458,0.23794,-0.055746,0.14071,0.023988
0.65045,0.67104,-0.26458,0.23794,-0.055746,0.14072,0.023988
0.65045,0.67104,-0.26458,0.23794,-0.055746,0.14072,0.023988
0.65045,0.67104,-0.26458,0.23794,-0.055742,0.14072,0.023988
0.65045,0.67104,-0.26458,0.23794,-0.055742,0.14072,0.023988
0.65045,0.67104,-0.26458,0.23794,-0.055742,0.14072,0.023988
0.65045,0.67104,-0.26458,0.23794,-0.055742,0.14072,0.023988
0.65045,0.67104,-0.26458,0.23794,-0.055742,0.14072,0.023988
0.65045,0.67104,-0.26458,0.23794,-0.055738,0.14072,0.023988
0.65045,0.67104,-0.26458,0.23794,-0.055738,0.14072,0.023988
0.65045,0.67104,-0.26458,0.23794,-0.055738,0.14072,0.023988
0.65045,0.67104,-0.26458,0.23794,-0.055738,0.14072,0.023988
0.65045,0.67104,-0.26458,0.23794,-0.055738,0.14072,0.023988
0.65045,0.67104,-0.26458,0.23794,-0.055734,0.14072,0.023988
0.65045,0.67104,-0.26458,0.23794,-0.055734,0.14072,0.023988
0.65045,0.67104,-0.26458,0.23794,-0.055734,0.14072,0.023988
0.65045,0.67104,-0.26458,0.23794,-0.055734,0.14072,0.023988
0.65045,0.67104,-0.26458,0.23794,-0.055734,0.14072,0.023988
0.65045,0.67104,-0.26458,0.23794,-0.05573,0.14072,0.023988
0.65045,0.67104,-0.26458,0.23794,-0.05573,0.14072,0.023988
0.65045,0.67104,-0.26458,0.23794,-0.05573,0.14072,0.023988
0.65045,0.67104,-0.26458,0.23794,-0.05573,0.14072,0.023988
0.65045,0.67104,-0.26458,0.23794,-0.05573,0.14072,0.023988
0.65045,0.67104,-0.26458,0.23794,-0.055726,0.14073,0.023988
0.65045,0.67104,-0.26458,0.23794,-0.055726,0.14073,0.023988
0.65045,0.67104,-0.26458,0.23794,-0.055726,0.14073,0.023988
0.65045,0.67104,-0.26458,0.23794,-0.055726,0.14073,0.023988
0.65045,0.67104,-0.26458,0.23794,-0.055726,0.14073,0.023988
0.65045,0.67104,-0.26458,0.23794,-0.055722,0.14073,0.023988
0.65045,0.67104,-0.26458,0.23794,-0.055722,0.14073,0.023988
0.65045,0.67104,-0.26458,0.23794,-0.055722,0.14073,0.023988
0.65045,0.67104,-0.26458,0.23794,-0.055722,0.14073,0.023988
0.65045,0.67104,-0.26458,0.23794,-0.055722,0.14073,0.023988
0.65045,0.67104,-0.26458,0.23794,-0.055718,0.14073,0.023988
0.65045,0.67104,-0.26458,0.23794,-0.055718,0.14073,0.023988
0.65045,0.67104,-0.26458,0.23794,-0.055718,0.14073,0.023988
0.65045,0.67104,-0.26458,0.23794,-0.055718,0.14073,0.023988
0.65045,0.67104,-0.26458,0.23794,-0.055718,0.14073,0.023988
0.65045,0.67104,-0.26458,0.23794,-0.055714,0.14073,0.023988
0.65045,0.67104,-0.26458,0.23794,-0.055714,0.14073,0.023988
0.65045,0.67104,-0.26458,0.23794,-0.055714,0.14073,0.023988
0.65045,0.67104,-0.26458,0.23794,-0.055714,0.14073,0.023988
0.65045,0.67104,-0.26458,0.23794,-0.055714,0.14073,0.023988
0.65045,0.67104,-0.26458,0.23794,-0.05571,0.14073,0.023988
0.65045,0.67104,-0.26458,0.23794,-0.05571,0.14073,0.023988
0.65045,0.67104,-0.26458,0.23794,-0.05571,0.14073,0.023988
0.65045,0.67104,-0.26458,0.23794,-0.05571,0.14073,0.023988
0.65045,0.67104,-0.26458,0.23794,-0.05571,0.14073,0.023988
0.65045,0.67104,-0.26458,0.23794,-0.055706,0.14074,0.023987
0.65045,0.67104,-0.26458,0.23794,-0.055706,0.14074,0.023987
0.65045,0.67104,-0.26458,0.23794,-0.055706,0.14074,0.023987
0.65045,0.67104,-0.26458,0.23794,-0.055706,0.14074,0.023987
0.65045,0.67104,-0.26458,0.23794,-0.055706,0.14074,0.023987
0.65045,0.67104,-0.26458,0.23794,-0.055703,0.14074,0.023987
0.65045,0.67104,-0.26458,0.23794,-0.055702,0.14074,0.023987
0.65045,0.67104,-0.26458,0.23794,-0.055702,0.14074,0.023987
0.65045,0.67104,-0.26458,0.23794,-0.055702,0.14074,0.023987
0.65045,0.67104,-0.26458,0.23794,-0.055702,0.14074,0.023987
0.65045,0.67104,-0.26458,0.23794,-0.055699,0.14074,0.023987
0.65045,0.67104,-0.26458,0.23794,-0.055699,0.14074,0.023987
0.65045,0.67104,-0.26458,0.23794,-0.055699,0.14074,0.023987
0.65045,0.67104,-0.26458,0.23794,-0.055699,0.14074,0.023987
0.65045,0.67104,-0.26458,0.23794,-0.055698,0.14074,0.023987
0.65045,0.67104,-0.26458,0.23794,-0.055695,0.14074,0.023987
0.65045,0.67104,-0.26458,0.23794,-0.055695,0.14074,0.023987
0.65045,0.67104,-0.26458,0.23794,-0.055695,0.14074,0.023987
0.65045,0.67104,-0.26458,0.23794,-0.055695,0.14074,0.023987
0.65045,0.67104,-0.26458,0.23794,-0.055695,0.14074,0.023987
0.65045,0.67104,-0.26458,0.23794,-0.055691,0.14075,0.023987
0.65045,0.67104,-0.26458,0.23794,-0.055691,0.14075,0.023987
0.65045,0.67104,-0.26458,0.23794,-0.055691,0.14075,0.023987
0.65045,0.67104,-0.26458,0.23794,-0.055691,0.14075,0.023987
0.65045,0.67104,-0.26458,0.23794,-0.055691,0.14075,0.023987
0.65045,0.67104,-0.26458,0.23794,-0.055687,0.14075,0.023987
0.65045,0.67104,-0.26458,0.23794,-0.055687,0.14075,0.023987
0.65045,0.67104,-0.26458,0.23794,-0.055687,0.14075,0.023987
0.65045,0.67104,-0.26458,0.23794,-0.055687,0.14075,0.023987
0.65045,0.67104,-0.26458,0.23794,-0.055687,0.14075,0.023987
0.65045,0.67104,-0.26458,0.23794,-0.055683,0.14075,0.023987
0.65045,0.67104,-0.26458,0.23794,-0.055683,0.14075,0.023987
0.65045,0.67104,-0.26458,0.23794,-0.055683,0.14075,0.023987
0.65045,0.67104,-0.26458,0.23794,-0.055683,0.14075,0.023987
0.65045,0.67104,-0.26458,0.23794,-0.055683,0.14075,0.023987
0.65045,0.67104,-0.26458,0.23794,-0.055679,0.14075,0.023987
0.65045,0.67104,-0.26458,0.23794,-0.055679,0.14075,0.023987
0.65045,0.67104,-0.26458,0.23794,-0.055679,0.14075,0.023987
0.65045,0.67104,-0.26458,0.23794,-0.055679,0.14075,0.023987
0.65045,0.67104,-0.26458,0.23794,-0.055679,0.14075,0.023987
0.65045,0.67104,-0.26458,0.23794,-0.055675,0.14075,0.023987
0.65045,0.67104,-0.26458,0.23794,-0.055675,0.14075,0.023987
0.65045,0.67104,-0.26458,0.23794,-0.055675,0.14075,0.023987
0.65045,0.67104,-0.26458,0.23794,-0.055675,0.14075,0.023987
0.65045,0.67104,-0.26458,0.23794,-0.055675,0.14075,0.023987
0.65045,0.67104,-0.26458,0.23794,-0.055671,0.14076,0.023987
0.65045,0.67104,-0.26458,0.23794,-0.055671,0.14076,0.023987
0.65045,0.67104,-0.26458,0.23794,-0.055671,0.14076,0.023987
0.65045,0.67104,-0.26458,0.23794,-0.055671,0.14076,0.023987
0.65045,0.67104,-0.26458,0.23794,-0.055671,0.14076,0.023987
0.65045,0.67104,-0.26458,0.23794,-0.055668,0.14076,0.023987
0.65045,0.67104,-0.26458,0.23794,-0.055668,0.14076,0.023987
0.65045,0.67104,-0.26458,0.23794,-0.055668,0.14076,0.023987
0.65045,0.67104,-0.26458,0.23794,-0.055668,0.14076,0.023987
0.65045,0.67104,-0.26458,0.23794,-0.055667,0.14076,0.023987
0.65045,0.67104,-0.26458,0.23794,-0.055664,0.14076,0.023987
0.65045,0.67104,-0.26458,0.23794,-0.055664,0.14076,0.023987
0.65045,0.67104,-0.26458,0.23794,-0.055664,0.14076,0.023987
0.65045,0.67104,-0.26458,0.23794,-0.055664,0.14076,0.023987
0.65045,0.67104,-0.26458,0.23794,-0.055664,0.14076,0.023987
0.65045,0.67104,-0.26458,0.23794,-0.05566,0.14076,0.023987
0.65045,0.67104,-0.26458,0.23794,-0.05566,0.14076,0.023987
0.65045,0.67104,-0.26458,0.23794,-0.05566,0.14076,0.023987
0.65045,0.67104,-0.26458,0.23794,-0.05566,0.14076,0.023987
0.65045,0.67104,-0.26458,0.23794,-0.05566,0.14076,0.023987
0.65045,0.67104,-0.26458,0.23794,-0.055656,0.14076,0.023987
0.65045,0.67104,-0.26458,0.23794,-0.055656,0.14076,0.023987
0.65045,0.67104,-0.26458,0.23794,-0.055656,0.14076,0.023987
0.65045,0.67104,-0.26458,0.23794,-0.055656,0.14076,0.023987
0.65045,0.67104,-0.26458,0.23794,-0.055656,0.14076,0.023987
0.65045,0.67104,-0.26458,0.23794,-0.055652,0.14077,0.023987
0.65045,0.67104,-0.26458,0.23794,-0.055652,0.14077,0.023987
0.65045,0.67104,-0.26458,0.23794,-0.055652,0.14077,0.023987
0.65045,0.67104,-0.26458,0.23794,-0.055652,0.14077,0.023987
0.65045,0.67104,-0.26458,0.23794,-0.055652,0.14077,0.023987
0.65045,0.67104,-0.26458,0.23794,-0.055648,0.14077,0.023987
0.65045,0.67104,-0.26458,0.23794,-0.055648,0.14077,0.023987
0.65045,0.67104,-0.26458,0.23794,-0.055648,0.14077,0.023987
0.65045,0.67104,-0.26458,0.23794,-0.055648,0.14077,0.023987
0.65045,0.67104,-0.26458,0.23794,-0.055648,0.14077,0.023987
0.65045,0.67104,-0.26458,0.23794,-0.055645,0.14077,0.023986
0.65045,0.67104,-0.26458,0.23794,-0.055645,0.14077,0.023986
0.65045,0.67104,-0.26458,0.23794,-0.055645,0.14077,0.023986
0.65045,0.67104,-0.26458,0.23794,-0.055644,0.14077,0.023986
0.65045,0.67104,-0.26458,0.23794,-0.055644,0.14077,0.023986
0.65045,0.67104,-0.26458,0.23794,-0.055641,0.14077,0.023986
0.65045,0.67104,-0.26458,0.23794,-0.055641,0.14077,0.023986
0.65045,0.67104,-0.26458,0.23794,-0.055641,0.14077,0.023986
0.65045,0.67104,-0.26458,0.23794,-0.055641,0.14077,0.023986
0.65045,0.67104,-0.26458,0.23794,-0.055641,0.14077,0.023986
0.65045,0.67104,-0.26458,0.23794,-0.055637,0.14078,0.023986
0.65045,0.67104,-0.26458,0.23794,-0.055637,0.14078,0.023986
0.65045,0.67104,-0.26458,0.23794,-0.055637,0.14078,0.023986
0.65045,0.67104,-0.26458,0.23794,-0.055637,0.14078,0.023986
0.65045,0.67104,-0.26458,0.23794,-0.055637,0.14078,0.023986
0.65045,0.67104,-0.26458,0.23794,-0.055633,0.14078,0.023986
0.65045,0.67104,-0.26458,0.23794,-0.055633,0.14078,0.023986
0.65045,0.67104,-0.26458,0.23794,-0.055633,0.14078,0.023986
0.65045,0.67104,-0.26458,0.23794,-0.055633,0.14078,0.023986
0.65045,0.67104,-0.26458,0.23794,-0.055633,0.14078,0.023986
0.65045,0.67104,-0.26458,0.23794,-0.055629,0.14078,0.023986
0.65045,0.67104,-0.26458,0.23794,-0.055629,0.14078,0.023986
0.65045,0.67104,-0.26458,0.23794,-0.055629,0.14078,0.023986
0.65045,0.67104,-0.26458,0.23794,-0.055629,0.14078,0.023986
0.65045,0.67104,-0.26458,0.23794,-0.055629,0.14078,0.023986
0.65045,0.67104,-0.26458,0.23794,-0.055626,0.14078,0.023986
0.65045,0.67104,-0.26458,0.23794,-0.055625,0.14078,0.023986
0.65045,0.67104,-0.26458,0.23794,-0.055625,0.14078,0.023986
0.65045,0.67104,-0.26458,0.23794,-0.055625,0.14078,0.023986
0.65045,0.67104,-0.26458,0.23794,-0.055625,0.14078,0.023986
0.65045,0.67104,-0.26458,0.23794,-0.055622,0.14078,0.023986
0.65045,0.67104,-0.26458,0.23794,-0.055622,0.14078,0.023986
0.65045,0.67104,-0.26458,0.23794,-0.055622,0.14078,0.023986
0.65045,0.67104,-0.26458,0.23794,-0.055622,0.14078,0.023986
0.65045,0.67104,-0.26458,0.23794,-0.055622,0.14078,0.023986
0.65045,0.67104,-0.26458,0.23794,-0.055618,0.14079,0.023986
0.65045,0.67104,-0.26458,0.23794,-0.055618,0.14079,0.023986
0.65045,0.67104,-0.26458,0.23794,-0.055618,0.14079,0.023986
0.65045,0.67104,-0.26458,0.23794,-0.055618,0.14079,0.023986
0.65045,0.67104,-0.26458,0.23794,-0.055618,0.14079,0.023986
0.65045,0.67104,-0.26458,0.23794,-0.055614,0.14079,0.023986
0.65045,0.67104,-0.26458,0.23794,-0.055614,0.14079,0.023986
0.65045,0.67104,-0.26458,0.23794,-0.055614,0.14079,0.023986
0.65045,0.67104,-0.26458,0.23794,-0.055614,0.14079,0.023986
0.65045,0.67104,-0.26458,0.23794,-0.055614,0.14079,0.023986
0.65045,0.67104,-0.26458,0.23794,-0.05561,0.14079,0.023986
0.65045,0.67104,-0.26458,0.23794,-0.05561,0.14079,0.023986
0.65045,0.67104,-0.26458,0.23794,-0.05561,0.14079,0.023986
0.65045,0.67104,-0.26458,0.23794,-0.05561,0.14079,0.023986
0.65045,0.67104,-0.26458,0.23794,-0.05561,0.14079,0.023986
0.65045,0.67104,-0.26458,0.23794,-0.055606,0.14079,0.023985
0.65045,0.67104,-0.26458,0.23794,-0.055606,0.14079,0.023985
0.65045,0.67104,-0.26458,0.23794,-0.055606,0.14079,0.023985
0.65045,0.67104,-0.26458,0.23794,-0.055606,0.14079,0.023985
0.65045,0.67104,-0.26458,0.23794,-0.055606,0.14079,0.023985
0.65045,0.67104,-0.26458,0.23794,-0.055602,0.14079,0.023985
0.65045,0.67104,-0.26458,0.23794,-0.055602,0.14079,0.023985
0.65045,0.67104,-0.26458,0.23794,-0.055602,0.14079,0.023985
0.65045,0.67104,-0.26458,0.23794,-0.055602,0.14079,0.023985
0.65045,0.67104,-0.26458,0.23794,-0.055602,0.14079,0.023985
0.65045,0.67104,-0.26458,0.23794,-0.055598,0.1408,0.023985
0.65045,0.67104,-0.26458,0.23794,-0.055598,0.1408,0.023985
0.65045,0.67104,-0.26458,0.23794,-0.055598,0.1408,0.023985
0.65045,0.67104,-0.26458,0.23794,-0.055598,0.1408,0.023985
0.65045,0.67104,-0.26458,0.23794,-0.055598,0.1408,0.023985
0.65045,0.67104,-0.26458,0.23794,-0.055594,0.1408,0.023985
0.65045,0.67104,-0.26458,0.23794,-0.055594,0.1408,0.023985
0.65045,0.67104,-0.26458,0.23794,-0.055594,0.1408,0.023985
0.65045,0.67104,-0.26458,0.23794,-0.055594,0.1408,0.023985
0.65045,0.67104,-0.26458,0.23794,-0.055594,0.1408,0.023985
0.65045,0.67104,-0.26458,0.23794,-0.05559,0.1408,0.023985
0.65045,0.67104,-0.26458,0.23794,-0.05559,0.1408,0.023985
0.65045,0.67104,-0.26458,0.23794,-0.05559,0.1408,0.023985
0.65045,0.67104,-0.26458,0.23794,-0.05559,0.1408,0.023985
0.65045,0.67104,-0.26458,0.23794,-0.05559,0.1408,0.023985
0.65045,0.67104,-0.26458,0.23794,-0.055586,0.1408,0.023985
0.65045,0.67104,-0.26458,0.23794,-0.055586,0.1408,0.023985
0.65045,0.67104,-0.26458,0.23794,-0.055586,0.1408,0.023985
0.65045,0.67104,-0.26458,0.23794,-0.055586,0.1408,0.023985
0.65045,0.67104,-0.26458,0.23794,-0.055586,0.1408,0.023985
0.65045,0.67104,-0.26458,0.23794,-0.055582,0.1408,0.023985
0.65045,0.67104,-0.26458,0.23794,-0.055582,0.1408,0.023985
0.65045,0.67104,-0.26458,0.23794,-0.055582,0.1408,0.023985
0.65045,0.67104,-0.26458,0.23794,-0.055582,0.1408,0.023985
0.65045,0.67104,-0.26458,0.23794,-0.055582,0.1408,0.023985
0.65045,0.67104,-0.26458,0.23794,-0.055578,0.14081,0.023985
0.65045,0.67104,-0.26458,0.23794,-0.055578,0.14081,0.023985
0.65045,0.67104,-0.26458,0.23794,-0.055578,0.14081,0.023985
0.65045,0.67104,-0.26458,0.23794,-0.055578,0.14081,0.023985
0.65045,0.67104,-0.26458,0.23794,-0.055578,0.14081,0.023985
0.65045,0.67104,-0.26458,0.23794,-0.055574,0.14081,0.023984
0.65045,0.67104,-0.26458,0.23794,-0.055574,0.14081,0.023984
0.65045,0.67104,-0.26458,0.23794,-0.055574,0.14081,0.023984
0.65045,0.67104,-0.26458,0.23794,-0.055574,0.14081,0.023984
0.65045,0.67104,-0.26458,0.23794,-0.055574,0.14081,0.023984
0.65045,0.67104,-0.26458,0.23794,-0.05557,0.14081,0.023984
0.65045,0.67104,-0.26458,0.23794,-0.05557,0.14081,0.023984
0.65045,0.67104,-0.26458,0.23794,-0.05557,0.14081,0.023984
0.65045,0.67104,-0.26458,0.23794,-0.05557,0.14081,0.023984
0.65045,0.67104,-0.26458,0.23794,-0.05557,0.14081,0.023984
0.65045,0.67104,-0.26458,0.23794,-0.055566,0.14081,0.023984
0.65045,0.67104,-0.26458,0.23794,-0.055566,0.14081,0.023984
0.65045,0.67104,-0.26458,0.23794,-0.055566,0.14081,0.023984
0.65045,0.67104,-0.26458,0.23794,-0.055566,0.14081,0.023984
0.65045,0.67104,-0.26458,0.23794,-0.055566,0.14081,0.023984
0.65045,0.67104,-0.26458,0.23794,-0.055562,0.14082,0.023984
0.65045,0.67104,-0.26458,0.23794,-0.055562,0.14082,0.023984
0.65045,0.67104,-0.26458,0.23794,-0.055562,0.14082,0.023984
0.65045,0.67104,-0.26458,0.23794,-0.055562,0.14082,0.023984
0.65045,0.67104,-0.26458,0.23794,-0.055562,0.14082,0.023984
0.65045,0.67104,-0.26458,0.23794,-0.055558,0.14082,0.023984
0.65045,0.67104,-0.26458,0.23794,-0.055558,0.14082,0.023984
0.65045,0.67104,-0.26458,0.23794,-0.055558,0.14082,0.023984
0.65045,0.67104,-0.26458,0.23794,-0.055557,0.14082,0.023984
0.65045,0.67104,-0.26458,0.23794,-0.055557,0.14082,0.023984
0.65045,0.67104,-0.26458,0.23794,-0.055554,0.14082,0.023983
0.65045,0.67104,-0.26458,0.23794,-0.055554,0.14082,0.023983
0.65045,0.67104,-0.26458,0.23794,-0.055553,0.14082,0.023983
0.65045,0.67104,-0.26458,0.23794,-0.055553,0.14082,0.023983
0.65045,0.67104,-0.26458,0.23794,-0.055553,0.14082,0.023983
0.65045,0.67104,-0.26458,0.23794,-0.055549,0.14082,0.023983
0.65045,0.67104,-0.26458,0.23794,-0.055549,0.14082,0.023983
0.65045,0.67104,-0.26458,0.23794,-0.055549,0.14082,0.023983
0.65045,0.67104,-0.26458,0.23794,-0.055549,0.14082,0.023983
0.65045,0.67104,-0.26458,0.23794,-0.055549,0.14082,0.023983
0.65045,0.67104,-0.26458,0.23794,-0.055545,0.14082,0.023983
0.65045,0.67104,-0.26458,0.23794,-0.055545,0.14082,0.023983
0.65045,0.67104,-0.26458,0.23794,-0.055545,0.14082,0.023983
0.65045,0.67104,-0.26458,0.23794,-0.055545,0.14082,0.023983
0.65045,0.67104,-0.26458,0.23794,-0.055545,0.14082,0.023983
0.65045,0.67104,-0.26458,0.23794,-0.055541,0.14083,0.023983
0.65045,0.67104,-0.26458,0.23794,-0.055541,0.14083,0.023983
0.65045,0.67104,-0.26458,0.23794,-0.05554,0.14083,0.023983
0.65045,0.67104,-0.26458,0.23794,-0.05554,0.14083,0.023983
0.65045,0.67104,-0.26458,0.23794,-0.05554,0.14083,0.023983
0.65045,0.67104,-0.26458,0.23794,-0.055536,0.14083,0.023983
0.65045,0.67104,-0.26458,0.23794,-0.055536,0.14083,0.023983
0.65045,0.67104,-0.26458,0.23794,-0.055536,0.14083,0.023983
0.65045,0.67104,-0.26458,0.23794,-0.055536,0.14083,0.023983
0.65045,0.67104,-0.26458,0.23794,-0.055536,0.14083,0.023983
0.65045,0.67104,-0.26458,0.23794,-0.055532,0.14083,0.023983
0.65045,0.67104,-0.26458,0.23794,-0.055532,0.14083,0.023983
0.65045,0.67104,-0.26458,0.23794,-0.055532,0.14083,0.023983
0.65045,0.67104,-0.26458,0.23794,-0.055532,0.14083,0.023983
0.65045,0.67104,-0.26458,0.23794,-0.055532,0.14083,0.023983
0.65045,0.67104,-0.26458,0.23794,-0.055528,0.14083,0.023982
0.65045,0.67104,-0.26458,0.23794,-0.055528,0.14083,0.023982
0.65045,0.67104,-0.26458,0.23794,-0.055527,0.14083,0.023982
0.65045,0.67104,-0.26458,0.23794,-0.055527,0.14083,0.023982
0.65045,0.67104,-0.26458,0.23794,-0.055527,0.14083,0.023982
0.65045,0.67104,-0.26458,0.23794,-0.055524,0.14084,0.023982
0.65045,0.67104,-0.26458,0.23794,-0.055523,0.14084,0.023982
0.65045,0.67104,-0.26458,0.23794,-0.055523,0.14084,0.023982
0.65045,0.67104,-0.26458,0.23794,-0.055523,0.14084,0.023982
0.65045,0.67104,-0.26458,0.23794,-0.055523,0.14084,0.023982
0.65045,0.67104,-0.26458,0.23794,-0.055519,0.14084,0.023982
0.65045,0.67104,-0.26458,0.23794,-0.055519,0.14084,0.023982
0.65045,0.67104,-0.26458,0.23794,-0.055519,0.14084,0.023982
0.65045,0.67104,-0.26458,0.23794,-0.055519,0.14084,0.023982
0.65045,0.67104,-0.26458,0.23794,-0.055519,0.14084,0.023982
0.65045,0.67104,-0.26458,0.23794,-0.055515,0.14084,0.023982
0.65045,0.67104,-0.26458,0.23794,-0.055515,0.14084,0.023982
0.65045,0.67104,-0.26458,0.23794,-0.055515,0.14084,0.023982
0.65045,0.67104,-0.26458,0.23794,-0.055514,0.14084,0.023982
0.65045,0.67104,-0.26458,0.23794,-0.055514,0.14084,0.023982
0.65045,0.67104,-0.26458,0.23794,-0.055511,0.14084,0.023982
0.65045,0.67104,-0.26458,0.23794,-0.05551,0.14084,0.023982
0.65045,0.67104,-0.26458,0.23794,-0.05551,0.14084,0.023982
0.65045,0.67104,-0.26458,0.23794,-0.05551,0.14084,0.023981
0.65045,0.67104,-0.26458,0.23794,-0.05551,0.14084,0.023981
0.65045,0.67104,-0.26458,0.23794,-0.055506,0.14084,0.023981
0.65045,0.67104,-0.26458,0.23794,-0.055506,0.14084,0.023981
0.65045,0.67104,-0.26458,0.23794,-0.055506,0.14084,0.023981
0.65045,0.67104,-0.26458,0.23794,-0.055506,0.14085,0.023981
0.65045,0.67104,-0.26458,0.23794,-0.055505,0.14085,0.023981
0.65045,0.67104,-0.26458,0.23794,-0.055502,0.14085,0.023981
0.65045,0.67104,-0.26458,0.23794,-0.055502,0.14085,0.023981
0.65045,0.67104,-0.26458,0.23794,-0.055501,0.14085,0.023981
0.65045,0.67104,-0.26458,0.23794,-0.055501,0.14085,0.023981
0.65045,0.67104,-0.26458,0.23794,-0.055501,0.14085,0.023981
0.65045,0.67104,-0.26458,0.23794,-0.055498,0.14085,0.023981
0.65045,0.67104,-0.26458,0.23794,-0.055497,0.14085,0.023981
0.65045,0.67104,-0.26458,0.23794,-0.055497,0.14085,0.023981
0.65045,0.67104,-0.26458,0.23794,-0.055497,0.14085,0.023981
0.65045,0.67104,-0.26458,0.23794,-0.055497,0.14085,0.023981
0.65045,0.67104,-0.26458,0.23794,-0.055493,0.14085,0.02398
0.65045,0.67104,-0.26458,0.23794,-0.055493,0.14085,0.02398
0.65045,0.67104,-0.26458,0.23794,-0.055493,0.14085,0.02398
0.65045,0.67104,-0.26458,0.23794,-0.055493,0.14085,0.02398
0.65045,0.67104,-0.26458,0.23794,-0.055493,0.14085,0.02398
0.65045,0.67104,-0.26458,0.23794,-0.055489,0.14085,0.02398
0.65045,0.67104,-0.26458,0.23794,-0.055489,0.14085,0.02398
0.65045,0.67104,-0.26458,0.23794,-0.055488,0.14085,0.02398
0.65045,0.67104,-0.26458,0.23794,-0.055488,0.14085,0.02398
0.65045,0.67104,-0.26458,0.23794,-0.055488,0.14085,0.02398
0.65045,0.67104,-0.26458,0.23794,-0.055484,0.14086,0.02398
0.65045,0.67104,-0.26458,0.23794,-0.055484,0.14086,0.02398
0.65045,0.67104,-0.26458,0.23794,-0.055484,0.14086,0.02398
0.65045,0.67104,-0.26458,0.23794,-0.055484,0.14086,0.02398
0.65045,0.67104,-0.26458,0.23794,-0.055484,0.14086,0.02398
0.65045,0.67104,-0.26458,0.23794,-0.05548,0.14086,0.023979
0.65045,0.67104,-0.26458,0.23794,-0.05548,0.14086,0.023979
0.65045,0.67104,-0.26458,0.23794,-0.055479,0.14086,0.023979
0.65045,0.67104,-0.26458,0.23794,-0.055479,0.14086,0.023979
0.65045,0.67104,-0.26458,0.23794,-0.055479,0.14086,0.023979
0.65045,0.67104,-0.26458,0.23794,-0.055475,0.14086,0.023979
0.65045,0.67104,-0.26458,0.23794,-0.055475,0.14086,0.023979
0.65045,0.67104,-0.26458,0.23794,-0.055475,0.14086,0.023979
0.65045,0.67104,-0.26458,0.23794,-0.055475,0.14086,0.023979
0.65045,0.67104,-0.26458,0.23794,-0.055475,0.14086,0.023979
0.65045,0.67104,-0.26458,0.23794,-0.055471,0.14086,0.023979
0.65045,0.67104,-0.26458,0.23794,-0.055471,0.14086,0.023979
0.65045,0.67104,-0.26458,0.23794,-0.055471,0.14086,0.023979
0.65045,0.67104,-0.26458,0.23794,-0.05547,0.14086,0.023979
0.65045,0.67104,-0.26458,0.23794,-0.05547,0.14086,0.023979
0.65045,0.67104,-0.26458,0.23794,-0.055467,0.14087,0.023979
0.65045,0.67104,-0.26458,0.23794,-0.055466,0.14087,0.023979
0.65045,0.67104,-0.26458,0.23794,-0.055466,0.14087,0.023979
0.65045,0.67104,-0.26458,0.23794,-0.055466,0.14087,0.023979
0.65045,0.67104,-0.26458,0.23794,-0.055466,0.14087,0.023978
0.65045,0.67104,-0.26458,0.23794,-0.055462,0.14087,0.023978
0.65045,0.67104,-0.26458,0.23794,-0.055462,0.14087,0.023978
0.65045,0.67104,-0.26458,0.23794,-0.055462,0.14087,0.023978
0.65045,0.67104,-0.26458,0.23794,-0.055461,0.14087,0.023978
0.65045,0.67104,-0.26458,0.23794,-0.055461,0.14087,0.023978
0.65045,0.67104,-0.26458,0.23794,-0.055458,0.14087,0.023978
0.65045,0.67104,-0.26458,0.23794,-0.055457,0.14087,0.023978
0.65045,0.67104,-0.26458,0.23794,-0.055457,0.14087,0.023978
0.65045,0.67104,-0.26458,0.23794,-0.055457,0.14087,0.023978
0.65045,0.67104,-0.26458,0.23794,-0.055457,0.14087,0.023978
0.65045,0.67104,-0.26458,0.23794,-0.055453,0.14087,0.023978
0.65045,0.67104,-0.26458,0.23794,-0.055453,0.14087,0.023978
0.65045,0.67104,-0.26458,0.23794,-0.055453,0.14087,0.023978
0.65045,0.67104,-0.26458,0.23794,-0.055453,0.14087,0.023978
0.65045,0.67104,-0.26458,0.23794,-0.055452,0.14087,0.023978
0.65045,0.67104,-0.26458,0.23794,-0.055449,0.14088,0.023978
0.65045,0.67104,-0.26458,0.23794,-0.055449,0.14088,0.023978
0.65045,0.67104,-0.26458,0.23794,-0.055448,0.14088,0.023978
0.65045,0.67104,-0.26458,0.23794,-0.055448,0.14088,0.023978
0.65045,0.67104,-0.26458,0.23794,-0.055448,0.14088,0.023978
0.65045,0.67104,-0.26458,0.23794,-0.055445,0.14088,0.023978
0.65045,0.67104,-0.26458,0.23794,-0.055444,0.14088,0.023978
0.65045,0.67104,-0.26458,0.23794,-0.055444,0.14088,0.023978
0.65045,0.67104,-0.26458,0.23794,-0.055444,0.14088,0.023978
0.65045,0.67104,-0.26458,0.23794,-0.055444,0.14088,0.023978
0.65045,0.67104,-0.26458,0.23794,-0.05544,0.14088,0.023977
0.65045,0.67104,-0.26458,0.23794,-0.05544,0.14088,0.023977
0.65045,0.67104,-0.26458,0.23794,-0.05544,0.14088,0.023977
0.65045,0.67104,-0.26458,0.23794,-0.05544,0.14088,0.023977
0.65045,0.67104,-0.26458,0.23794,-0.055439,0.14088,0.023977
0.65045,0.67104,-0.26458,0.23794,-0.055436,0.14088,0.023977
0.65045,0.67104,-0.26458,0.23794,-0.055436,0.14088,0.023977
0.65045,0.67104,-0.26458,0.23794,-0.055435,0.14088,0.023977
0.65045,0.67104,-0.26458,0.23794,-0.055435,0.14088,0.023977
0.65045,0.67104,-0.26458,0.23794,-0.055435,0.14088,0.023977
0.65045,0.67104,-0.26458,0.23794,-0.055431,0.14089,0.023977
0.65045,0.67104,-0.26458,0.23794,-0.055431,0.14089,0.023977
0.65045,0.67104,-0.26458,0.23794,-0.055431,0.14089,0.023977
0.65045,0.67104,-0.26458,0.23794,-0.05543,0.14089,0.023977
0.65045,0.67104,-0.26458,0.23794,-0.05543,0.14089,0.023977
0.65045,0.67104,-0.26458,0.23794,-0.055426,0.14089,0.023977
0.65045,0.67104,-0.26458,0.23794,-0.055426,0.14089,0.023977
0.65045,0.67104,-0.26458,0.23794,-0.055426,0.14089,0.023977
0.65045,0.67104,-0.26458,0.23794,-0.055426,0.14089,0.023977
0.65045,0.67104,-0.26458,0.23794,-0.055426,0.14089,0.023977
0.65045,0.67104,-0.26458,0.23794,-0.055422,0.14089,0.023977
0.65045,0.67104,-0.26458,0.23794,-0.055422,0.14089,0.023977
0.65045,0.67104,-0.26458,0.23794,-0.055422,0.14089,0.023977
0.65045,0.67104,-0.26458,0.23794,-0.055421,0.14089,0.023977
0.65045,0.67104,-0.26458,0.23794,-0.055421,0.14089,0.023977
0.65045,0.67104,-0.26458,0.23794,-0.055418,0.14089,0.023976
0.65045,0.67104,-0.26458,0.23794,-0.055417,0.14089,0.023976
0.65045,0.67104,-0.26458,0.23794,-0.055417,0.14089,0.023976
0.65045,0.67104,-0.26458,0.23794,-0.055417,0.14089,0.023976
0.65045,0.67104,-0.26458,0.23794,-0.055417,0.14089,0.023976
0.65045,0.67104,-0.26458,0.23794,-0.055413,0.1409,0.023976
0.65045,0.67104,-0.26458,0.23794,-0.055413,0.1409,0.023976
0.65045,0.67104,-0.26458,0.23794,-0.055413,0.1409,0.023976
0.65045,0.67104,-0.26458,0.23794,-0.055412,0.1409,0.023976
0.65045,0.67104,-0.26458,0.23794,-0.055412,0.1409,0.023976
0.65045,0.67104,-0.26458,0.23794,-0.055409,0.1409,0.023976
0.65045,0.67104,-0.26458,0.23794,-0.055408,0.1409,0.023976
0.65045,0.67104,-0.26458,0.23794,-0.055408,0.1409,0.023976
0.65045,0.67104,-0.26458,0.23794,-0.055408,0.1409,0.023976
0.65045,0.67104,-0.26458,0.23794,-0.055408,0.1409,0.023976
0.65045,0.67104,-0.26458,0.23794,-0.055404,0.1409,0.023976
0.65045,0.67104,-0.26458,0.23794,-0.055404,0.1409,0.023976
0.65045,0.67104,-0.26458,0.23794,-0.055404,0.1409,0.023976
0.65045,0.67104,-0.26458,0.23794,-0.055404,0.1409,0.023976
0.65045,0.67104,-0.26458,0.23794,-0.055403,0.1409,0.023976
