0.61237,0.35355,0.35355,0.61237,-5,25,0,0
0.61299,0.35269,0.35351,0.61228,-4.76,24.999,0.089963,0.05
0.61326,0.35182,0.35296,0.61283,-4.56,24.997,0.20699,0.1
0.61498,0.3533,0.34992,0.61198,-4.3556,24.993,0.32727,0.15
0.61257,0.35137,0.35574,0.61216,-4.1606,24.993,0.13651,0.2
0.6167,0.35162,0.34946,0.61149,-3.956,24.984,0.48011,0.25
0.61638,0.35177,0.35,0.61142,-3.7541,24.98,0.48789,0.3
0.61466,0.34911,0.35375,0.61251,-3.5601,24.976,0.43609,0.35
0.61559,0.34775,0.35402,0.6122,-3.3613,24.969,0.53712,0.4
0.61645,0.34601,0.35426,0.61219,-3.164,24.96,0.62437,0.45
0.61727,0.34613,0.35194,0.61262,-2.9637,24.948,0.74088,0.5
0.61829,0.34589,0.35163,0.61191,-2.7637,24.938,0.81497,0.55
0.61842,0.34603,0.35207,0.61144,-2.5643,24.928,0.86987,0.6
0.61919,0.34499,0.35064,0.61207,-2.3662,24.913,0.98338,0.65
0.62017,0.34423,0.35029,0.6117,-2.166,24.9,1.0492,0.7
0.62105,0.34296,0.34926,0.61212,-1.9691,24.886,1.118,0.75
0.62098,0.34197,0.35009,0.61227,-1.7731,24.868,1.2083,0.8
0.62133,0.34097,0.35083,0.61205,-1.5782,24.852,1.2738,0.85
0.62221,0.34113,0.34959,0.61178,-1.3803,24.836,1.3374,0.9
0.62343,0.341,0.34883,0.61104,-1.1811,24.817,1.4136,0.95
0.62403,0.34046,0.34835,0.61101,-0.9833,24.798,1.4863,1
0.62453,0.3393,0.34806,0.61131,-0.78806,24.778,1.5563,1.05
0.62465,0.33886,0.34772,0.61162,-0.59488,24.754,1.6458,1.1
0.62525,0.33806,0.34794,0.61132,-0.39977,24.73,1.7216,1.15
0.62595,0.33764,0.34739,0.61115,-0.20432,24.707,1.7894,1.2
0.62644,0.33752,0.34738,0.61072,-0.0099121,24.683,1.8535,1.25
0.62717,0.33615,0.34724,0.61081,0.18421,24.659,1.9174,1.3
0.62764,0.33555,0.34722,0.61066,0.37691,24.63,1.9978,1.35
0.62831,0.33464,0.34663,0.61081,0.56858,24.606,2.0505,1.4
0.62901,0.33439,0.34639,0.61036,0.76058,24.578,2.1208,1.45
0.62957,0.33329,0.34627,0.61046,0.95236,24.547,2.1969,1.5
0.63049,0.33207,0.3455,0.61061,1.1413,24.515,2.2706,1.55
0.63047,0.33203,0.34574,0.61052,1.3317,24.485,2.332,1.6
0.63121,0.33131,0.34557,0.61024,1.5208,24.452,2.3995,1.65
0.63199,0.3304,0.34521,0.61012,1.7101,24.419,2.4655,1.7
0.63256,0.32966,0.34504,0.61003,1.8986,24.385,2.5328,1.75
0.63341,0.32917,0.34455,0.6097,2.0865,24.351,2.5907,1.8
0.63402,0.32861,0.34388,0.60974,2.2726,24.314,2.6596,1.85
0.63468,0.32791,0.34363,0.60957,2.46,24.278,2.7195,1.9
0.63446,0.32747,0.34411,0.60976,2.6449,24.242,2.7778,1.95
0.63532,0.32642,0.34369,0.60967,2.8292,24.2,2.8484,2
0.63554,0.32535,0.34334,0.61021,3.0129,24.161,2.909,2.05
0.63653,0.32529,0.34331,0.60923,3.1954,24.121,2.9702,2.1
0.63723,0.32471,0.34236,0.60934,3.3786,24.078,3.034,2.15
0.63765,0.32357,0.34237,0.60951,3.5577,24.037,3.0911,2.2
0.63789,0.3233,0.34271,0.6092,3.7374,23.993,3.1505,2.25
0.63902,0.32201,0.3418,0.60921,3.9192,23.95,3.2072,2.3
0.63945,0.3214,0.34152,0.60923,4.0985,23.903,3.2666,2.35
0.64,0.32067,0.34126,0.60919,4.2773,23.859,3.3199,2.4
0.64047,0.32015,0.34109,0.60906,4.4536,23.811,3.3784,2.45
0.64132,0.31909,0.34102,0.60876,4.628,23.763,3.4364,2.5
0.64151,0.31903,0.34082,0.60871,4.8029,23.712,3.4959,2.55
0.64218,0.31829,0.34042,0.60861,4.9802,23.665,3.5429,2.6
0.64267,0.3174,0.34006,0.60876,5.1525,23.616,3.5935,2.65
0.64331,0.31673,0.33952,0.60874,5.3228,23.562,3.6515,2.7
0.64377,0.31584,0.33955,0.60869,5.4935,23.511,3.7018,2.75
0.64409,0.31513,0.33964,0.60868,5.6635,23.46,3.7496,2.8
0.6449,0.31444,0.33871,0.60869,5.833,23.405,3.8004,2.85
0.64561,0.31391,0.33862,0.60826,5.9999,23.35,3.85,2.9
0.64607,0.31337,0.33832,0.60822,6.1669,23.294,3.898,2.95
0.64688,0.3124,0.33847,0.60777,6.3332,23.239,3.9435,3
0.64714,0.31255,0.33823,0.60755,6.4994,23.18,3.991,3.05
0.64816,0.31106,0.33709,0.60786,6.6606,23.124,4.0346,3.1
0.64867,0.31059,0.33767,0.60724,6.8224,23.067,4.076,3.15
0.64888,0.30975,0.33706,0.60778,6.9826,23.004,4.1258,3.2
0.64917,0.30916,0.3367,0.60798,7.1434,22.945,4.1663,3.25
0.65,0.30859,0.33694,0.60724,7.3025,22.885,4.2051,3.3
0.65077,0.30792,0.33615,0.60719,7.4596,22.823,4.2468,3.35
0.65096,0.30718,0.33616,0.60736,7.6149,22.758,4.2909,3.4
0.65147,0.30663,0.3358,0.60729,7.7712,22.695,4.3269,3.45
0.65244,0.30595,0.33583,0.60658,7.9252,22.629,4.3665,3.5
0.65289,0.3052,0.33556,0.60662,8.0754,22.567,4.4021,3.55
0.65316,0.30446,0.33577,0.60658,8.2265,22.5,4.4394,3.6
0.65387,0.30345,0.33471,0.60691,8.3826,22.431,4.4728,3.65
0.65436,0.30282,0.33416,0.607,8.5301,22.365,4.5056,3.7
0.65516,0.30185,0.33464,0.60636,8.6768,22.298,4.5371,3.75
0.65535,0.30184,0.33406,0.60648,8.8235,22.228,4.5699,3.8
0.65604,0.30096,0.3343,0.60603,8.9666,22.159,4.6015,3.85
0.65623,0.29959,0.3338,0.60678,9.1196,22.085,4.6296,3.9
0.65749,0.29914,0.33314,0.60601,9.2612,22.013,4.6592,3.95
0.6578,0.299,0.33272,0.60597,9.3992,21.942,4.6873,4
0.65823,0.29827,0.33237,0.60605,9.5376,21.869,4.717,4.05
0.6587,0.29763,0.3324,0.60585,9.6749,21.797,4.74,4.1
0.65914,0.29672,0.33254,0.60573,9.8181,21.719,4.7645,4.15
0.65995,0.29582,0.33112,0.60607,9.9511,21.646,4.7888,4.2
0.66043,0.29521,0.33147,0.60565,10.085,21.572,4.8078,4.25
0.66084,0.29471,0.3317,0.60532,10.215,21.495,4.8314,4.3
0.66189,0.29385,0.33102,0.60496,10.345,21.418,4.8524,4.35
0.66129,0.29336,0.33079,0.60598,10.48,21.337,4.8712,4.4
0.66219,0.29261,0.32959,0.60602,10.607,21.259,4.8886,4.45
0.66296,0.29201,0.3301,0.60518,10.733,21.179,4.9066,4.5
0.66348,0.29109,0.32965,0.6053,10.855,21.1,4.9225,4.55
0.66381,0.29006,0.3303,0.60508,10.976,21.022,4.9366,4.6
0.66465,0.28954,0.32933,0.60494,11.105,20.938,4.949,4.65
0.66528,0.28881,0.32849,0.60505,11.224,20.858,4.9602,4.7
0.66571,0.28846,0.32802,0.605,11.341,20.774,4.9741,4.75
0.6659,0.2877,0.32842,0.60494,11.455,20.694,4.9843,4.8
0.66686,0.28656,0.32807,0.60461,11.568,20.612,4.9938,4.85
0.66717,0.28622,0.32819,0.60436,11.687,20.525,5.0012,4.9
0.66747,0.28612,0.32769,0.60435,11.798,20.441,5.0085,4.95
0.66813,0.28545,0.32737,0.60412,11.907,20.355,5.014,5
0.66879,0.28383,0.32742,0.60411,12.014,20.272,5.0178,5.05
0.66893,0.28376,0.32732,0.60405,12.118,20.186,5.022,5.1
0.66996,0.28291,0.32633,0.60384,12.23,20.096,5.0233,5.15
0.67006,0.2823,0.32624,0.60406,12.332,20.01,5.0244,5.2
0.67061,0.2816,0.32603,0.6039,12.431,19.923,5.0267,5.25
0.67072,0.28106,0.32599,0.60405,12.53,19.837,5.0238,5.3
0.67169,0.27973,0.32547,0.60386,12.626,19.748,5.0237,5.35
0.67207,0.27892,0.32534,0.60389,12.727,19.655,5.0216,5.4
0.67296,0.27862,0.3243,0.60359,12.82,19.567,5.0177,5.45
0.67387,0.27727,0.32438,0.60316,12.912,19.478,5.012,5.5
0.67385,0.2776,0.32423,0.6031,13.001,19.386,5.0064,5.55
0.67436,0.27631,0.32353,0.6035,13.088,19.296,4.9987,5.6
0.67436,0.27599,0.32366,0.60358,13.18,19.202,4.9892,5.65
0.67494,0.27536,0.32305,0.60355,13.264,19.113,4.9778,5.7
0.67604,0.27472,0.3234,0.60242,13.348,19.021,4.9661,5.75
0.67597,0.27388,0.32299,0.6031,13.426,18.929,4.9562,5.8
0.6772,0.27328,0.32262,0.6022,13.505,18.835,4.9437,5.85
0.67758,0.27224,0.32181,0.60267,13.589,18.737,4.9287,5.9
0.67771,0.27142,0.322,0.60279,13.663,18.646,4.9132,5.95
0.67792,0.27137,0.32203,0.60256,13.737,18.551,4.8959,6
0.67909,0.27033,0.32174,0.60187,13.808,18.458,4.8782,6.05
0.67931,0.26952,0.32149,0.60212,13.877,18.364,4.8601,6.1
0.68025,0.26832,0.3207,0.60201,13.949,18.264,4.8424,6.15
0.6812,0.26813,0.32034,0.60121,14.015,18.17,4.8207,6.2
0.6809,0.26782,0.32025,0.60174,14.079,18.076,4.7977,6.25
0.68171,0.26646,0.31972,0.60171,14.142,17.98,4.7739,6.3
0.68214,0.26604,0.31943,0.60155,14.201,17.884,4.7508,6.35
0.68257,0.26515,0.31943,0.60147,14.263,17.784,4.7259,6.4
0.68292,0.26401,0.31993,0.6013,14.318,17.688,4.7,6.45
0.68336,0.26318,0.31939,0.60145,14.372,17.591,4.6727,6.5
0.68417,0.26357,0.31875,0.6007,14.425,17.495,4.6426,6.55
0.68417,0.26251,0.31882,0.60113,14.474,17.397,4.6156,6.6
0.68495,0.26178,0.31816,0.6009,14.529,17.296,4.5829,6.65
0.68507,0.26152,0.31757,0.60119,14.576,17.199,4.5513,6.7
0.68572,0.26078,0.31725,0.60095,14.62,17.101,4.5189,6.75
0.6867,0.25986,0.31719,0.60025,14.661,17.002,4.4871,6.8
0.687,0.25894,0.31686,0.60048,14.702,16.904,4.4508,6.85
0.68755,0.25811,0.31674,0.60027,14.745,16.802,4.4161,6.9
0.68797,0.2575,0.31608,0.60041,14.782,16.703,4.3801,6.95
0.68847,0.25689,0.31602,0.60012,14.816,16.604,4.3441,7
0.68882,0.25622,0.31578,0.60014,14.848,16.506,4.3044,7.05
0.68943,0.25536,0.3155,0.59994,14.878,16.407,4.2658,7.1
0.6901,0.25493,0.31527,0.59948,14.911,16.304,4.2249,7.15
0.6902,0.25408,0.31491,0.59992,14.938,16.206,4.1841,7.2
0.69105,0.2534,0.3144,0.59949,14.962,16.105,4.1426,7.25
0.69127,0.25303,0.31448,0.59935,14.985,16.006,4.0978,7.3
0.6922,0.25138,0.31409,0.59919,15.005,15.906,4.0553,7.35
0.69249,0.25125,0.3133,0.59931,15.027,15.802,4.0106,7.4
0.69296,0.25024,0.31329,0.59919,15.045,15.702,3.9636,7.45
0.69334,0.24979,0.31291,0.59914,15.06,15.603,3.9157,7.5
0.69381,0.24906,0.31305,0.59882,15.072,15.503,3.8694,7.55
0.69434,0.24828,0.31228,0.59894,15.083,15.403,3.8201,7.6
0.69507,0.24742,0.31208,0.59855,15.095,15.298,3.7726,7.65
0.69538,0.24731,0.31193,0.59832,15.101,15.199,3.7223,7.7
0.69571,0.24591,0.31195,0.59849,15.106,15.098,3.67,7.75
0.69649,0.24537,0.31159,0.598,15.108,14.998,3.6193,7.8
0.69675,0.24534,0.31098,0.59803,15.11,14.898,3.5652,7.85
0.697,0.24433,0.31064,0.59833,15.112,14.795,3.5132,7.9
0.69805,0.24336,0.3104,0.59762,15.108,14.695,3.4583,7.95
0.69856,0.24241,0.31016,0.59754,15.103,14.595,3.404,8
0.69861,0.24169,0.31012,0.5978,15.095,14.494,3.3498,8.05
0.6994,0.24114,0.30935,0.59749,15.086,14.396,3.2916,8.1
0.6996,0.24037,0.30918,0.59766,15.077,14.291,3.2349,8.15
0.70015,0.24006,0.30889,0.59729,15.064,14.191,3.1763,8.2
0.70068,0.23921,0.30879,0.59705,15.049,14.092,3.1178,8.25
0.70122,0.23842,0.30854,0.59687,15.03,13.992,3.0592,8.3
0.7017,0.23777,0.30808,0.5968,15.011,13.893,2.9992,8.35
0.70219,0.23694,0.30791,0.59665,14.994,13.79,2.9374,8.4
0.70279,0.23626,0.30753,0.5964,14.97,13.69,2.8778,8.45
0.70303,0.23541,0.30715,0.59665,14.944,13.592,2.8148,8.5
0.70371,0.23486,0.3071,0.59608,14.916,13.492,2.7532,8.55
0.70408,0.234,0.30651,0.59629,14.887,13.393,2.6896,8.6
0.70472,0.23349,0.30626,0.59587,14.859,13.291,2.6257,8.65
0.70541,0.2327,0.30544,0.59579,14.825,13.193,2.5621,8.7
0.70534,0.23215,0.30609,0.59574,14.79,13.095,2.4955,8.75
0.70567,0.23156,0.30637,0.59543,14.753,12.997,2.4299,8.8
0.7064,0.23071,0.30538,0.59542,14.713,12.899,2.3641,8.85
0.70683,0.22969,0.30522,0.59538,14.675,12.798,2.2973,8.9
0.70747,0.22926,0.30402,0.5954,14.631,12.7,2.2317,8.95
0.70775,0.22862,0.30426,0.59518,14.586,12.603,2.1639,9
0.70842,0.22724,0.30375,0.59518,14.539,12.506,2.0949,9.05
0.70894,0.22715,0.30386,0.59454,14.491,12.41,2.0252,9.1
0.70915,0.22659,0.30356,0.59466,14.442,12.311,1.9575,9.15
0.70974,0.22546,0.3034,0.59447,14.388,12.214,1.8883,9.2
0.71023,0.22487,0.30291,0.59435,14.334,12.118,1.8179,9.25
0.71079,0.22414,0.30237,0.59423,14.277,12.022,1.7491,9.3
0.71119,0.22351,0.30197,0.59419,14.218,11.927,1.678,9.35
0.71155,0.22227,0.30202,0.5942,14.161,11.829,1.6071,9.4
0.71225,0.22171,0.30151,0.59383,14.099,11.734,1.5344,9.45
0.71286,0.22099,0.30125,0.59349,14.033,11.64,1.4646,9.5
0.71308,0.22102,0.30138,0.59316,13.967,11.547,1.3913,9.55
0.71386,0.21969,0.30038,0.59322,13.899,11.452,1.3196,9.6
0.7141,0.21893,0.30074,0.59303,13.832,11.356,1.2467,9.65
0.71458,0.21831,0.29996,0.59307,13.759,11.263,1.174,9.7
0.71503,0.21789,0.3,0.59267,13.685,11.17,1.1006,9.75
0.71552,0.21713,0.29977,0.59247,13.61,11.08,1.027,9.8
0.7162,0.21618,0.29931,0.59223,13.532,10.987,0.95312,9.85
0.71648,0.21592,0.29914,0.59208,13.455,10.893,0.87954,9.9
0.71712,0.21476,0.29854,0.59202,13.373,10.802,0.80659,9.95
0.71754,0.21416,0.29816,0.59192,13.291,10.711,0.73133,10
0.71784,0.21351,0.2982,0.59177,13.205,10.621,0.65714,10.05
0.71869,0.21266,0.29781,0.59125,13.119,10.532,0.58322,10.1
0.71881,0.2118,0.29742,0.5916,13.033,10.441,0.50837,10.15
0.71936,0.21119,0.29689,0.59142,12.942,10.351,0.43412,10.2
0.71977,0.21053,0.29678,0.59121,12.849,10.263,0.35931,10.25
0.71999,0.21,0.29659,0.59123,12.756,10.176,0.28418,10.3
0.72079,0.20902,0.29632,0.59074,12.66,10.089,0.20971,10.35
0.72106,0.2085,0.29539,0.59105,12.565,9.9993,0.13406,10.4
0.7215,0.20763,0.29536,0.59084,12.466,9.9128,0.05937,10.45
0.72237,0.20626,0.29535,0.59026,12.365,9.8279,-0.015249,10.5
0.72246,0.20607,0.29518,0.59031,12.262,9.7424,-0.090037,10.55
0.72304,0.20505,0.29458,0.59024,12.158,9.6579,-0.16533,10.6
0.72323,0.2051,0.29449,0.59004,12.054,9.571,-0.24046,10.65
0.72381,0.20382,0.29433,0.58985,11.947,9.4873,-0.31557,10.7
0.72439,0.20309,0.29351,0.5898,11.837,9.405,-0.39016,10.75
0.7246,0.20268,0.29366,0.58961,11.726,9.3222,-0.46451,10.8
0.72506,0.20131,0.29328,0.5897,11.613,9.2405,-0.53922,10.85
0.72569,0.20104,0.29275,0.58929,11.501,9.1571,-0.61407,10.9
0.72611,0.20059,0.29247,0.58905,11.386,9.0763,-0.68944,10.95
0.72644,0.19918,0.29248,0.58912,11.267,8.9961,-0.76223,11
0.72717,0.1989,0.29216,0.58848,11.149,8.9176,-0.83715,11.05
0.72762,0.19843,0.29156,0.58838,11.027,8.8389,-0.90989,11.1
0.72793,0.19744,0.29114,0.58853,10.907,8.7584,-0.98405,11.15
0.72837,0.19687,0.2909,0.58831,10.782,8.6811,-1.0574,11.2
0.72888,0.19586,0.29108,0.58792,10.657,8.6034,-1.13,11.25
0.72924,0.19508,0.29043,0.58805,10.529,8.527,-1.2035,11.3
0.72966,0.19439,0.29018,0.58788,10.401,8.4519,-1.2773,11.35
0.72986,0.19393,0.29016,0.58779,10.273,8.3743,-1.3482,11.4
0.73078,0.19257,0.28931,0.58751,10.141,8.2998,-1.4201,11.45
0.73088,0.19277,0.28958,0.58719,10.008,8.2263,-1.4917,11.5
0.73134,0.19131,0.28885,0.58745,9.8722,8.1534,-1.5624,11.55
0.73177,0.19073,0.28845,0.58731,9.7361,8.0819,-1.6336,11.6
0.73225,0.19007,0.28836,0.58696,9.5999,8.0081,-1.7045,11.65
0.73259,0.18989,0.28829,0.58664,9.461,7.9376,-1.7752,11.7
0.73321,0.18879,0.28747,0.58663,9.3208,7.8674,-1.8451,11.75
0.73368,0.18775,0.2875,0.58635,9.1787,7.7983,-1.914,11.8
0.73416,0.18708,0.2868,0.58631,9.0357,7.73,-1.9835,11.85
0.73446,0.18672,0.28664,0.58612,8.8923,7.6607,-2.0511,11.9
0.735,0.18592,0.28629,0.58587,8.7456,7.5931,-2.1192,11.95
0.73542,0.18502,0.28601,0.58576,8.5982,7.5265,-2.1863,12
0.7359,0.18451,0.28573,0.58545,8.4493,7.461,-2.2538,12.05
0.73654,0.18369,0.28551,0.58502,8.2992,7.396,-2.3199,12.1
0.73678,0.18283,0.28531,0.58509,8.1492,7.3301,-2.3855,12.15
0.73727,0.18189,0.2853,0.58477,7.9965,7.2673,-2.4512,12.2
0.73798,0.1813,0.2844,0.5845,7.8423,7.2046,-2.5158,12.25
0.73844,0.1805,0.28421,0.58425,7.6869,7.143,-2.5805,12.3
0.73837,0.18043,0.28369,0.58461,7.5306,7.0819,-2.6448,12.35
0.73893,0.17931,0.28378,0.58421,7.3745,7.0207,-2.708,12.4
0.73945,0.17837,0.28326,0.58409,7.2151,6.9613,-2.7702,12.45
0.74008,0.17773,0.28283,0.5837,7.0548,6.9028,-2.8325,12.5
0.74019,0.177,0.2828,0.5838,6.8936,6.8453,-2.893,12.55
0.74045,0.17605,0.28251,0.58389,6.7305,6.7887,-2.9532,12.6
0.74105,0.17591,0.28205,0.5834,6.5678,6.731,-3.0131,12.65
0.7417,0.17478,0.28196,0.58295,6.4026,6.6764,-3.0723,12.7
0.74218,0.17386,0.28145,0.58285,6.2364,6.6212,-3.131,12.75
0.74237,0.17335,0.28148,0.58276,6.0693,6.5681,-3.1882,12.8
0.74273,0.17285,0.28113,0.58262,5.9013,6.5155,-3.2453,12.85
0.74331,0.17214,0.28043,0.58243,5.7329,6.4624,-3.3012,12.9
0.74365,0.17093,0.28019,0.58245,5.5627,6.4117,-3.3575,12.95
0.74447,0.17044,0.2799,0.5817,5.3911,6.3613,-3.4122,13
0.74448,0.16964,0.2793,0.5822,5.2188,6.3123,-3.4665,13.05
0.74506,0.16921,0.27908,0.58169,5.0454,6.2649,-3.5195,13.1
0.74532,0.16815,0.27895,0.58173,4.8721,6.216,-3.5718,13.15
0.74589,0.1673,0.2789,0.58126,4.6968,6.1704,-3.6243,13.2
0.74632,0.16708,0.27792,0.58125,4.5204,6.1252,-3.6753,13.25
0.74701,0.16552,0.27815,0.5807,4.3428,6.0794,-3.7246,13.3
0.74719,0.16529,0.27779,0.58071,4.1649,6.0358,-3.7737,13.35
0.74769,0.16465,0.27722,0.58052,3.987,5.9926,-3.8221,13.4
0.74814,0.16363,0.27707,0.5803,3.8068,5.9503,-3.8692,13.45
0.74836,0.16322,0.27687,0.58023,3.6264,5.9096,-3.9158,13.5
0.7487,0.16231,0.27659,0.58018,3.4442,5.8692,-3.9616,13.55
0.74927,0.16157,0.27596,0.57995,3.2618,5.83,-4.0066,13.6
0.7496,0.16101,0.27582,0.57974,3.0795,5.791,-4.0509,13.65
0.74997,0.16029,0.27564,0.57954,2.8956,5.7541,-4.0938,13.7
0.75081,0.15924,0.27513,0.57899,2.7105,5.7174,-4.1355,13.75
0.75101,0.15842,0.27452,0.57925,2.5249,5.6819,-4.1764,13.8
0.75108,0.15772,0.27468,0.57927,2.3384,5.6473,-4.2169,13.85
0.75164,0.15713,0.27454,0.57877,2.1522,5.6129,-4.2556,13.9
0.75211,0.15655,0.27404,0.57856,1.9645,5.5804,-4.2941,13.95
0.75244,0.15572,0.27369,0.57851,1.7761,5.5493,-4.3311,14
0.75314,0.15519,0.27319,0.57798,1.5866,5.5186,-4.3672,14.05
0.75347,0.15384,0.27305,0.57797,1.397,5.4892,-4.4026,14.1
0.7539,0.15353,0.27277,0.57764,1.2076,5.4602,-4.4369,14.15
0.75425,0.15271,0.27247,0.57754,1.0166,5.4324,-4.4708,14.2
0.75462,0.15227,0.27191,0.57743,0.82472,5.4055,-4.5028,14.25
0.75533,0.15143,0.27169,0.57683,0.63293,5.3795,-4.5341,14.3
0.75556,0.15033,0.27126,0.57701,0.44021,5.3548,-4.5646,14.35
0.75602,0.14978,0.27095,0.5767,0.24812,5.3307,-4.5937,14.4
0.75627,0.14914,0.27045,0.57677,0.054093,5.3078,-4.6215,14.45
0.7567,0.14833,0.27078,0.57627,-0.13996,5.2858,-4.6487,14.5
0.7571,0.14775,0.26982,0.57634,-0.33424,5.265,-4.6748,14.55
0.75745,0.14713,0.2696,0.57614,-0.52969,5.2451,-4.699,14.6
0.75793,0.14567,0.26958,0.57589,-0.7243,5.2258,-4.7231,14.65
0.75834,0.14564,0.26882,0.5757,-0.92087,5.2079,-4.7465,14.7
0.75896,0.14438,0.26868,0.57528,-1.1174,5.1911,-4.7681,14.75
0.75908,0.14399,0.26879,0.57517,-1.314,5.1748,-4.789,14.8
0.75963,0.14325,0.26807,0.57496,-1.5109,5.16,-4.809,14.85
0.76013,0.14209,0.26781,0.57472,-1.7067,5.1464,-4.8275,14.9
0.76048,0.14162,0.26741,0.57454,-1.9045,5.1337,-4.8448,14.95
0.76081,0.14109,0.26766,0.57413,-2.1027,5.1214,-4.8611,15
0.76103,0.13999,0.26703,0.5744,-2.3013,5.1108,-4.8765,15.05
0.7617,0.13917,0.26682,0.57381,-2.4996,5.1006,-4.8902,15.1
0.76231,0.1385,0.26637,0.57337,-2.6974,5.0925,-4.9031,15.15
0.76247,0.13792,0.26603,0.57345,-2.8964,5.0847,-4.9157,15.2
0.76303,0.13717,0.26558,0.57309,-3.096,5.0775,-4.9265,15.25
0.76334,0.13621,0.26563,0.57289,-3.2951,5.0717,-4.9366,15.3
0.76365,0.13585,0.26502,0.57284,-3.4945,5.0666,-4.9454,15.35
0.76397,0.13535,0.26442,0.57282,-3.6932,5.0634,-4.952,15.4
0.76421,0.13454,0.265,0.57242,-3.893,5.0604,-4.9591,15.45
0.76485,0.1336,0.26389,0.5723,-4.0925,5.0587,-4.9644,15.5
0.76525,0.13262,0.26335,0.57223,-4.2926,5.0579,-4.9682,15.55
0.76583,0.13189,0.26317,0.5717,-4.4927,5.058,-4.9713,15.6
0.7659,0.13122,0.2631,0.5718,-4.6917,5.0602,-4.9735,15.65
0.76683,0.13087,0.26201,0.57114,-4.8913,5.0626,-4.9736,15.7
0.76689,0.13053,0.26165,0.5713,-5.0917,5.0657,-4.9735,15.75
0.7671,0.12941,0.26156,0.57131,-5.2914,5.0697,-4.9714,15.8
0.76765,0.12843,0.26178,0.5707,-5.4914,5.0748,-4.9694,15.85
0.76771,0.12738,0.26189,0.57079,-5.6906,5.0821,-4.9658,15.9
0.76836,0.12655,0.26102,0.5705,-5.8902,5.0895,-4.9607,15.95
0.76905,0.12623,0.26103,0.56964,-6.0894,5.0977,-4.9547,16
0.76913,0.12504,0.26097,0.56982,-6.2894,5.1061,-4.9475,16.05
0.76975,0.12414,0.25999,0.56963,-6.4886,5.1163,-4.9391,16.1
0.77,0.12387,0.26006,0.56932,-6.6872,5.1286,-4.9299,16.15
0.77034,0.12383,0.2595,0.56913,-6.8861,5.1403,-4.9198,16.2
0.77036,0.1216,0.26017,0.56927,-7.0847,5.1535,-4.9077,16.25
0.77079,0.1218,0.25907,0.56914,-7.2829,5.168,-4.8944,16.3
0.77122,0.12039,0.25869,0.56904,-7.4812,5.1832,-4.8806,16.35
0.77137,0.1199,0.25812,0.5692,-7.6784,5.2012,-4.8657,16.4
0.77234,0.11951,0.25707,0.56844,-7.8764,5.2179,-4.8493,16.45
0.77237,0.11891,0.25718,0.56847,-8.0736,5.2361,-4.8324,16.5
0.77292,0.11757,0.25779,0.56773,-8.2704,5.2553,-4.8144,16.55
0.77329,0.11781,0.25672,0.56767,-8.4671,5.2754,-4.7959,16.6
0.77361,0.11685,0.25628,0.56761,-8.6624,5.2981,-4.7757,16.65
0.77397,0.1162,0.25585,0.56746,-8.858,5.3206,-4.7535,16.7
0.7739,0.11543,0.25599,0.56765,-9.0528,5.3439,-4.7315,16.75
0.77482,0.11379,0.25533,0.56703,-9.2485,5.3675,-4.7081,16.8
0.77563,0.11355,0.25505,0.56608,-9.4428,5.3927,-4.6826,16.85
0.77579,0.11281,0.25461,0.56621,-9.6368,5.4202,-4.6577,16.9
0.77588,0.11236,0.25478,0.56611,-9.8302,5.4474,-4.6304,16.95
0.77651,0.11084,0.25373,0.56601,-10.023,5.4752,-4.603,17
0.77698,0.11013,0.25354,0.5656,-10.216,5.5041,-4.5739,17.05
0.77702,0.10993,0.25331,0.56568,-10.409,5.5336,-4.5442,17.1
0.7776,0.10922,0.25305,0.56513,-10.599,5.5665,-4.5132,17.15
0.77811,0.10818,0.25237,0.56494,-10.79,5.5982,-4.481,17.2
0.77848,0.10741,0.25268,0.56444,-10.981,5.6311,-4.4485,17.25
0.77862,0.10668,0.25241,0.56451,-11.171,5.6651,-4.4148,17.3
0.77904,0.10597,0.25188,0.56429,-11.36,5.6998,-4.38,17.35
0.77921,0.10488,0.25079,0.56474,-11.547,5.7374,-4.3438,17.4
0.77973,0.10426,0.25142,0.56386,-11.735,5.7737,-4.3069,17.45
0.77993,0.10393,0.25144,0.56363,-11.922,5.8109,-4.2691,17.5
0.78089,0.10297,0.25011,0.56307,-12.108,5.8493,-4.2297,17.55
0.78068,0.10214,0.25028,0.56344,-12.294,5.889,-4.1904,17.6
0.78111,0.10136,0.25008,0.56308,-12.478,5.9312,-4.149,17.65
0.78182,0.10067,0.24972,0.56237,-12.663,5.9723,-4.108,17.7
0.78176,0.10055,0.24963,0.56252,-12.846,6.0145,-4.0652,17.75
0.78287,0.099176,0.24873,0.56162,-13.028,6.0574,-4.0213,17.8
0.78288,0.098458,0.24879,0.5617,-13.21,6.1011,-3.9772,17.85
0.78303,0.097631,0.24836,0.56183,-13.39,6.1488,-3.9317,17.9
0.7833,0.096888,0.24771,0.56187,-13.569,6.1946,-3.8851,17.95
0.78367,0.096564,0.24765,0.56143,-13.748,6.2404,-3.8375,18
0.78396,0.095747,0.24739,0.56129,-13.926,6.2876,-3.7899,18.05
0.78446,0.094478,0.24664,0.56113,-14.104,6.336,-3.7411,18.1
0.78514,0.093615,0.24702,0.56015,-14.28,6.3884,-3.6919,18.15
0.78554,0.093515,0.24579,0.56015,-14.454,6.4386,-3.6398,18.2
0.78558,0.092765,0.24579,0.56022,-14.629,6.4898,-3.5894,18.25
0.78617,0.091699,0.2458,0.55957,-14.802,6.5421,-3.5369,18.3
0.78648,0.090953,0.24541,0.55942,-14.974,6.595,-3.484,18.35
0.78685,0.090585,0.24458,0.55933,-15.144,6.6516,-3.4304,18.4
0.78702,0.089602,0.24455,0.55926,-15.315,6.7059,-3.3757,18.45
0.78761,0.088402,0.24441,0.55868,-15.485,6.7608,-3.3208,18.5
0.78802,0.087878,0.24412,0.55831,-15.653,6.8161,-3.2648,18.55
0.78779,0.08746,0.2438,0.55884,-15.82,6.8737,-3.2077,18.6
0.78812,0.086902,0.24314,0.55875,-15.985,6.9344,-3.15,18.65
0.78871,0.085819,0.24333,0.55801,-16.15,6.9933,-3.0917,18.7
0.78919,0.084707,0.24265,0.55778,-16.314,7.0525,-3.0329,18.75
0.7895,0.084224,0.24225,0.55759,-16.476,7.1127,-2.9732,18.8
0.78997,0.084147,0.2421,0.557,-16.638,7.1742,-2.9134,18.85
0.7899,0.083007,0.24164,0.55748,-16.796,7.2395,-2.8512,18.9
0.79053,0.082252,0.24116,0.5569,-16.955,7.3021,-2.7896,18.95
0.79097,0.081539,0.24097,0.55647,-17.113,7.3656,-2.7279,19
0.79132,0.080383,0.24059,0.5563,-17.27,7.4291,-2.6645,19.05
0.79143,0.079974,0.24035,0.5563,-17.424,7.4939,-2.6007,19.1
0.79219,0.07926,0.23954,0.55567,-17.577,7.5632,-2.5375,19.15
0.79244,0.078147,0.23916,0.55563,-17.73,7.6289,-2.4732,19.2
0.79259,0.077774,0.23963,0.55527,-17.881,7.6958,-2.4074,19.25
0.79321,0.077282,0.23869,0.55486,-18.031,7.7638,-2.3421,19.3
0.79348,0.076588,0.23812,0.55482,-18.18,7.8325,-2.275,19.35
0.79395,0.075332,0.23799,0.55438,-18.326,7.9057,-2.2081,19.4
0.79405,0.074842,0.23758,0.55447,-18.473,7.976,-2.1415,19.45
0.79422,0.073239,0.23815,0.5542,-18.617,8.0465,-2.0732,19.5
0.79465,0.072991,0.2369,0.55416,-18.761,8.1179,-2.0049,19.55
0.79543,0.073108,0.23662,0.55314,-18.903,8.1904,-1.937,19.6
0.79555,0.071604,0.23618,0.55335,-19.041,8.2665,-1.8669,19.65
0.79578,0.070867,0.23612,0.55314,-19.181,8.3402,-1.7972,19.7
0.79599,0.070359,0.23521,0.55329,-19.319,8.415,-1.7282,19.75
0.79662,0.069304,0.23568,0.55231,-19.454,8.4901,-1.6567,19.8
0.79698,0.068705,0.23557,0.55191,-19.588,8.5653,-1.585,19.85
0.79753,0.067651,0.2344,0.55175,-19.721,8.6453,-1.5145,19.9
0.79759,0.06662,0.2346,0.5517,-19.853,8.7223,-1.4435,19.95
0.79781,0.066207,0.23411,0.55164,-19.983,8.8001,-1.3723,20
0.79825,0.066085,0.23366,0.55121,-20.11,8.8773,-1.2991,20.05
0.79879,0.064704,0.23342,0.55069,-20.238,8.9557,-1.2269,20.1
0.79885,0.063829,0.23328,0.55077,-20.362,9.0396,-1.1539,20.15
0.7992,0.063441,0.23315,0.55036,-20.486,9.1195,-1.081,20.2
0.7994,0.062002,0.23259,0.55047,-20.609,9.2008,-1.0083,20.25
0.7998,0.062418,0.23185,0.55015,-20.729,9.2813,-0.93437,20.3
0.80023,0.061387,0.23205,0.54957,-20.849,9.3637,-0.85974,20.35
0.8005,0.05983,0.23173,0.54947,-20.964,9.4499,-0.78587,20.4
0.80108,0.059187,0.23058,0.54918,-21.08,9.5333,-0.71307,20.45
0.8011,0.059022,0.2305,0.5492,-21.194,9.617,-0.63868,20.5
0.80185,0.058449,0.22991,0.54842,-21.308,9.701,-0.56462,20.55
0.80159,0.057826,0.23016,0.54876,-21.418,9.785,-0.48919,20.6
0.80179,0.056597,0.23001,0.54866,-21.526,9.874,-0.41378,20.65
0.80237,0.056226,0.22952,0.54804,-21.634,9.96,-0.34045,20.7
0.80265,0.055186,0.22889,0.54802,-21.74,10.046,-0.26523,20.75
0.80303,0.054638,0.22867,0.54761,-21.844,10.134,-0.19045,20.8
0.80331,0.053233,0.2283,0.54748,-21.947,10.221,-0.11551,20.85
0.80374,0.052788,0.22807,0.54698,-22.045,10.312,-0.039941,20.9
0.80413,0.05188,0.22763,0.54669,-22.144,10.4,0.034948,20.95
0.80423,0.051298,0.2277,0.54658,-22.242,10.488,0.11026,21
0.80452,0.051263,0.22695,0.54646,-22.338,10.578,0.18465,21.05
0.80524,0.050263,0.22648,0.54568,-22.432,10.668,0.25908,21.1
0.80534,0.049579,0.2262,0.54571,-22.523,10.762,0.33434,21.15
0.80549,0.048783,0.22585,0.5457,-22.611,10.852,0.41065,21.2
0.8062,0.048175,0.2255,0.54485,-22.701,10.943,0.48468,21.25
0.80629,0.047336,0.22534,0.54486,-22.788,11.035,0.55912,21.3
0.80645,0.046184,0.22526,0.54476,-22.872,11.126,0.63392,21.35
0.80708,0.045344,0.22464,0.54415,-22.953,11.222,0.70781,21.4
0.80723,0.044769,0.22426,0.54414,-23.034,11.314,0.78319,21.45
0.8077,0.043368,0.22388,0.54371,-23.114,11.407,0.85698,21.5
0.80807,0.04304,0.22317,0.54347,-23.191,11.5,0.92992,21.55
0.80807,0.042807,0.22307,0.54353,-23.267,11.595,1.0033,21.6
0.80859,0.04159,0.22306,0.54286,-23.339,11.693,1.0768,21.65
0.80875,0.041042,0.22268,0.54283,-23.411,11.787,1.1504,21.7
0.80924,0.040154,0.22185,0.5425,-23.481,11.881,1.2245,21.75
0.80938,0.039185,0.22236,0.54215,-23.549,11.976,1.296,21.8
0.80976,0.03824,0.22162,0.54195,-23.615,12.072,1.3685,21.85
0.81023,0.037672,0.22111,0.54149,-23.678,12.172,1.4413,21.9
0.81049,0.03685,0.22091,0.54125,-23.74,12.267,1.5122,21.95
0.81088,0.036652,0.22047,0.54085,-23.802,12.363,1.5836,22
0.81106,0.035221,0.21979,0.54096,-23.86,12.46,1.6558,22.05
0.81169,0.034522,0.21949,0.54018,-23.917,12.557,1.7257,22.1
0.81168,0.033643,0.21928,0.54034,-23.969,12.658,1.7968,22.15
0.81152,0.033005,0.21947,0.54053,-24.022,12.755,1.8664,22.2
0.81236,0.032614,0.2187,0.5396,-24.073,12.852,1.9359,22.25
0.81242,0.031147,0.21854,0.53966,-24.122,12.949,2.0057,22.3
0.8129,0.031485,0.21839,0.53898,-24.17,13.048,2.0736,22.35
0.81317,0.030608,0.21781,0.53887,-24.213,13.15,2.1415,22.4
0.81357,0.029135,0.21712,0.53862,-24.255,13.249,2.2092,22.45
0.81379,0.02823,0.21677,0.53849,-24.296,13.347,2.2768,22.5
0.81403,0.028108,0.21662,0.53818,-24.336,13.445,2.3432,22.55
0.8143,0.027118,0.21604,0.53805,-24.374,13.544,2.4111,22.6
0.81471,0.026402,0.21607,0.53746,-24.406,13.647,2.4767,22.65
0.81461,0.025036,0.21557,0.53788,-24.439,13.746,2.542,22.7
0.81529,0.025253,0.2149,0.5371,-24.471,13.844,2.6066,22.75
0.81558,0.024345,0.21509,0.53662,-24.502,13.944,2.67,22.8
0.81587,0.023124,0.21477,0.53637,-24.528,14.044,2.7335,22.85
0.81582,0.023044,0.21415,0.5367,-24.552,14.148,2.7961,22.9
0.81657,0.021844,0.21399,0.53568,-24.575,14.248,2.8581,22.95
0.81666,0.021616,0.21394,0.53557,-24.596,14.347,2.9202,23
0.81682,0.020145,0.213,0.53575,-24.616,14.447,2.9796,23.05
0.81714,0.018954,0.21245,0.53553,-24.634,14.547,3.0403,23.1
0.81756,0.019169,0.21218,0.53498,-24.646,14.651,3.1008,23.15
0.81787,0.017947,0.21195,0.53464,-24.659,14.751,3.1603,23.2
0.81798,0.018019,0.2121,0.53441,-24.671,14.851,3.2184,23.25
0.81846,0.016468,0.21175,0.53386,-24.681,14.951,3.2751,23.3
0.81904,0.016653,0.21057,0.53344,-24.689,15.051,3.3313,23.35
0.81928,0.015258,0.21064,0.53309,-24.692,15.156,3.3874,23.4
0.81927,0.014633,0.21004,0.53336,-24.694,15.257,3.4432,23.45
0.81935,0.013161,0.21005,0.53327,-24.696,15.357,3.498,23.5
0.82009,0.01362,0.2094,0.53238,-24.696,15.456,3.5512,23.55
0.82044,0.010956,0.20922,0.53196,-24.694,15.557,3.6038,23.6
0.82086,0.011671,0.20856,0.53157,-24.686,15.66,3.6564,23.65
0.82052,0.011127,0.20864,0.53206,-24.68,15.76,3.7067,23.7
0.82074,0.0096365,0.20848,0.53181,-24.672,15.861,3.7571,23.75
0.82154,0.0088905,0.20818,0.53072,-24.661,15.96,3.8079,23.8
0.82149,0.0089186,0.20778,0.53095,-24.649,16.059,3.8563,23.85
0.8219,0.0079578,0.20691,0.53067,-24.631,16.163,3.9049,23.9
0.82263,0.0070782,0.2068,0.5296,-24.614,16.262,3.951,23.95
0.82226,0.0064122,0.20626,0.53038,-24.596,16.362,3.9966,24
0.82295,0.0053143,0.20589,0.52946,-24.575,16.461,4.0419,24.05
0.82339,0.0044208,0.20497,0.52915,-24.553,16.56,4.086,24.1
0.82321,0.004203,0.20534,0.52929,-24.525,16.663,4.1293,24.15
0.82364,0.0031709,0.20482,0.52882,-24.499,16.763,4.1717,24.2
0.82409,0.0025825,0.20458,0.52822,-24.47,16.86,4.2135,24.25
0.82423,0.0020113,0.20402,0.52822,-24.44,16.958,4.2546,24.3
0.8245,0.0014703,0.20427,0.52771,-24.407,17.057,4.2939,24.35
0.82474,0.00054593,0.20441,0.52728,-24.37,17.159,4.3323,24.4
0.82486,0.00038275,0.20298,0.52764,-24.335,17.258,4.3696,24.45
0.82542,-0.00058248,0.20335,0.52662,-24.295,17.356,4.4068,24.5
0.82579,-0.0020109,0.20257,0.52634,-24.255,17.454,4.4431,24.55
0.82567,-0.0027104,0.2016,0.5269,-24.212,17.55,4.4781,24.6
0.82607,-0.0038742,0.20173,0.5262,-24.165,17.651,4.5121,24.65
0.82644,-0.0047974,0.20169,0.52564,-24.12,17.747,4.5441,24.7
0.82648,-0.0050475,0.20075,0.52594,-24.072,17.844,4.5745,24.75
0.8268,-0.006263,0.20052,0.5255,-24.022,17.94,4.6053,24.8
0.82724,-0.0067741,0.20018,0.52493,-23.97,18.036,4.6357,24.85
0.82758,-0.007387,0.19968,0.52457,-23.912,18.135,4.6647,24.9
0.8274,-0.0081866,0.20006,0.5247,-23.856,18.23,4.6926,24.95
0.82842,-0.0088484,0.19895,0.52351,-23.8,18.325,4.718,25
0.82781,-0.0094272,0.19915,0.52438,-23.74,18.42,4.7449,25.05
0.82881,-0.010552,0.19809,0.52318,-23.678,18.514,4.7687,25.1
0.82871,-0.011159,0.19845,0.5232,-23.61,18.613,4.7926,25.15
0.82916,-0.011864,0.19705,0.523,-23.545,18.706,4.8148,25.2
0.8294,-0.013135,0.19682,0.52267,-23.477,18.799,4.8355,25.25
0.82976,-0.013926,0.19729,0.5219,-23.408,18.891,4.8556,25.3
0.83021,-0.014366,0.1967,0.5214,-23.337,18.983,4.875,25.35
0.83038,-0.014255,0.19627,0.52128,-23.261,19.08,4.8927,25.4
0.83055,-0.015547,0.19596,0.5211,-23.187,19.171,4.9095,25.45
0.8308,-0.017083,0.19642,0.52048,-23.111,19.262,4.9264,25.5
0.83119,-0.017168,0.1962,0.51994,-23.032,19.354,4.9411,25.55
0.8311,-0.018514,0.1956,0.52027,-22.953,19.443,4.9549,25.6
0.8319,-0.017501,0.19519,0.51917,-22.866,19.536,4.9666,25.65
0.83179,-0.019663,0.19385,0.51977,-22.783,19.626,4.9778,25.7
0.83209,-0.020267,0.1943,0.5191,-22.697,19.715,4.9879,25.75
0.83195,-0.021569,0.19316,0.51969,-22.609,19.804,4.9967,25.8
0.83292,-0.021535,0.19227,0.51847,-22.52,19.892,5.0051,25.85
0.83207,-0.021718,0.19333,0.51944,-22.425,19.984,5.0118,25.9
0.83229,-0.023576,0.19247,0.51932,-22.332,20.071,5.0179,25.95
0.83345,-0.023629,0.19227,0.51752,-22.238,20.157,5.0229,26
0.83337,-0.02552,0.19205,0.51764,-22.142,20.243,5.0263,26.05
0.83361,-0.024969,0.19135,0.51754,-22.043,20.33,5.0292,26.1
0.83361,-0.026071,0.19119,0.51755,-21.94,20.418,5.0303,26.15
0.83428,-0.026324,0.19035,0.51677,-21.838,20.503,5.0301,26.2
0.83467,-0.027569,0.19062,0.51598,-21.734,20.587,5.0292,26.25
0.83456,-0.028652,0.1903,0.51622,-21.629,20.671,5.0264,26.3
0.83488,-0.02924,0.18985,0.51583,-21.523,20.753,5.0225,26.35
0.83519,-0.02948,0.19005,0.51524,-21.41,20.838,5.0201,26.4
0.83494,-0.030443,0.18891,0.51601,-21.299,20.92,5.0139,26.45
0.83543,-0.031704,0.1882,0.5154,-21.188,21.001,5.0075,26.5
0.83604,-0.032717,0.18826,0.51432,-21.074,21.081,5.0005,26.55
0.83632,-0.033294,0.18745,0.51413,-20.96,21.161,4.9902,26.6
0.83658,-0.03358,0.1871,0.51381,-20.839,21.245,4.9801,26.65
0.83646,-0.034113,0.18681,0.51407,-20.72,21.324,4.9693,26.7
0.83667,-0.034784,0.18688,0.51367,-20.601,21.402,4.9581,26.75
0.83696,-0.035823,0.18592,0.51347,-20.479,21.479,4.9436,26.8
0.83763,-0.036872,0.18594,0.51229,-20.355,21.556,4.9299,26.85
0.83758,-0.037446,0.18532,0.51255,-20.226,21.636,4.9149,26.9
0.83769,-0.038827,0.18579,0.5121,-20.101,21.711,4.8989,26.95
0.8381,-0.038012,0.18511,0.51174,-19.972,21.785,4.8818,27
0.83824,-0.039669,0.18474,0.51153,-19.844,21.86,4.8622,27.05
0.83857,-0.041045,0.18427,0.51104,-19.714,21.934,4.8415,27.1
0.83862,-0.041095,0.18377,0.51113,-19.578,22.011,4.8191,27.15
0.83921,-0.041895,0.18377,0.5101,-19.442,22.082,4.7981,27.2
0.83934,-0.043375,0.18247,0.51023,-19.307,22.154,4.7756,27.25
0.83935,-0.043232,0.18289,0.51007,-19.172,22.223,4.7509,27.3
0.83998,-0.044089,0.18244,0.50912,-19.033,22.293,4.7267,27.35
0.8401,-0.045468,0.1817,0.50907,-18.889,22.366,4.6989,27.4
0.84024,-0.045545,0.18126,0.50899,-18.748,22.435,4.672,27.45
0.84021,-0.046464,0.18165,0.50882,-18.605,22.502,4.6446,27.5
0.84022,-0.047413,0.18112,0.5089,-18.46,22.569,4.6152,27.55
0.841,-0.047159,0.18089,0.50771,-18.315,22.636,4.5837,27.6
0.84133,-0.049092,0.18036,0.50717,-18.164,22.703,4.5522,27.65
0.84109,-0.049195,0.18005,0.50768,-18.015,22.767,4.5205,27.7
0.84149,-0.050142,0.17962,0.50707,-17.867,22.832,4.4859,27.75
0.84139,-0.051244,0.17977,0.50707,-17.716,22.895,4.4523,27.8
0.84201,-0.05183,0.17802,0.5066,-17.563,22.957,4.4167,27.85
0.84212,-0.053022,0.17786,0.50634,-17.407,23.023,4.3804,27.9
0.84269,-0.053743,0.17824,0.5052,-17.253,23.084,4.3427,27.95
0.84247,-0.053896,0.17752,0.50579,-17.097,23.144,4.304,28
0.84235,-0.055238,0.17724,0.50594,-16.939,23.202,4.264,28.05
0.84359,-0.054969,0.17651,0.50416,-16.78,23.26,4.2235,28.1
0.84362,-0.056597,0.17583,0.50417,-16.616,23.321,4.1837,28.15
0.84418,-0.057045,0.1752,0.50339,-16.457,23.378,4.1421,28.2
0.84376,-0.057262,0.17558,0.50394,-16.296,23.434,4.0965,28.25
0.84392,-0.058017,0.17464,0.50392,-16.133,23.489,4.0538,28.3
0.84453,-0.058068,0.17482,0.50282,-15.968,23.545,4.0087,28.35
0.84484,-0.059976,0.17384,0.50243,-15.799,23.6,3.9627,28.4
0.84491,-0.060066,0.17404,0.50222,-15.632,23.651,3.9152,28.45
0.84508,-0.061433,0.17334,0.50202,-15.464,23.703,3.8685,28.5
0.84517,-0.061202,0.17372,0.50175,-15.294,23.753,3.8195,28.55
0.84556,-0.062758,0.17351,0.50099,-15.125,23.804,3.7702,28.6
0.84599,-0.063509,0.17254,0.5005,-14.95,23.856,3.7206,28.65
0.84589,-0.064583,0.1729,0.5004,-14.777,23.905,3.669,28.7
0.846,-0.064969,0.17194,0.5005,-14.604,23.952,3.6158,28.75
0.84654,-0.066383,0.1715,0.49955,-14.431,23.998,3.5643,28.8
0.84633,-0.067074,0.17148,0.49981,-14.256,24.043,3.5108,28.85
0.84657,-0.067124,0.17083,0.49963,-14.076,24.09,3.4574,28.9
0.84665,-0.068351,0.17114,0.49922,-13.899,24.134,3.4021,28.95
0.84709,-0.069054,0.17,0.49877,-13.722,24.176,3.3461,29
0.84715,-0.070192,0.16978,0.49859,-13.543,24.219,3.2906,29.05
0.84756,-0.070358,0.16953,0.49795,-13.364,24.259,3.2325,29.1
0.84797,-0.071552,0.16864,0.49739,-13.18,24.303,3.1744,29.15
0.84767,-0.071923,0.1691,0.49769,-12.998,24.342,3.1165,29.2
0.84783,-0.072876,0.16792,0.49767,-12.816,24.379,3.0571,29.25
0.8483,-0.07339,0.1677,0.49687,-12.632,24.416,2.9981,29.3
0.84858,-0.074403,0.16767,0.49625,-12.449,24.453,2.9361,29.35
0.84814,-0.075572,0.16728,0.49695,-12.261,24.489,2.8748,29.4
0.84871,-0.075827,0.16738,0.4959,-12.075,24.525,2.8124,29.45
0.84898,-0.076072,0.16654,0.49569,-11.889,24.557,2.7498,29.5
0.84919,-0.077354,0.16585,0.49537,-11.702,24.59,2.686,29.55
0.84956,-0.077552,0.166,0.49465,-11.515,24.622,2.6231,29.6
0.84983,-0.078717,0.16541,0.49419,-11.322,24.655,2.558,29.65
0.84993,-0.07933,0.16503,0.49406,-11.134,24.685,2.4932,29.7
0.85043,-0.080212,0.1644,0.49326,-10.944,24.713,2.4276,29.75
0.85041,-0.081039,0.16421,0.49322,-10.754,24.741,2.3612,29.8
0.85044,-0.081529,0.16453,0.49299,-10.564,24.768,2.2948,29.85
0.85058,-0.082555,0.16336,0.49296,-10.368,24.795,2.2274,29.9
0.85099,-0.083296,0.16321,0.49218,-10.177,24.82,2.1596,29.95
0.85103,-0.084069,0.16318,0.49198,-9.9836,24.843,2.0924,30
0.85124,-0.084649,0.16302,0.49157,-9.7905,24.865,2.0233,30.05
0.8517,-0.084924,0.16233,0.49096,-9.5975,24.887,1.9547,30.1
0.85191,-0.08665,0.16193,0.49044,-9.3998,24.91,1.8862,30.15
0.85203,-0.086843,0.16148,0.49033,-9.2054,24.93,1.8155,30.2
0.85212,-0.087383,0.16125,0.49016,-9.0106,24.948,1.7449,30.25
0.85207,-0.088434,0.16114,0.49009,-8.8152,24.966,1.6747,30.3
0.85252,-0.089034,0.16036,0.48945,-8.6193,24.983,1.6029,30.35
0.85255,-0.090263,0.1598,0.48936,-8.4197,25.001,1.5312,30.4
0.85295,-0.090728,0.1593,0.48873,-8.2235,25.015,1.4602,30.45
0.85314,-0.091723,0.1589,0.48836,-8.026,25.029,1.3877,30.5
0.85332,-0.092622,0.15812,0.48812,-7.829,25.043,1.315,30.55
0.8535,-0.093502,0.15808,0.48765,-7.6312,25.054,1.2434,30.6
0.85353,-0.094119,0.15841,0.48738,-7.4284,25.066,1.17,30.65
0.85397,-0.094404,0.1574,0.48688,-7.2299,25.076,1.098,30.7
0.85391,-0.095539,0.15786,0.48662,-7.0318,25.086,1.0237,30.75
0.85383,-0.096427,0.15746,0.4867,-6.8332,25.093,0.9496,30.8
0.8543,-0.096961,0.15645,0.4861,-6.6345,25.1,0.87609,30.85
0.85423,-0.09805,0.15608,0.48612,-6.4318,25.107,0.80218,30.9
0.85479,-0.098338,0.15597,0.48512,-6.2329,25.112,0.72915,30.95
0.8552,-0.099199,0.15549,0.48436,-6.033,25.115,0.65526,31
0.85479,-0.099745,0.15462,0.48525,-5.8341,25.118,0.57957,31.05
0.85489,-0.10022,0.15462,0.48499,-5.6343,25.12,0.50569,31.1
0.85578,-0.1006,0.15392,0.48356,-5.4301,25.122,0.4303,31.15
0.85546,-0.10235,0.15413,0.48368,-5.2305,25.122,0.35615,31.2
0.85538,-0.10241,0.15366,0.48396,-5.031,25.12,0.28153,31.25
0.85582,-0.1032,0.15316,0.48318,-4.8308,25.118,0.20699,31.3
0.85594,-0.10405,0.15277,0.48292,-4.6308,25.114,0.13181,31.35
0.85604,-0.10552,0.15249,0.4825,-4.4261,25.111,0.055791,31.4
0.85651,-0.10594,0.15228,0.48164,-4.2262,25.106,-0.019108,31.45
0.85706,-0.10716,0.15205,0.48047,-4.0269,25.101,-0.093643,31.5
0.85716,-0.10697,0.15118,0.4806,-3.8267,25.094,-0.16838,31.55
0.85695,-0.10814,0.15134,0.48066,-3.6262,25.085,-0.24338,31.6
0.85716,-0.10929,0.15026,0.48036,-3.4225,25.076,-0.3177,31.65
0.85718,-0.10966,0.15015,0.48027,-3.2232,25.066,-0.39265,31.7
0.85734,-0.10989,0.14968,0.4801,-3.0241,25.054,-0.46729,31.75
0.85771,-0.11037,0.14946,0.47939,-2.8249,25.042,-0.54287,31.8
0.85772,-0.11184,0.14898,0.47917,-2.6256,25.029,-0.61699,31.85
0.8581,-0.11294,0.14871,0.47832,-2.4229,25.015,-0.69027,31.9
0.85781,-0.11339,0.14848,0.47881,-2.2239,24.999,-0.76509,31.95
0.85826,-0.11407,0.14807,0.47798,-2.0253,24.984,-0.83903,32
0.85831,-0.11504,0.14771,0.47776,-1.8275,24.967,-0.91329,32.05
0.8586,-0.11586,0.14786,0.47698,-1.6289,24.949,-0.98657,32.1
0.85891,-0.11644,0.14719,0.47651,-1.4273,24.93,-1.0601,32.15
0.85888,-0.11754,0.14609,0.47662,-1.2292,24.909,-1.132,32.2
0.85917,-0.11825,0.14593,0.47597,-1.0321,24.887,-1.2054,32.25
0.8592,-0.11864,0.14579,0.47587,-0.83614,24.866,-1.2784,32.3
0.85963,-0.11892,0.14534,0.47515,-0.63951,24.843,-1.3504,32.35
0.85995,-0.11987,0.14495,0.47445,-0.44005,24.819,-1.4229,32.4
0.85964,-0.12084,0.14434,0.47496,-0.24518,24.794,-1.4936,32.45
0.85971,-0.1215,0.1443,0.47466,-0.050444,24.768,-1.5662,32.5
0.85995,-0.12288,0.14438,0.47385,0.14417,24.742,-1.6368,32.55
0.86005,-0.12335,0.1437,0.47377,0.33758,24.713,-1.7063,32.6
0.86005,-0.1235,0.1431,0.4739,0.53493,24.685,-1.7765,32.65
0.86048,-0.12474,0.14276,0.4729,0.72848,24.655,-1.8465,32.7
0.86046,-0.12515,0.14257,0.47288,0.92091,24.623,-1.9151,32.75
0.86066,-0.12614,0.14136,0.47262,1.1133,24.591,-1.9841,32.8
0.86133,-0.12653,0.14132,0.47131,1.3044,24.557,-2.0519,32.85
0.86105,-0.12731,0.14133,0.4716,1.4986,24.523,-2.1211,32.9
0.86129,-0.12855,0.14073,0.47101,1.6884,24.489,-2.1876,32.95
0.86149,-0.12875,0.14034,0.47071,1.8782,24.453,-2.2547,33
0.86136,-0.13045,0.14007,0.47056,2.067,24.417,-2.3208,33.05
0.86178,-0.12999,0.14004,0.46992,2.2552,24.38,-2.3876,33.1
0.8619,-0.13108,0.13896,0.46973,2.4465,24.341,-2.453,33.15
0.86188,-0.13191,0.13881,0.46957,2.6334,24.301,-2.5178,33.2
0.86253,-0.13245,0.13852,0.4683,2.8197,24.262,-2.5824,33.25
0.86261,-0.13329,0.13812,0.46804,3.0055,24.22,-2.6447,33.3
0.86255,-0.13395,0.13747,0.46816,3.1895,24.178,-2.7082,33.35
0.86262,-0.13464,0.13766,0.46777,3.3778,24.133,-2.7716,33.4
0.86284,-0.13578,0.13709,0.46719,3.5606,24.089,-2.8322,33.45
0.86293,-0.13611,0.13689,0.46699,3.7428,24.046,-2.8942,33.5
0.86311,-0.1375,0.1361,0.4665,3.9244,24,-2.9547,33.55
0.86318,-0.13764,0.1357,0.46643,4.1046,23.952,-3.0143,33.6
0.86341,-0.13873,0.13534,0.46579,4.2885,23.904,-3.0721,33.65
0.8635,-0.13933,0.13439,0.46572,4.4672,23.856,-3.1316,33.7
0.86359,-0.14032,0.1351,0.46504,4.6448,23.807,-3.1894,33.75
0.86375,-0.14071,0.13483,0.46471,4.8215,23.756,-3.2457,33.8
0.86373,-0.1417,0.13433,0.46459,4.9983,23.705,-3.3022,33.85
0.86403,-0.14217,0.13367,0.46408,5.1767,23.654,-3.3581,33.9
0.86444,-0.14301,0.13329,0.46316,5.351,23.6,-3.412,33.95
0.86419,-0.14405,0.13255,0.46353,5.5236,23.545,-3.4656,34
0.86447,-0.14471,0.13243,0.46282,5.6957,23.491,-3.5187,34.05
0.86456,-0.145,0.13163,0.46281,5.8664,23.436,-3.5714,34.1
0.86488,-0.1459,0.13152,0.46196,6.0397,23.38,-3.6238,34.15
0.86495,-0.14644,0.13142,0.46169,6.2089,23.323,-3.6748,34.2
0.86485,-0.14779,0.13106,0.46154,6.3768,23.264,-3.7241,34.25
0.86512,-0.14794,0.13157,0.46085,6.5442,23.206,-3.773,34.3
0.86509,-0.14904,0.13066,0.4608,6.7096,23.146,-3.8219,34.35
0.86543,-0.14923,0.13069,0.46009,6.8772,23.084,-3.8681,34.4
0.86542,-0.15047,0.12964,0.46,7.0398,23.023,-3.9144,34.45
0.86543,-0.15086,0.12954,0.45988,7.2019,22.962,-3.9616,34.5
0.86584,-0.15215,0.12892,0.45886,7.3631,22.898,-4.006,34.55
0.86605,-0.15279,0.12865,0.45832,7.5233,22.836,-4.0502,34.6
0.86597,-0.15353,0.12821,0.45835,7.6856,22.771,-4.093,34.65
0.8661,-0.15448,0.1273,0.45804,7.8431,22.705,-4.1341,34.7
0.86627,-0.15495,0.12724,0.45758,7.9987,22.639,-4.1745,34.75
0.86636,-0.1556,0.12655,0.45738,8.1534,22.573,-4.2155,34.8
0.86647,-0.15619,0.12641,0.457,8.307,22.505,-4.2532,34.85
0.86624,-0.15795,0.12666,0.45677,8.463,22.435,-4.292,34.9
0.86663,-0.15832,0.12612,0.45604,8.6145,22.367,-4.3299,34.95
0.86677,-0.15883,0.12567,0.45573,8.7633,22.297,-4.3656,35
0.86688,-0.15935,0.12455,0.45565,8.9122,22.228,-4.4007,35.05
0.86699,-0.16002,0.12476,0.45514,9.0584,22.157,-4.4344,35.1
0.86724,-0.16061,0.12457,0.4545,9.2077,22.083,-4.4671,35.15
0.86727,-0.16126,0.12395,0.45439,9.3522,22.012,-4.5005,35.2
0.86769,-0.16243,0.12372,0.45323,9.4947,21.938,-4.5305,35.25
0.86767,-0.16321,0.12266,0.45327,9.6355,21.865,-4.5606,35.3
0.8676,-0.1641,0.12293,0.45302,9.7753,21.791,-4.5902,35.35
0.86747,-0.16494,0.12269,0.45304,9.9175,21.714,-4.6176,35.4
0.868,-0.16553,0.12168,0.45208,10.055,21.638,-4.6449,35.45
0.86796,-0.16632,0.12095,0.45206,10.191,21.561,-4.6706,35.5
0.86811,-0.16729,0.12099,0.4514,10.325,21.484,-4.695,35.55
0.86837,-0.16768,0.12085,0.45078,10.457,21.406,-4.7184,35.6
0.86823,-0.16837,0.12066,0.45085,10.592,21.325,-4.7423,35.65
0.86853,-0.16884,0.12021,0.45021,10.721,21.246,-4.7644,35.7
0.86882,-0.16969,0.11998,0.4494,10.849,21.168,-4.785,35.75
0.86862,-0.17105,0.11914,0.4495,10.975,21.088,-4.8038,35.8
0.86865,-0.17143,0.11894,0.44935,11.101,21.007,-4.8226,35.85
0.86889,-0.17222,0.11833,0.44874,11.227,20.923,-4.8389,35.9
0.86894,-0.17266,0.1184,0.44846,11.349,20.841,-4.8565,35.95
0.86937,-0.17387,0.11708,0.4475,11.47,20.759,-4.8712,36
0.86934,-0.17474,0.11761,0.44709,11.589,20.676,-4.8856,36.05
0.86889,-0.17563,0.11743,0.44766,11.706,20.593,-4.8978,36.1
0.86926,-0.17584,0.11648,0.44711,11.824,20.506,-4.9103,36.15
0.86975,-0.17681,0.11644,0.44577,11.937,20.422,-4.9206,36.2
0.86973,-0.17722,0.11569,0.44585,12.049,20.336,-4.9306,36.25
0.86982,-0.17758,0.11542,0.4456,12.159,20.25,-4.9387,36.3
0.87001,-0.17873,0.115,0.44488,12.268,20.164,-4.9455,36.35
0.86996,-0.17949,0.11444,0.4448,12.378,20.076,-4.9528,36.4
0.87005,-0.18032,0.11463,0.44425,12.483,19.989,-4.9582,36.45
0.87041,-0.18051,0.11364,0.44373,12.587,19.901,-4.9616,36.5
0.8703,-0.18171,0.1138,0.4434,12.689,19.813,-4.9649,36.55
0.87026,-0.18227,0.11318,0.44341,12.789,19.723,-4.9669,36.6
0.87051,-0.18308,0.11234,0.4428,12.891,19.632,-4.9668,36.65
0.8704,-0.18386,0.11169,0.44286,12.988,19.542,-4.967,36.7
0.87082,-0.18465,0.11158,0.44174,13.083,19.452,-4.9652,36.75
0.87104,-0.1851,0.11153,0.44112,13.177,19.361,-4.9614,36.8
0.87067,-0.18666,0.11111,0.4413,13.268,19.271,-4.9582,36.85
0.87104,-0.18675,0.11071,0.44064,13.361,19.177,-4.9538,36.9
0.87093,-0.18847,0.11064,0.44013,13.448,19.086,-4.9468,36.95
0.87115,-0.1882,0.10992,0.44,13.534,18.993,-4.9405,37
0.87131,-0.18969,0.10979,0.43907,13.617,18.901,-4.9322,37.05
0.87157,-0.18904,0.10941,0.43892,13.699,18.808,-4.9221,37.1
0.87107,-0.19118,0.1096,0.43895,13.783,18.712,-4.9118,37.15
0.87116,-0.19128,0.10826,0.43905,13.862,18.619,-4.9002,37.2
0.87158,-0.19164,0.10829,0.43805,13.938,18.524,-4.8878,37.25
0.87183,-0.19216,0.10789,0.43743,14.014,18.43,-4.8731,37.3
0.87167,-0.19285,0.10747,0.43755,14.088,18.336,-4.8588,37.35
0.8716,-0.19403,0.10715,0.43724,14.162,18.238,-4.842,37.4
0.87196,-0.19498,0.10651,0.43625,14.231,18.143,-4.8254,37.45
0.87196,-0.19591,0.10626,0.4359,14.299,18.047,-4.8072,37.5
0.87207,-0.19583,0.10572,0.43585,14.364,17.95,-4.7871,37.55
0.87217,-0.1974,0.10561,0.43497,14.428,17.854,-4.7668,37.6
0.87182,-0.19789,0.10586,0.43538,14.493,17.755,-4.7456,37.65
0.87204,-0.19868,0.1051,0.43477,14.552,17.659,-4.7226,37.7
0.87251,-0.1992,0.10413,0.43382,14.61,17.562,-4.699,37.75
0.87222,-0.20042,0.10368,0.43394,14.666,17.466,-4.6739,37.8
0.87276,-0.20034,0.10375,0.43287,14.72,17.367,-4.649,37.85
0.87254,-0.20148,0.10292,0.43301,14.775,17.267,-4.6212,37.9
0.87262,-0.20258,0.10358,0.43217,14.825,17.169,-4.5929,37.95
0.873,-0.20297,0.10239,0.4315,14.874,17.071,-4.5642,38
0.873,-0.20313,0.10201,0.43152,14.92,16.973,-4.5343,38.05
0.87306,-0.20448,0.10222,0.43071,14.965,16.875,-4.5045,38.1
0.87324,-0.20472,0.10116,0.43048,15.01,16.774,-4.4705,38.15
0.87304,-0.20595,0.10113,0.4303,15.05,16.675,-4.4377,38.2
0.87314,-0.2066,0.10123,0.42975,15.089,16.576,-4.4041,38.25
0.87319,-0.20803,0.10036,0.42917,15.124,16.476,-4.3686,38.3
0.87338,-0.20844,0.099301,0.42882,15.159,16.376,-4.3328,38.35
0.87334,-0.20876,0.099385,0.42875,15.195,16.274,-4.2954,38.4
0.8735,-0.20964,0.098964,0.42808,15.226,16.175,-4.2572,38.45
0.87376,-0.21004,0.098506,0.42746,15.255,16.075,-4.2183,38.5
0.87341,-0.21153,0.097626,0.42764,15.283,15.975,-4.1779,38.55
0.87348,-0.21189,0.097521,0.42736,15.307,15.875,-4.1376,38.6
0.87368,-0.21279,0.097322,0.42653,15.332,15.773,-4.0952,38.65
0.87379,-0.21339,0.096805,0.42612,15.353,15.673,-4.0527,38.7
0.87384,-0.21393,0.096749,0.42577,15.372,15.573,-4.0091,38.75
0.8739,-0.21478,0.095718,0.42545,15.388,15.473,-3.9642,38.8
0.87409,-0.21489,0.095819,0.42497,15.403,15.373,-3.9192,38.85
0.87398,-0.21596,0.095465,0.42475,15.418,15.27,-3.8728,38.9
0.87415,-0.21669,0.094875,0.42415,15.429,15.171,-3.826,38.95
0.87419,-0.21767,0.094952,0.42354,15.438,15.07,-3.777,39
0.87436,-0.21777,0.094478,0.42325,15.444,14.971,-3.7286,39.05
0.8742,-0.21925,0.093965,0.42293,15.449,14.87,-3.6781,39.1
0.87447,-0.22006,0.09333,0.4221,15.454,14.767,-3.6279,39.15
0.87452,-0.22047,0.093125,0.42183,15.455,14.667,-3.5764,39.2
0.87457,-0.22093,0.092223,0.42167,15.454,14.568,-3.5245,39.25
0.87445,-0.22224,0.092609,0.42115,15.451,14.467,-3.4711,39.3
0.87455,-0.22268,0.092229,0.42079,15.445,14.367,-3.4174,39.35
0.87449,-0.2236,0.091338,0.42064,15.44,14.265,-3.3626,39.4
0.87464,-0.22416,0.091234,0.42003,15.431,14.166,-3.3072,39.45
0.87488,-0.22473,0.090309,0.41943,15.42,14.066,-3.2508,39.5
0.87465,-0.22577,0.090443,0.41932,15.406,13.967,-3.1937,39.55
0.87482,-0.22625,0.090341,0.41874,15.391,13.867,-3.1362,39.6
0.87499,-0.22709,0.089599,0.41809,15.375,13.765,-3.0779,39.65
0.87497,-0.22763,0.0895,0.41785,15.357,13.665,-3.0192,39.7
0.87515,-0.22845,0.088452,0.41725,15.336,13.566,-2.9599,39.75
0.87521,-0.22894,0.088428,0.41686,15.312,13.468,-2.8991,39.8
0.87531,-0.22981,0.08818,0.41623,15.287,13.369,-2.8383,39.85
0.8752,-0.23056,0.087857,0.41611,15.262,13.268,-2.7754,39.9
0.87521,-0.23156,0.087559,0.4156,15.233,13.17,-2.7142,39.95
0.87535,-0.23228,0.086841,0.41504,15.202,13.072,-2.651,40
0.87528,-0.23272,0.086742,0.41497,15.169,12.973,-2.5876,40.05
0.87533,-0.2336,0.085859,0.41456,15.134,12.877,-2.5229,40.1
0.87541,-0.23449,0.086209,0.41381,15.099,12.776,-2.4576,40.15
0.87543,-0.23479,0.085555,0.41374,15.06,12.679,-2.3926,40.2
0.87538,-0.23565,0.085166,0.41342,15.019,12.582,-2.3266,40.25
0.87549,-0.23665,0.084536,0.41275,14.976,12.485,-2.261,40.3
0.87515,-0.23767,0.084333,0.41293,14.931,12.389,-2.194,40.35
0.87553,-0.23805,0.08355,0.41207,14.886,12.29,-2.1264,40.4
0.87557,-0.23886,0.083398,0.41155,14.837,12.194,-2.0583,40.45
0.87564,-0.23934,0.083084,0.41117,14.787,12.099,-1.9904,40.5
0.87566,-0.23997,0.082987,0.41079,14.733,12.003,-1.9217,40.55
0.87571,-0.241,0.082079,0.41026,14.679,11.908,-1.8528,40.6
0.87581,-0.24141,0.081678,0.40988,14.624,11.811,-1.7822,40.65
0.87578,-0.24233,0.081349,0.40947,14.566,11.717,-1.7128,40.7
0.87576,-0.24326,0.081379,0.40895,14.506,11.623,-1.6424,40.75
0.87567,-0.24426,0.080207,0.40879,14.443,11.529,-1.5719,40.8
0.87588,-0.24458,0.08063,0.40805,14.379,11.436,-1.5001,40.85
0.87598,-0.24509,0.080148,0.40764,14.315,11.341,-1.428,40.9
0.87598,-0.24555,0.079554,0.40748,14.246,11.248,-1.3565,40.95
0.87594,-0.24661,0.079406,0.40694,14.177,11.156,-1.2847,41
0.87615,-0.24743,0.078918,0.40609,14.105,11.065,-1.2122,41.05
0.8761,-0.24817,0.078397,0.40586,14.031,10.974,-1.1392,41.1
0.87598,-0.24907,0.078119,0.40562,13.958,10.88,-1.0667,41.15
0.87607,-0.24964,0.078096,0.40507,13.881,10.79,-0.99359,41.2
0.87607,-0.25015,0.077095,0.40495,13.802,10.7,-0.9192,41.25
0.87604,-0.25096,0.077102,0.40451,13.721,10.61,-0.84539,41.3
0.87594,-0.25182,0.07667,0.40427,13.638,10.521,-0.77181,41.35
0.87622,-0.25246,0.075932,0.40342,13.555,10.431,-0.6975,41.4
0.87612,-0.2532,0.076128,0.40314,13.469,10.342,-0.62342,41.45
0.87642,-0.25371,0.075146,0.40233,13.381,10.254,-0.54919,41.5
0.87661,-0.25438,0.07443,0.40163,13.291,10.168,-0.4746,41.55
0.87621,-0.25553,0.074603,0.40173,13.199,10.08,-0.40041,41.6
0.87621,-0.25621,0.074171,0.40138,13.107,9.9921,-0.32528,41.65
0.87622,-0.25704,0.073964,0.40087,13.012,9.9063,-0.25037,41.7
0.87633,-0.25744,0.073203,0.40052,12.914,9.8219,-0.17519,41.75
0.8763,-0.25828,0.073177,0.40005,12.816,9.7373,-0.10037,41.8
0.87642,-0.25916,0.072778,0.39929,12.715,9.6527,-0.024855,41.85
0.87624,-0.26031,0.072283,0.39903,12.614,9.5666,0.050216,41.9
0.87653,-0.26036,0.071928,0.39841,12.51,9.485,0.12396,41.95
0.87644,-0.26124,0.07106,0.3982,12.404,9.4019,0.19917,42
0.87654,-0.26193,0.071046,0.39752,12.297,9.3202,0.2747,42.05
0.87671,-0.26209,0.070564,0.39712,12.188,9.2388,0.34889,42.1
0.87648,-0.26326,0.070398,0.39688,12.079,9.1567,0.42312,42.15
0.87652,-0.26388,0.069773,0.3965,11.966,9.0761,0.49843,42.2
0.87659,-0.26443,0.069528,0.39601,11.852,8.9967,0.57299,42.25
0.87664,-0.26546,0.068567,0.39539,11.736,8.9181,0.64781,42.3
0.87659,-0.26591,0.068876,0.39515,11.619,8.8399,0.72221,42.35
0.87654,-0.2672,0.068237,0.3945,11.502,8.7607,0.79615,42.4
0.87634,-0.2677,0.068064,0.39463,11.381,8.684,0.87049,42.45
0.87661,-0.26803,0.067492,0.39391,11.258,8.6078,0.94455,42.5
0.87669,-0.26893,0.067264,0.39315,11.135,8.532,1.0179,42.55
0.87641,-0.26962,0.066879,0.39336,11.01,8.457,1.0912,42.6
0.87642,-0.27081,0.066563,0.39257,10.884,8.3808,1.1643,42.65
0.87667,-0.27113,0.066152,0.39188,10.756,8.3077,1.2373,42.7
0.87677,-0.27143,0.065558,0.39154,10.626,8.2349,1.3104,42.75
0.87666,-0.27251,0.064948,0.39115,10.494,8.1635,1.3825,42.8
0.8766,-0.27343,0.064964,0.39063,10.362,8.0913,1.4542,42.85
0.87657,-0.27393,0.064502,0.39042,10.229,8.0189,1.5257,42.9
0.87646,-0.27483,0.063737,0.39017,10.093,7.9485,1.5966,42.95
0.87653,-0.27553,0.063745,0.3895,9.9555,7.8788,1.6679,43
0.87669,-0.27634,0.063065,0.38867,9.816,7.8104,1.7389,43.05
0.87691,-0.27635,0.062897,0.38821,9.6757,7.7426,1.8095,43.1
0.8766,-0.27801,0.06254,0.38779,9.5355,7.6742,1.8794,43.15
0.87666,-0.27816,0.061609,0.38768,9.3925,7.6082,1.9487,43.2
0.87661,-0.27904,0.061851,0.38713,9.2475,7.5421,2.0176,43.25
0.87667,-0.2796,0.061462,0.38666,9.1014,7.4779,2.0867,43.3
0.87655,-0.28038,0.06126,0.38639,8.9548,7.4143,2.1542,43.35
0.8766,-0.28093,0.06064,0.38598,8.8068,7.3488,2.2224,43.4
0.87665,-0.28194,0.060478,0.38515,8.6572,7.2861,2.2892,43.45
0.8766,-0.28216,0.060144,0.38515,8.5069,7.225,2.3555,43.5
0.87666,-0.28344,0.059541,0.38417,8.3541,7.1639,2.4225,43.55
0.87666,-0.28417,0.05919,0.38368,8.2007,7.1035,2.4873,43.6
0.87644,-0.28482,0.058908,0.38374,8.0463,7.0426,2.5523,43.65
0.8764,-0.28559,0.057943,0.38341,7.8904,6.9846,2.6168,43.7
0.87661,-0.28592,0.058237,0.38263,7.7327,6.927,2.6805,43.75
0.87648,-0.28665,0.057395,0.38251,7.5734,6.8701,2.7438,43.8
0.87674,-0.28736,0.057267,0.3814,7.4139,6.8145,2.8072,43.85
0.8765,-0.28808,0.056899,0.38148,7.2538,6.7579,2.8686,43.9
0.87647,-0.28874,0.056352,0.38113,7.0911,6.7036,2.9305,43.95
0.87648,-0.28963,0.055929,0.38047,6.9273,6.6507,2.9906,44
0.87631,-0.29055,0.055484,0.38023,6.7625,6.5975,3.051,44.05
0.87656,-0.29098,0.055122,0.37938,6.5966,6.5455,3.1107,44.1
0.87644,-0.29175,0.054618,0.37915,6.4312,6.4932,3.1697,44.15
0.87633,-0.29251,0.054099,0.37889,6.263,6.4434,3.2274,44.2
0.87625,-0.29333,0.054125,0.37844,6.0943,6.395,3.2843,44.25
0.87653,-0.29414,0.053496,0.37724,5.924,6.3468,3.3409,44.3
0.87627,-0.29446,0.053286,0.37763,5.7536,6.2992,3.3967,44.35
0.87627,-0.29559,0.053115,0.37677,5.5823,6.2515,3.4515,44.4
0.87648,-0.29576,0.052251,0.37627,5.4092,6.2059,3.5064,44.45
0.87644,-0.29665,0.051703,0.37572,5.2338,6.1616,3.5606,44.5
0.87631,-0.29736,0.051543,0.37549,5.0589,6.1181,3.6131,44.55
0.87628,-0.29807,0.051425,0.37502,4.8832,6.0749,3.6648,44.6
0.8764,-0.29888,0.050632,0.37421,4.7066,6.0315,3.7161,44.65
0.87645,-0.29969,0.050056,0.37352,4.5292,5.9904,3.7658,44.7
0.87615,-0.30032,0.05023,0.3737,4.35,5.9509,3.8158,44.75
0.87637,-0.3003,0.049921,0.37323,4.1705,5.9115,3.864,44.8
0.87625,-0.30156,0.049354,0.37257,3.9899,5.8733,3.9116,44.85
0.87595,-0.30261,0.048655,0.37253,3.809,5.8358,3.9586,44.9
0.87613,-0.30307,0.048276,0.37178,3.6265,5.7996,4.0047,44.95
0.87602,-0.30386,0.048304,0.37138,3.4435,5.7639,4.0495,45
0.87616,-0.30431,0.047383,0.3708,3.2597,5.7286,4.0933,45.05
0.87597,-0.30525,0.047016,0.37053,3.0757,5.6952,4.1367,45.1
0.8759,-0.3059,0.046926,0.37016,2.8904,5.6624,4.1792,45.15
0.87598,-0.30643,0.046303,0.36962,2.7039,5.6314,4.2209,45.2
0.87613,-0.30712,0.04601,0.36871,2.5167,5.6006,4.2606,45.25
0.87587,-0.30812,0.045345,0.36859,2.3295,5.5708,4.2998,45.3
0.87604,-0.30854,0.045473,0.36783,2.1417,5.5423,4.3388,45.35
0.87576,-0.30932,0.044856,0.36791,1.9531,5.5141,4.3769,45.4
0.87565,-0.31032,0.044571,0.36736,1.7633,5.4869,4.4131,45.45
0.87574,-0.31122,0.044159,0.36643,1.574,5.4609,4.4489,45.5
0.8757,-0.31157,0.043988,0.36626,1.383,5.4363,4.4833,45.55
0.87571,-0.31201,0.043566,0.3659,1.1918,5.4123,4.517,45.6
0.87554,-0.31292,0.042805,0.36562,1.0001,5.3894,4.5493,45.65
0.87561,-0.31341,0.04259,0.36505,0.80783,5.3679,4.5805,45.7
0.87553,-0.31451,0.041905,0.36439,0.61455,5.3466,4.6116,45.75
0.87547,-0.31518,0.041761,0.36397,0.42111,5.327,4.6413,45.8
0.8754,-0.31575,0.041578,0.36367,0.22651,5.3075,4.6696,45.85
0.87541,-0.31659,0.040813,0.363,0.032507,5.2894,4.6972,45.9
0.87549,-0.3172,0.040544,0.36229,-0.16256,5.2726,4.7237,45.95
0.87541,-0.31785,0.040467,0.36193,-0.35781,5.2574,4.7482,46
0.87545,-0.31822,0.040085,0.36156,-0.55342,5.2422,4.7731,46.05
0.8753,-0.3195,0.039979,0.36079,-0.7498,5.2277,4.7961,46.1
0.87546,-0.31963,0.038715,0.36043,-0.94558,5.2151,4.8182,46.15
0.87523,-0.32033,0.039062,0.36034,-1.1425,5.2032,4.8393,46.2
0.87505,-0.32163,0.038521,0.35967,-1.3399,5.1922,4.8595,46.25
0.87512,-0.32176,0.038085,0.35942,-1.5372,5.183,4.879,46.3
0.87516,-0.32267,0.037579,0.35857,-1.7353,5.1735,4.8969,46.35
0.87531,-0.32305,0.037198,0.35789,-1.933,5.1655,4.9135,46.4
0.87507,-0.32396,0.036962,0.35768,-2.1313,5.158,4.9285,46.45
0.87489,-0.32475,0.036503,0.35745,-2.33,5.1528,4.9429,46.5
0.87483,-0.32553,0.03636,0.3569,-2.5285,5.1479,4.9562,46.55
0.8748,-0.32611,0.035594,0.35653,-2.7273,5.1439,4.9683,46.6
0.87488,-0.3265,0.035348,0.356,-2.9258,5.1412,4.9797,46.65
0.87447,-0.32774,0.03457,0.35593,-3.1247,5.1402,4.9897,46.7
0.8747,-0.32798,0.034506,0.35515,-3.3246,5.1392,4.9987,46.75
0.87469,-0.32864,0.033832,0.35464,-3.5243,5.1391,5.0068,46.8
0.87452,-0.32974,0.033786,0.35404,-3.7238,5.1403,5.0134,46.85
0.87424,-0.33075,0.033198,0.35384,-3.9232,5.1427,5.02,46.9
0.87452,-0.33096,0.033585,0.35292,-4.1228,5.1459,5.0239,46.95
0.87436,-0.33187,0.032431,0.35257,-4.3231,5.1503,5.0267,47
0.87459,-0.33191,0.032177,0.35198,-4.5235,5.1551,5.029,47.05
0.87438,-0.33306,0.031834,0.35146,-4.7228,5.1608,5.03,47.1
0.87408,-0.33405,0.031439,0.35131,-4.9217,5.1683,5.0295,47.15
0.87391,-0.3345,0.031252,0.35131,-5.1214,5.177,5.0289,47.2
0.87372,-0.33517,0.030718,0.35119,-5.3217,5.1867,5.0263,47.25
0.87386,-0.33571,0.030486,0.35033,-5.5212,5.1965,5.0239,47.3
0.87368,-0.33707,0.030212,0.34951,-5.7206,5.2068,5.0191,47.35
0.8739,-0.33665,0.029659,0.3494,-5.9196,5.2203,5.013,47.4
0.87392,-0.33789,0.028622,0.34824,-6.1191,5.2333,5.0065,47.45
0.87375,-0.33856,0.028903,0.34799,-6.3178,5.2472,4.9989,47.5
0.87395,-0.3392,0.028026,0.34694,-6.5166,5.2631,4.9899,47.55
0.87372,-0.34015,0.027555,0.34664,-6.7156,5.2792,4.98,47.6
0.87349,-0.34067,0.027544,0.3467,-6.9132,5.2972,4.9686,47.65
0.87344,-0.34133,0.027238,0.34618,-7.1117,5.3152,4.9558,47.7
0.87326,-0.34258,0.02632,0.34549,-7.3098,5.3349,4.9422,47.75
0.87332,-0.34267,0.026411,0.34524,-7.5076,5.3554,4.9281,47.8
0.87342,-0.34328,0.02616,0.3444,-7.7046,5.3762,4.9114,47.85
0.87304,-0.34399,0.024901,0.34474,-7.9006,5.3994,4.8953,47.9
0.8731,-0.34488,0.025343,0.34367,-8.0971,5.4227,4.8775,47.95
0.87296,-0.34538,0.02471,0.34358,-8.2934,5.4461,4.8586,48
0.87289,-0.34586,0.024047,0.34333,-8.4898,5.4708,4.8385,48.05
0.87288,-0.34665,0.02372,0.34258,-8.6856,5.4969,4.8177,48.1
0.87284,-0.34751,0.022961,0.34185,-8.8791,5.5258,4.7947,48.15
0.87276,-0.34831,0.023525,0.34119,-9.0744,5.5539,4.772,48.2
0.87272,-0.34875,0.022729,0.3409,-9.269,5.5833,4.748,48.25
0.87256,-0.34957,0.022185,0.34052,-9.4619,5.6131,4.7227,48.3
0.87271,-0.35003,0.022087,0.33967,-9.6557,5.6442,4.6962,48.35
0.87247,-0.35056,0.0221,0.33972,-9.848,5.6769,4.669,48.4
0.87218,-0.35183,0.020923,0.33923,-10.04,5.7095,4.6401,48.45
0.87231,-0.35214,0.020424,0.33861,-10.231,5.7431,4.6106,48.5
0.87212,-0.35297,0.020646,0.33822,-10.422,5.7783,4.5796,48.55
0.87203,-0.3538,0.019838,0.33763,-10.612,5.8138,4.5486,48.6
0.87192,-0.35477,0.019706,0.3369,-10.802,5.8516,4.5154,48.65
0.87206,-0.35488,0.019411,0.33645,-10.99,5.8893,4.4818,48.7
0.87179,-0.35549,0.018554,0.33656,-11.18,5.9278,4.4473,48.75
0.87177,-0.35622,0.018228,0.33585,-11.368,5.9679,4.4108,48.8
0.87153,-0.35707,0.018427,0.33555,-11.556,6.0077,4.3747,48.85
0.87164,-0.35768,0.017599,0.33466,-11.74,6.0507,4.338,48.9
0.87147,-0.35876,0.017325,0.33396,-11.926,6.0929,4.299,48.95
0.87124,-0.35893,0.016712,0.33442,-12.11,6.1358,4.2597,49
0.87104,-0.36003,0.016072,0.33379,-12.296,6.1803,4.2185,49.05
0.87128,-0.36038,0.016194,0.33278,-12.479,6.2248,4.1768,49.1
0.87102,-0.36126,0.015173,0.33255,-12.66,6.2731,4.1341,49.15
0.87087,-0.36216,0.015214,0.33196,-12.842,6.3192,4.0909,49.2
0.87105,-0.36214,0.01537,0.33149,-13.023,6.3664,4.0463,49.25
0.87092,-0.36316,0.014463,0.33076,-13.203,6.4147,4.0025,49.3
0.87078,-0.36385,0.013589,0.33042,-13.383,6.4635,3.9564,49.35
0.87049,-0.36455,0.013455,0.3304,-13.56,6.516,3.9088,49.4
0.87059,-0.36516,0.013854,0.32946,-13.737,6.5679,3.8615,49.45
0.87056,-0.36559,0.013539,0.32906,-13.913,6.6195,3.8134,49.5
0.87047,-0.36628,0.013092,0.32856,-14.09,6.6719,3.764,49.55
0.87017,-0.36752,0.012375,0.32801,-14.264,6.7256,3.7131,49.6
0.8703,-0.36776,0.011753,0.32741,-14.437,6.7829,3.6617,49.65
0.86983,-0.36873,0.011163,0.32758,-14.61,6.8382,3.6097,49.7
0.87009,-0.36925,0.011446,0.32629,-14.781,6.8937,3.5571,49.75
0.86986,-0.36993,0.010791,0.32615,-14.951,6.9509,3.5033,49.8
0.86961,-0.37115,0.010714,0.32543,-15.12,7.0083,3.4495,49.85
0.86984,-0.3713,0.0096343,0.32468,-15.287,7.0697,3.3951,49.9
0.86957,-0.37182,0.0093128,0.32483,-15.454,7.1289,3.3395,49.95
0.86923,-0.37303,0.0088942,0.32435,-15.62,7.1894,3.2825,50
0.86935,-0.37315,0.008923,0.32391,-15.786,7.2506,3.2248,50.05
0.8691,-0.37441,0.0080313,0.32315,-15.951,7.3131,3.1668,50.1
0.86899,-0.37479,0.0078159,0.32298,-16.112,7.378,3.1081,50.15
0.86914,-0.37537,0.0070221,0.32194,-16.274,7.4411,3.0486,50.2
0.86916,-0.376,0.0067619,0.32116,-16.434,7.5051,2.9881,50.25
0.86877,-0.37691,0.0065225,0.32114,-16.593,7.5706,2.9273,50.3
0.86871,-0.37716,0.0064469,0.321,-16.752,7.6364,2.8654,50.35
0.86873,-0.37809,0.0063691,0.31986,-16.907,7.7054,2.8038,50.4
0.86831,-0.37873,0.0057942,0.32027,-17.063,7.7729,2.7411,50.45
0.86816,-0.37961,0.0050812,0.31965,-17.216,7.8408,2.6775,50.5
0.86821,-0.38017,0.0045806,0.31884,-17.369,7.9092,2.614,50.55
0.86844,-0.38012,0.004274,0.31828,-17.521,7.9789,2.5492,50.6
0.86822,-0.38115,0.0037481,0.31765,-17.67,8.0518,2.4838,50.65
0.8679,-0.38192,0.0031431,0.3176,-17.82,8.1225,2.4182,50.7
0.86798,-0.38297,0.0033231,0.31611,-17.968,8.1945,2.3521,50.75
0.86774,-0.38346,0.0025903,0.31618,-18.114,8.2668,2.2861,50.8
0.86762,-0.3839,0.0026177,0.31598,-18.258,8.3397,2.2188,50.85
0.86747,-0.38467,0.0019379,0.31545,-18.401,8.4165,2.1508,50.9
0.86708,-0.38576,0.0011659,0.31523,-18.544,8.4908,2.0825,50.95
0.86715,-0.38633,0.0012788,0.31433,-18.684,8.5655,2.0142,51
0.86709,-0.38712,0.00080987,0.31351,-18.822,8.6413,1.9457,51.05
0.86706,-0.38748,0.00044612,0.31315,-18.961,8.718,1.876,51.1
0.86686,-0.38819,-2.0511e-05,0.31282,-19.097,8.7989,1.806,51.15
0.86673,-0.38892,-0.00046048,0.31228,-19.232,8.8756,1.7369,51.2
0.86648,-0.38936,-0.00045345,0.31242,-19.365,8.954,1.6647,51.25
0.86647,-0.39025,-0.0011363,0.31133,-19.497,9.0328,1.5937,51.3
0.86613,-0.39102,-0.0018237,0.31132,-19.627,9.1126,1.5222,51.35
0.86587,-0.39231,-0.0022486,0.31042,-19.754,9.1959,1.4503,51.4
0.86617,-0.39198,-0.0023543,0.30999,-19.882,9.2768,1.3787,51.45
0.86596,-0.39297,-0.0028033,0.30933,-20.009,9.3581,1.3064,51.5
0.86625,-0.39303,-0.0036958,0.3084,-20.133,9.4403,1.234,51.55
0.86568,-0.39451,-0.003607,0.30812,-20.255,9.5226,1.16,51.6
0.86557,-0.39493,-0.0035597,0.30791,-20.375,9.6083,1.0874,51.65
0.86551,-0.39559,-0.0037223,0.30724,-20.496,9.6922,1.0143,51.7
0.8655,-0.39614,-0.0054452,0.30653,-20.613,9.7756,0.94162,51.75
0.86525,-0.39675,-0.004917,0.30644,-20.73,9.8609,0.8664,51.8
0.86506,-0.39767,-0.0049906,0.30578,-20.844,9.9468,0.79142,51.85
0.86492,-0.39814,-0.0057653,0.30555,-20.955,10.036,0.71765,51.9
0.86503,-0.39877,-0.0061798,0.30443,-21.066,10.122,0.64358,51.95
0.86447,-0.39978,-0.0066508,0.30467,-21.176,10.209,0.56926,52
0.86447,-0.4003,-0.0070591,0.30398,-21.284,10.297,0.49459,52.05
0.86441,-0.4007,-0.0076117,0.3036,-21.391,10.384,0.42038,52.1
0.86418,-0.40166,-0.0075125,0.30299,-21.494,10.475,0.34468,52.15
0.86434,-0.40202,-0.0076813,0.30205,-21.596,10.564,0.27028,52.2
0.8639,-0.40319,-0.0085862,0.30171,-21.698,10.654,0.19582,52.25
0.86405,-0.40321,-0.008579,0.30126,-21.798,10.744,0.12085,52.3
0.86406,-0.40374,-0.0093203,0.30052,-21.896,10.833,0.045863,52.35
0.86343,-0.40507,-0.010227,0.3005,-21.99,10.928,-0.028032,52.4
0.8635,-0.40533,-0.010085,0.29994,-22.083,11.018,-0.10377,52.45
0.86321,-0.40611,-0.010783,0.2997,-22.176,11.11,-0.17889,52.5
0.86307,-0.40694,-0.011258,0.29897,-22.267,11.202,-0.25411,52.55
0.86301,-0.40732,-0.011436,0.29862,-22.356,11.294,-0.32901,52.6
0.86264,-0.40876,-0.011859,0.29771,-22.441,11.391,-0.40342,52.65
0.863,-0.40852,-0.011573,0.29699,-22.526,11.483,-0.47866,52.7
0.86247,-0.40982,-0.012664,0.2967,-22.611,11.577,-0.55264,52.75
0.86257,-0.41012,-0.01224,0.29601,-22.691,11.671,-0.62724,52.8
0.86247,-0.41029,-0.012924,0.29603,-22.772,11.765,-0.70126,52.85
0.86224,-0.41103,-0.01362,0.29566,-22.847,11.862,-0.77567,52.9
0.86199,-0.41221,-0.013845,0.29472,-22.925,11.957,-0.85037,52.95
0.86189,-0.41283,-0.013919,0.29415,-22.999,12.052,-0.92389,53
0.8618,-0.41326,-0.014936,0.29375,-23.071,12.147,-0.99715,53.05
0.86169,-0.4139,-0.015587,0.29313,-23.141,12.243,-1.0705,53.1
0.8615,-0.41463,-0.015408,0.29269,-23.208,12.343,-1.1432,53.15
0.86129,-0.41521,-0.01578,0.29246,-23.275,12.44,-1.2162,53.2
0.86109,-0.41598,-0.016119,0.29194,-23.34,12.536,-1.2878,53.25
0.8609,-0.41672,-0.016916,0.29138,-23.403,12.633,-1.3604,53.3
0.86065,-0.41744,-0.016988,0.29109,-23.464,12.73,-1.4315,53.35
0.86086,-0.41751,-0.018252,0.2903,-23.521,12.831,-1.5034,53.4
0.86071,-0.41827,-0.017709,0.2897,-23.578,12.927,-1.5739,53.45
0.86035,-0.41954,-0.017855,0.2889,-23.633,13.025,-1.6448,53.5
0.86014,-0.42007,-0.019016,0.28869,-23.687,13.124,-1.7161,53.55
0.86021,-0.42035,-0.019263,0.28804,-23.739,13.222,-1.7864,53.6
0.8597,-0.42152,-0.019917,0.28782,-23.786,13.325,-1.8557,53.65
0.85988,-0.42164,-0.019791,0.28712,-23.834,13.423,-1.9247,53.7
0.85969,-0.42245,-0.020635,0.28643,-23.88,13.522,-1.9933,53.75
0.85921,-0.42338,-0.020351,0.28652,-23.923,13.621,-2.0616,53.8
0.85929,-0.42391,-0.021159,0.28543,-23.965,13.72,-2.1297,53.85
0.85897,-0.42452,-0.022382,0.28539,-24.003,13.823,-2.1968,53.9
0.85911,-0.42484,-0.022408,0.2845,-24.043,13.922,-2.264,53.95
0.85894,-0.42538,-0.022117,0.28422,-24.077,14.021,-2.3308,54
0.85866,-0.42645,-0.023013,0.28341,-24.111,14.121,-2.3957,54.05
0.85848,-0.427,-0.022942,0.28311,-24.144,14.221,-2.4607,54.1
0.85825,-0.42765,-0.022816,0.28283,-24.171,14.324,-2.5255,54.15
0.85825,-0.42807,-0.023319,0.28217,-24.198,14.425,-2.59,54.2
0.85761,-0.42937,-0.024409,0.28205,-24.223,14.525,-2.6526,54.25
0.8579,-0.42964,-0.025067,0.28071,-24.248,14.625,-2.7161,54.3
0.85797,-0.42995,-0.0251,0.28,-24.27,14.725,-2.7795,54.35
0.85735,-0.4309,-0.025116,0.28045,-24.289,14.829,-2.8409,54.4
0.85742,-0.43107,-0.025488,0.27993,-24.306,14.929,-2.9006,54.45
0.85676,-0.43265,-0.026705,0.2794,-24.323,15.029,-2.9613,54.5
0.85695,-0.43254,-0.026591,0.279,-24.337,15.13,-3.0201,54.55
0.85685,-0.43334,-0.027302,0.27798,-24.348,15.229,-3.08,54.6
0.85666,-0.43379,-0.026893,0.27791,-24.356,15.333,-3.139,54.65
0.85646,-0.43476,-0.027771,0.27693,-24.365,15.434,-3.1963,54.7
0.85591,-0.43578,-0.028706,0.27694,-24.371,15.535,-3.253,54.75
0.85598,-0.43608,-0.028775,0.27623,-24.375,15.635,-3.3094,54.8
0.8559,-0.43647,-0.028962,0.27585,-24.377,15.735,-3.364,54.85
0.85545,-0.43794,-0.029256,0.27489,-24.375,15.839,-3.4192,54.9
0.85561,-0.43757,-0.029848,0.2749,-24.372,15.939,-3.4727,54.95
0.85564,-0.43841,-0.029711,0.27347,-24.368,16.039,-3.5267,55
0.85548,-0.43906,-0.030322,0.27286,-24.362,16.138,-3.5799,55.05
0.85496,-0.4398,-0.03053,0.27329,-24.354,16.238,-3.6309,55.1
0.85497,-0.44024,-0.03139,0.27244,-24.341,16.341,-3.681,55.15
0.8546,-0.44107,-0.03186,0.27222,-24.33,16.441,-3.7319,55.2
0.85468,-0.44163,-0.032099,0.27102,-24.315,16.54,-3.7785,55.25
0.85447,-0.44229,-0.032153,0.27062,-24.3,16.639,-3.8265,55.3
0.85414,-0.44303,-0.032555,0.27037,-24.282,16.739,-3.8734,55.35
0.85407,-0.44338,-0.033576,0.26991,-24.261,16.842,-3.9207,55.4
0.85355,-0.44485,-0.033161,0.26919,-24.238,16.939,-3.9653,55.45
0.85383,-0.44482,-0.033553,0.26831,-24.214,17.038,-4.0106,55.5
0.8535,-0.44559,-0.033995,0.26803,-24.188,17.137,-4.0548,55.55
0.85312,-0.44634,-0.034441,0.26793,-24.16,17.236,-4.0982,55.6
0.85298,-0.44689,-0.034922,0.26738,-24.127,17.337,-4.1389,55.65
0.85298,-0.44723,-0.035403,0.26676,-24.095,17.435,-4.1788,55.7
0.85239,-0.44853,-0.035734,0.2664,-24.06,17.532,-4.219,55.75
0.85274,-0.44815,-0.036451,0.26581,-24.025,17.63,-4.2581,55.8
0.85253,-0.44901,-0.036484,0.26504,-23.988,17.727,-4.2956,55.85
0.85208,-0.4499,-0.03668,0.26496,-23.946,17.828,-4.3326,55.9
0.85177,-0.45116,-0.037456,0.2637,-23.904,17.924,-4.3697,55.95
0.85175,-0.45133,-0.037321,0.26349,-23.861,18.021,-4.4041,56
0.85151,-0.45183,-0.03847,0.26325,-23.815,18.116,-4.4385,56.05
0.85116,-0.45292,-0.038623,0.26249,-23.768,18.212,-4.4716,56.1
0.85119,-0.45303,-0.038961,0.26216,-23.716,18.311,-4.5027,56.15
0.85068,-0.45411,-0.039104,0.26192,-23.663,18.406,-4.5333,56.2
0.85073,-0.4544,-0.039759,0.26114,-23.609,18.501,-4.5631,56.25
0.85058,-0.45494,-0.040122,0.26064,-23.555,18.596,-4.5948,56.3
0.85055,-0.45547,-0.040283,0.25978,-23.499,18.69,-4.6221,56.35
0.85035,-0.45624,-0.041416,0.25891,-23.436,18.787,-4.6482,56.4
0.84996,-0.45683,-0.041239,0.25918,-23.375,18.881,-4.6743,56.45
0.84944,-0.45836,-0.041557,0.25814,-23.311,18.974,-4.6986,56.5
0.84956,-0.45871,-0.042014,0.25704,-23.245,19.066,-4.723,56.55
0.84925,-0.45901,-0.04327,0.25732,-23.18,19.159,-4.7451,56.6
0.84913,-0.45935,-0.043518,0.25708,-23.108,19.255,-4.7677,56.65
0.84837,-0.46088,-0.043624,0.25682,-23.038,19.347,-4.7868,56.7
0.84828,-0.46164,-0.044035,0.25569,-22.966,19.437,-4.8069,56.75
0.84874,-0.46108,-0.043697,0.25524,-22.892,19.527,-4.8249,56.8
0.84868,-0.46186,-0.045014,0.25376,-22.817,19.618,-4.8433,56.85
0.8485,-0.4623,-0.044638,0.25364,-22.735,19.71,-4.8597,56.9
0.84829,-0.4631,-0.044559,0.25288,-22.655,19.799,-4.8749,56.95
0.84829,-0.46332,-0.044922,0.25244,-22.574,19.888,-4.889,57
0.84796,-0.46424,-0.045439,0.25176,-22.49,19.976,-4.902,57.05
0.84789,-0.46471,-0.046219,0.25098,-22.405,20.064,-4.9139,57.1
0.84763,-0.46518,-0.046683,0.2509,-22.315,20.155,-4.9246,57.15
0.84749,-0.46577,-0.046945,0.25021,-22.226,20.241,-4.9342,57.2
0.84745,-0.46617,-0.047416,0.24952,-22.136,20.328,-4.9428,57.25
0.84729,-0.4667,-0.047848,0.24898,-22.043,20.414,-4.9502,57.3
0.84717,-0.46732,-0.048357,0.24815,-21.949,20.499,-4.9565,57.35
0.84688,-0.46814,-0.048907,0.24746,-21.85,20.588,-4.9615,57.4
0.84662,-0.46879,-0.049267,0.24709,-21.753,20.672,-4.9655,57.45
0.8464,-0.46959,-0.04987,0.24618,-21.654,20.756,-4.9684,57.5
0.84631,-0.47017,-0.049953,0.24538,-21.553,20.84,-4.9701,57.55
0.84595,-0.47109,-0.050503,0.24474,-21.45,20.923,-4.9707,57.6
0.84585,-0.47143,-0.050769,0.24437,-21.342,21.009,-4.9701,57.65
0.8458,-0.4719,-0.050982,0.24359,-21.236,21.091,-4.9685,57.7
0.84564,-0.47262,-0.051249,0.2427,-21.129,21.172,-4.9658,57.75
0.84542,-0.47312,-0.051818,0.24235,-21.019,21.253,-4.962,57.8
0.84518,-0.47382,-0.051915,0.24181,-20.908,21.333,-4.957,57.85
0.84503,-0.47444,-0.052338,0.24102,-20.793,21.416,-4.9507,57.9
0.84469,-0.47517,-0.05278,0.24069,-20.678,21.495,-4.9435,57.95
0.84434,-0.47593,-0.053387,0.24026,-20.563,21.574,-4.9352,58
0.84411,-0.47651,-0.053872,0.23982,-20.445,21.652,-4.9258,58.05
0.8439,-0.4771,-0.054525,0.23925,-20.326,21.729,-4.9153,58.1
0.84366,-0.47783,-0.054663,0.23858,-20.203,21.809,-4.9036,58.15
0.84342,-0.47849,-0.055149,0.23802,-20.081,21.885,-4.8909,58.2
0.84337,-0.47896,-0.055733,0.23712,-19.957,21.96,-4.8771,58.25
0.84326,-0.47956,-0.055802,0.23628,-19.832,22.035,-4.8623,58.3
0.84316,-0.48003,-0.056314,0.23556,-19.706,22.109,-4.8463,58.35
0.84292,-0.48069,-0.056213,0.23507,-19.574,22.186,-4.8291,58.4
0.84273,-0.48115,-0.056433,0.23479,-19.445,22.259,-4.811,58.45
0.84251,-0.4816,-0.056661,0.23459,-19.314,22.331,-4.7919,58.5
0.8422,-0.4822,-0.057241,0.23433,-19.181,22.403,-4.7716,58.55
0.84186,-0.48291,-0.058015,0.2339,-19.047,22.474,-4.7502,58.6
0.84161,-0.48361,-0.058373,0.23325,-18.909,22.547,-4.7274,58.65
0.84152,-0.48404,-0.058489,0.23265,-18.772,22.616,-4.704,58.7
0.84132,-0.48468,-0.05898,0.23194,-18.634,22.685,-4.6794,58.75
0.83969,-0.48667,-0.05877,0.23373,-18.476,22.727,-4.6414,58.8
0.83919,-0.48752,-0.059265,0.2336,-18.335,22.793,-4.6144,58.85
0.8394,-0.48742,-0.059875,0.23292,-18.188,22.861,-4.5864,58.9
0.83878,-0.48867,-0.060964,0.23222,-18.044,22.926,-4.557,58.95
0.83909,-0.48812,-0.061248,0.23219,-17.897,22.989,-4.5284,59
0.83875,-0.48971,-0.061022,0.23014,-17.749,23.051,-4.4974,59.05
0.8386,-0.48969,-0.062536,0.23031,-17.6,23.112,-4.4651,59.1
0.83818,-0.49035,-0.062031,0.23057,-17.446,23.177,-4.4307,59.15
0.83799,-0.49115,-0.061684,0.22963,-17.295,23.238,-4.398,59.2
0.8376,-0.49177,-0.062778,0.22945,-17.141,23.297,-4.3619,59.25
0.83778,-0.4917,-0.062911,0.2289,-16.988,23.356,-4.3256,59.3
0.8373,-0.49273,-0.063059,0.2284,-16.831,23.413,-4.2877,59.35
0.83671,-0.49361,-0.064601,0.22824,-16.672,23.473,-4.2483,59.4
0.83648,-0.49424,-0.064561,0.22773,-16.513,23.528,-4.2099,59.45
0.83657,-0.49445,-0.064762,0.2269,-16.354,23.585,-4.1713,59.5
0.83617,-0.49525,-0.064821,0.22661,-16.193,23.639,-4.1295,59.55
0.83591,-0.496,-0.065434,0.22573,-16.032,23.692,-4.0869,59.6
0.83561,-0.497,-0.065296,0.2247,-15.866,23.748,-4.0443,59.65
0.83554,-0.49733,-0.066187,0.22395,-15.702,23.799,-4.0013,59.7
0.83551,-0.49758,-0.06609,0.22354,-15.538,23.851,-3.9565,59.75
0.83481,-0.49833,-0.067192,0.22415,-15.371,23.901,-3.9114,59.8
0.83505,-0.49864,-0.0669,0.22264,-15.203,23.949,-3.8646,59.85
0.83435,-0.49974,-0.067396,0.22267,-15.031,24,-3.8156,59.9
0.8338,-0.50108,-0.068092,0.22148,-14.862,24.047,-3.7684,59.95
0.8344,-0.50039,-0.069114,0.22048,-14.692,24.094,-3.72,60
